utt_id	file_name	audio_path	test_transcript	vietasr_transcript	ref_from_recogs
10057024225045006889-0	10057024225045006889.wav	SSL/download/paper_benchmark/fleurs/audio/10057024225045006889.wav	văn hóa và bộ lạc cổ xưa đã bắt đầu giữ những con vật này để dễ lấy sữa tóc thịt và da	VĂN HÓA VÀ BỘ LẠC CỔ XƯA ĐÃ BẮT ĐẦU GIỮ NHỮNG CON VẬT NÀY ĐỂ DỄ LẤY SỮA TÓC THỊT VÀ DA	VĂN HÓA VÀ BỘ LẠC CỔ XƯA ĐÃ BẮT ĐẦU GIỮ NHỮNG CON VẬT NÀY ĐỂ DỄ LẤY SỮA TÓC THỊT VÀ DA
10188670312101823236-8	10188670312101823236.wav	SSL/download/paper_benchmark/fleurs/audio/10188670312101823236.wav	hồ sơ theo vụ rò rỉ sẽ nhắc tới xung đột biên giới điều palestine muốn dựa trên đường biên giới trước cuộc chiến tranh trung đông 1967	HỒ SƠ THEO VỤ RÒ RỈ SẼ NHẮC TỚI XUNG ĐỘT BIÊN GIỚI BA LE MUỐN DỰA TRÊN ĐƯỜNG BIÊN GIỚI TRƯỚC CUỘC CHIẾN TRANH TRUNG ĐÔNG MỘT NGÀN CHÍN TRĂM SÁU BẢY	HỒ SƠ THEO VỤ RÒ RỈ SẼ NHẮC TỚI XUNG ĐỘT BIÊN GIỚI ĐIỀU PALESTINE MUỐN DỰA TRÊN ĐƯỜNG BIÊN GIỚI TRƯỚC CUỘC CHIẾN TRANH TRUNG ĐÔNG 1967
10348723993292846786-16	10348723993292846786.wav	SSL/download/paper_benchmark/fleurs/audio/10348723993292846786.wav	ông gọi những tin đồn này là cuộc tán gẫu về chính trị và sự điên rồ	EM GỌI NHỮNG TIN ĐỒN NÀY LÀ CUỘC TÁN VỀ CHÍNH TRỊ VÀ SỰ ĐIÊN RỒ	ÔNG GỌI NHỮNG TIN ĐỒN NÀY LÀ CUỘC TÁN GẪU VỀ CHÍNH TRỊ VÀ SỰ ĐIÊN RỒ
10531082783264670622-24	10531082783264670622.wav	SSL/download/paper_benchmark/fleurs/audio/10531082783264670622.wav	sốc tái hòa nhập xảy ra sớm hơn so với sốc văn hóa ít giai đoạn trăng mật hơn lâu hơn và có thể còn nghiêm trọng hơn	SỐC TÁI HÒA NHẬP XẢY RA SỚM HƠN SO VỚI SỐC VĂN HÓA ÍT GIAI ĐOẠN TRĂNG MẬT HƠN LÂU HƠN VÀ CÓ THỂ CÒN NGHIÊM TRỌNG HƠN	SỐC TÁI HÒA NHẬP XẢY RA SỚM HƠN SO VỚI SỐC VĂN HÓA ÍT GIAI ĐOẠN TRĂNG MẬT HƠN LÂU HƠN VÀ CÓ THỂ CÒN NGHIÊM TRỌNG HƠN
10749275134331213732-32	10749275134331213732.wav	SSL/download/paper_benchmark/fleurs/audio/10749275134331213732.wav	dịch vụ này thường được sử dụng bởi tàu thuyền gồm cả tàu du lịch cũng như các đoàn thám hiểm có nhu cầu trao đổi dữ liệu và giọng nói từ xa	DỊCH VỤ NÀY THƯỜNG ĐƯỢC SỬ DỤNG BỞI TÀU THUYỀN GỒM CẢ TÀU CŨNG NHƯ CÁC ĐOÀN THÁM HIỂM CÓ NHU CẦU TRAO ĐỔI DỮ LIỆU VÀ GIỌNG NÓI TỪ XA	DỊCH VỤ NÀY THƯỜNG ĐƯỢC SỬ DỤNG BỞI TÀU THUYỀN GỒM CẢ TÀU DU LỊCH CŨNG NHƯ CÁC ĐOÀN THÁM HIỂM CÓ NHU CẦU TRAO ĐỔI DỮ LIỆU VÀ GIỌNG NÓI TỪ XA
10828838602453417649-40	10828838602453417649.wav	SSL/download/paper_benchmark/fleurs/audio/10828838602453417649.wav	ngày nay những loại côn trung không thể gập cánh lại chỉ có chuồn chuồn và những con phù du	NGÀY NAY NHỮNG LOẠI CÔN TRÙNG KHÔNG THỂ GẶT CÁNH LẠI CHỈ CÓ CHUỒNG CHUỒNG VÀ NHỮNG CON PHÙ DU	NGÀY NAY NHỮNG LOẠI CÔN TRUNG KHÔNG THỂ GẬP CÁNH LẠI CHỈ CÓ CHUỒN CHUỒN VÀ NHỮNG CON PHÙ DU
11052182461166299983-48	11052182461166299983.wav	SSL/download/paper_benchmark/fleurs/audio/11052182461166299983.wav	bến cảng này là nơi xảy ra một trận đình chiến hải quân khét tiếng vào năm 1889 khi bảy tàu từ đức hoa kỳ và anh từ chối rời bến cảng	BẾN CẢNG NÀY LÀ NƠI XẢY RA MỘT TRẬN ĐÌNH CHIẾN HẢI QUÂN KHÁC TIẾN VÀO NĂM MỘT NGÀN TÁM TRĂM TÁM MƯƠI CHÍN KHI BẢY TÀU TỪ ĐỨC HOA KỲ VÀ ANH TỪ CHỐI RỜI	BẾN CẢNG NÀY LÀ NƠI XẢY RA MỘT TRẬN ĐÌNH CHIẾN HẢI QUÂN KHÉT TIẾNG VÀO NĂM 1889 KHI BẢY TÀU TỪ ĐỨC HOA KỲ VÀ ANH TỪ CHỐI RỜI BẾN CẢNG
11163757285628566794-56	11163757285628566794.wav	SSL/download/paper_benchmark/fleurs/audio/11163757285628566794.wav	sáng hôm qua một quả bom cài trong xe hơi đã phát nổ tại trụ sở cảnh sát ở gaziantep thổ nhĩ kỳ làm hai cảnh sát viên thiệt mạng và hơn hai mươi người khác bị thương	SÁNG HÔM QUA MỘT QUẢ BOM CÀI TRONG XE HƠI ĐÃ PHÁT NỔ TẠI TRỤ SỞ CẢNH SÁT Ở GAINT THỔ NHĨ KỲ LÀM HAI CẢNH SÁT VIÊN THIỆT MẠNG VÀ HƠN HAI MƯƠI NGƯỜI KHÁC BỊ THƯƠNG	SÁNG HÔM QUA MỘT QUẢ BOM CÀI TRONG XE HƠI ĐÃ PHÁT NỔ TẠI TRỤ SỞ CẢNH SÁT Ở GAZIANTEP THỔ NHĨ KỲ LÀM HAI CẢNH SÁT VIÊN THIỆT MẠNG VÀ HƠN HAI MƯƠI NGƯỜI KHÁC BỊ THƯƠNG
11315518524428693646-64	11315518524428693646.wav	SSL/download/paper_benchmark/fleurs/audio/11315518524428693646.wav	cơ quan năng lượng hạt nhân nhật bản thông báo đã phát hiện chất xê-zi và i-ốt phóng xạ tại nhà máy này	CƠ QUAN NĂNG LƯỢNG HẠT NHÂN NHẬT BẢN THÔNG BÁO ĐÃ PHÁT HIỆN CHẤT C VÀ IOD PHÓNG XẠ TẠI NHÀ MÁY NÀY	CƠ QUAN NĂNG LƯỢNG HẠT NHÂN NHẬT BẢN THÔNG BÁO ĐÃ PHÁT HIỆN CHẤT XÊ ZI VÀ I ỐT PHÓNG XẠ TẠI NHÀ MÁY NÀY
11456470895740119515-72	11456470895740119515.wav	SSL/download/paper_benchmark/fleurs/audio/11456470895740119515.wav	sốc tái hòa nhập xảy ra sớm hơn so với sốc văn hóa ít giai đoạn trăng mật hơn lâu hơn và có thể còn nghiêm trọng hơn	SỐC TÁI HÒA NHẬP XẢY RA SỚM HƠN SO VỚI SỐC VĂN HÓA ÍT GIAI ĐOẠN TRĂNG MẬT HƠN LÂU HƠN VÀ CÓ THỂ CÒN NGHIÊM TRỌNG HƠN	SỐC TÁI HÒA NHẬP XẢY RA SỚM HƠN SO VỚI SỐC VĂN HÓA ÍT GIAI ĐOẠN TRĂNG MẬT HƠN LÂU HƠN VÀ CÓ THỂ CÒN NGHIÊM TRỌNG HƠN
11602421017918396519-80	11602421017918396519.wav	SSL/download/paper_benchmark/fleurs/audio/11602421017918396519.wav	tìm kiếm khóa học về môi trường thù địch trên internet có thể sẽ cung cấp cho bạn địa chỉ của một công ty địa phương	TÌM KIẾM KHÓA HỌC VỀ MÔI TRƯỜNG TRÊN INTERNET CÓ THỂ SẼ CUNG CẤP CHO BẠN ĐỊA CHỈ CỦA MỘT CÔNG TY ĐỊA PHƯƠNG	TÌM KIẾM KHÓA HỌC VỀ MÔI TRƯỜNG THÙ ĐỊCH TRÊN INTERNET CÓ THỂ SẼ CUNG CẤP CHO BẠN ĐỊA CHỈ CỦA MỘT CÔNG TY ĐỊA PHƯƠNG
11761453195300776652-88	11761453195300776652.wav	SSL/download/paper_benchmark/fleurs/audio/11761453195300776652.wav	trong suốt thời kỳ này của lịch sử châu âu nhà thờ công giáo lúc này đã trở nên giàu có và quyền lực bắt đầu chịu sự soi xét	TRONG SUỐT THỜI KỲ NÀY CỦA LỊCH SỬ CHÂU ÂU NHÀ THỜ CÔNG GIÁO LÚC NÀY ĐÃ TRỞ NÊN GIÀU CÓ VÀ QUYỀN LỰC BẮT ĐẦU CHỊU SỰ SOI SÉT	TRONG SUỐT THỜI KỲ NÀY CỦA LỊCH SỬ CHÂU ÂU NHÀ THỜ CÔNG GIÁO LÚC NÀY ĐÃ TRỞ NÊN GIÀU CÓ VÀ QUYỀN LỰC BẮT ĐẦU CHỊU SỰ SOI XÉT
11967436547438172966-96	11967436547438172966.wav	SSL/download/paper_benchmark/fleurs/audio/11967436547438172966.wav	nó mang đến cho chúng ta xe lửa xe hơi và nhiều phương tiện di chuyển khác	NÓ MANG ĐẾN CHO CHÚNG TA XE LỬA XE HƠI VÀ NHIỀU PHƯƠNG TIỆN DI CHUYỂN KHÁC	NÓ MANG ĐẾN CHO CHÚNG TA XE LỬA XE HƠI VÀ NHIỀU PHƯƠNG TIỆN DI CHUYỂN KHÁC
12103061109919769542-104	12103061109919769542.wav	SSL/download/paper_benchmark/fleurs/audio/12103061109919769542.wav	ông được phó thủ tướng singapore wong kan seng tiếp đón và thảo luận về các vấn đề thương mại và khủng bố với thủ tướng singapore lý hiển long	ÔNG ĐƯỢC PHÓ THỦ TƯỚNG SINGAPORE TIẾP ĐÓN VÀ THẢO LUẬN VỀ CÁC VẤN ĐỀ THƯƠNG MẠI VÀ KHỦNG BỐ ĐỐI VỚI THỦ TƯỚNG LÝ HIỂN LONG	ÔNG ĐƯỢC PHÓ THỦ TƯỚNG SINGAPORE WONG KAN SENG TIẾP ĐÓN VÀ THẢO LUẬN VỀ CÁC VẤN ĐỀ THƯƠNG MẠI VÀ KHỦNG BỐ VỚI THỦ TƯỚNG SINGAPORE LÝ HIỂN LONG
12262692004800396294-112	12262692004800396294.wav	SSL/download/paper_benchmark/fleurs/audio/12262692004800396294.wav	tuy nhiên sau khi thua gôn của đội trưởng ấn độ chỉ thực hiện được 36 lần chạy và thua 7 gôn trước khi kết thúc hiệp thi đấu	TUY NHIÊN SAU KHI THUA GOL CỦA ĐỘI TRƯỞNG ẤN ĐỘ CHỈ THỰC HIỆN ĐƯỢC BA MƯƠI SÁU LẦN CHẠY VÀ THUA BẢY GOL TRƯỚC KHI KẾT THÚC HIỆP THI ĐẤU	TUY NHIÊN SAU KHI THUA GÔN CỦA ĐỘI TRƯỞNG ẤN ĐỘ CHỈ THỰC HIỆN ĐƯỢC 36 LẦN CHẠY VÀ THUA 7 GÔN TRƯỚC KHI KẾT THÚC HIỆP THI ĐẤU
12404143284031174702-120	12404143284031174702.wav	SSL/download/paper_benchmark/fleurs/audio/12404143284031174702.wav	khi tất cả các nguồn lực hiện có được sử dụng một cách hiệu quả ở khắp các phòng ban có chức năng của một tổ chức khả năng sáng tạo và sự khôn khéo có thể được phát huy	KHI TẤT CẢ CÁC NGUỒN LỰC HIỆN CÓ ĐƯỢC SỬ DỤNG MỘT CÁCH HIỆU QUẢ Ở KHẮP CÁC PHÒNG BAN CÓ CHỨC NĂNG CỦA MỘT TỔ CHỨC KHẢ NĂNG SÁNG TẠO VÀ SỰ KHÔN KHÉO CÓ THỂ ĐƯỢC PHÁT HUY	KHI TẤT CẢ CÁC NGUỒN LỰC HIỆN CÓ ĐƯỢC SỬ DỤNG MỘT CÁCH HIỆU QUẢ Ở KHẮP CÁC PHÒNG BAN CÓ CHỨC NĂNG CỦA MỘT TỔ CHỨC KHẢ NĂNG SÁNG TẠO VÀ SỰ KHÔN KHÉO CÓ THỂ ĐƯỢC PHÁT HUY
12509607716263541086-128	12509607716263541086.wav	SSL/download/paper_benchmark/fleurs/audio/12509607716263541086.wav	cây cối đẹp nhất là khi ở trong môi trường thiên nhiên vì vậy hãy cố cưỡng lại sự cám dỗ của việc loại bỏ cho dù chỉ một loài nào đó	CÂY CỐI ĐẸP NHẤT LÀ KHI Ở TRONG MÔI TRƯỜNG THIÊN NHIÊN VÌ VẬY HÃY CỐ CƯỠNG LẠI SỰ CÁM DỖ CỦA VIỆC LOẠI BỎ CHO DÙ CHỈ MỘT LOÀI NÀO ĐÓ	CÂY CỐI ĐẸP NHẤT LÀ KHI Ở TRONG MÔI TRƯỜNG THIÊN NHIÊN VÌ VẬY HÃY CỐ CƯỠNG LẠI SỰ CÁM DỖ CỦA VIỆC LOẠI BỎ CHO DÙ CHỈ MỘT LOÀI NÀO ĐÓ
12625545023967880866-136	12625545023967880866.wav	SSL/download/paper_benchmark/fleurs/audio/12625545023967880866.wav	casablanca là một trong những nơi ít thú vị nhất để mua sắm trên khắp ma-rốc	KASANK LÀ MỘT TRONG NHỮNG NƠI ÍT THÚ VỊ NHẤT ĐỂ MUA SẮM TRÊN KHẮP MA RỐC	CASABLANCA LÀ MỘT TRONG NHỮNG NƠI ÍT THÚ VỊ NHẤT ĐỂ MUA SẮM TRÊN KHẮP MA RỐC
12868310947310595778-144	12868310947310595778.wav	SSL/download/paper_benchmark/fleurs/audio/12868310947310595778.wav	khách du lịch đến các nước tính thuế cao đôi khi có thể tiết kiệm được số tiền đáng kể đặc biệt là với những sản phẩm như đồ uống có cồn và thuốc lá	KHÁCH DU LỊCH ĐẾN CÁC NƯỚC TÍNH THUẾ CAO ĐÔI KHI CÓ THỂ TIẾT KIỆM ĐƯỢC SỐ TIỀN ĐÁNG KỂ ĐẶC BIỆT LÀ VỚI NHỮNG SẢN PHẨM NHƯ ĐỒ UỐNG CÓ CỒN VÀ THUỐC LÁ	KHÁCH DU LỊCH ĐẾN CÁC NƯỚC TÍNH THUẾ CAO ĐÔI KHI CÓ THỂ TIẾT KIỆM ĐƯỢC SỐ TIỀN ĐÁNG KỂ ĐẶC BIỆT LÀ VỚI NHỮNG SẢN PHẨM NHƯ ĐỒ UỐNG CÓ CỒN VÀ THUỐC LÁ
13028628599030108078-152	13028628599030108078.wav	SSL/download/paper_benchmark/fleurs/audio/13028628599030108078.wav	chúng hầu hết đều là bãi biển cát an toàn cho việc bơi lội và hầu hết có bóng mát từ các cây pohutukawa	CHÚNG HẦU HẾT ĐỀU LÀ BÃI BIỂN CÁT AN TOÀN CHO VIỆC BƠI LỘI VÀ HẦU HẾT CÓ BÓNG MÁT TỪ CÁC CÂY BOOKA	CHÚNG HẦU HẾT ĐỀU LÀ BÃI BIỂN CÁT AN TOÀN CHO VIỆC BƠI LỘI VÀ HẦU HẾT CÓ BÓNG MÁT TỪ CÁC CÂY POHUTUKAWA
13156723829737137611-160	13156723829737137611.wav	SSL/download/paper_benchmark/fleurs/audio/13156723829737137611.wav	ông ta sau đó được chuyển đến bệnh viện addenbrooke ở cambridge	ÔNG TA SAU ĐÓ ĐƯỢC CHUYỂN ĐẾN BỆNH VIỆN ADENKI Ở CAM RAI	ÔNG TA SAU ĐÓ ĐƯỢC CHUYỂN ĐẾN BỆNH VIỆN ADDENBROOKE Ở CAMBRIDGE
13373874712720017612-168	13373874712720017612.wav	SSL/download/paper_benchmark/fleurs/audio/13373874712720017612.wav	chia sẻ chuyến đi dã ngoại qua hình thức trực tuyến cũng là một cách tuyệt vời để chiêm nghiệm lại chuyến đi và chia sẻ kinh nghiệm với những khóa học sinh sau	CHIA SẺ CHUYẾN ĐI DÃ NGOẠI QUA HÌNH THỨC TRỰC TUYẾN CŨNG LÀ MỘT CÁCH TUYỆT VỜI ĐỂ CHIM NGHIỆM LẠI CHUYẾN ĐI VÀ CHIA SẺ KINH NGHIỆM VỚI NHỮNG KHÓA HỌC SINH SAU	CHIA SẺ CHUYẾN ĐI DÃ NGOẠI QUA HÌNH THỨC TRỰC TUYẾN CŨNG LÀ MỘT CÁCH TUYỆT VỜI ĐỂ CHIÊM NGHIỆM LẠI CHUYẾN ĐI VÀ CHIA SẺ KINH NGHIỆM VỚI NHỮNG KHÓA HỌC SINH SAU
13530171061020944210-176	13530171061020944210.wav	SSL/download/paper_benchmark/fleurs/audio/13530171061020944210.wav	thượng nghị sĩ và đệ nhất phu nhân argentina cristina fernandez de kirchner đương nhiệm đã tuyên bố ứng cử tổng thống vào tối hôm qua tại la plata một thành phố cách buenos aires 50 kilomet 31 dặm	THƯỢNG NGHỊ SĨ VÀ ĐỆ NHẤT PHU NHÂN ÁC HEN TINA CRISNA FERNANDERICEL ĐƯƠNG NHIỆM ĐÃ TUYÊN BỐ ỨNG CỬ TỔNG THỐNG VÀO TỐI HÔM QUA TẠI LATA MỘT THÀNH PHỐ CÁCH BELO NĂM MƯƠI KI LÔ MÉT BA MƯƠI MỐT DẶM	THƯỢNG NGHỊ SĨ VÀ ĐỆ NHẤT PHU NHÂN ARGENTINA CRISTINA FERNANDEZ DE KIRCHNER ĐƯƠNG NHIỆM ĐÃ TUYÊN BỐ ỨNG CỬ TỔNG THỐNG VÀO TỐI HÔM QUA TẠI LA PLATA MỘT THÀNH PHỐ CÁCH BUENOS AIRES 50 KILOMET 31 DẶM
13695736044714235367-184	13695736044714235367.wav	SSL/download/paper_benchmark/fleurs/audio/13695736044714235367.wav	ông ấy đã không đưa ra con số cắt giảm mà nói rằng việc đó sẽ được thực hiện dựa vào kết quả của nền kinh tế trung quốc	ÔNG ẤY ĐÃ KHÔNG ĐƯA CON SỐ CẮT GIẢM MÀ NÓI RẰNG VIỆC ĐÓ SẼ ĐƯỢC THỰC HIỆN DỰA VÀO KẾT QUẢ CỦA NỀN KINH TẾ TRUNG QUỐC	ÔNG ẤY ĐÃ KHÔNG ĐƯA RA CON SỐ CẮT GIẢM MÀ NÓI RẰNG VIỆC ĐÓ SẼ ĐƯỢC THỰC HIỆN DỰA VÀO KẾT QUẢ CỦA NỀN KINH TẾ TRUNG QUỐC
13884391343743752501-192	13884391343743752501.wav	SSL/download/paper_benchmark/fleurs/audio/13884391343743752501.wav	rolando mendoza đã bắn vào các du khách bằng khẩu súng trường m16 của hắn	GOLANDO MEN ĐÃ BẮN VÀO CÁC DU KHÁCH BẰNG KHẨU SÚNG TRƯỜNG MƯỜI SÁU CỦA HẮN	ROLANDO MENDOZA ĐÃ BẮN VÀO CÁC DU KHÁCH BẰNG KHẨU SÚNG TRƯỜNG M16 CỦA HẮN
14038847191748928733-200	14038847191748928733.wav	SSL/download/paper_benchmark/fleurs/audio/14038847191748928733.wav	ông ấy đã không đưa ra con số cắt giảm mà nói rằng việc đó sẽ được thực hiện dựa vào kết quả của nền kinh tế trung quốc	ÔNG ẤY ĐÃ KHÔNG ĐƯA RA CON SỐ CẮT GIẢM MÀ NÓI RẰNG VIỆC ĐÓ SẼ ĐƯỢC THỰC HIỆN DỰA VÀO KẾT QUẢ CỦA NỀN KINH TẾ TRUNG QUỐC	ÔNG ẤY ĐÃ KHÔNG ĐƯA RA CON SỐ CẮT GIẢM MÀ NÓI RẰNG VIỆC ĐÓ SẼ ĐƯỢC THỰC HIỆN DỰA VÀO KẾT QUẢ CỦA NỀN KINH TẾ TRUNG QUỐC
14182230943273038313-208	14182230943273038313.wav	SSL/download/paper_benchmark/fleurs/audio/14182230943273038313.wav	máy tính asus eee được ra mắt trên toàn thế giới trước đó với các yếu tố tiết kiệm chi phí và tính năng trở thành chủ đề nóng trong năm 2007 tại tháng cntt đài bắc	MÁY TÍNH AST I ĐƯỢC RA MẮT TRÊN TOÀN THẾ GIỚI TRƯỚC ĐÓ VỚI CÁC YẾU TỐ TIẾT KIỆM CHI PHÍ VÀ TÍNH NĂNG TRỞ THÀNH CHỦ ĐỀ NÓNG TRONG NĂM HAI KHÔNG KHÔNG BẢY TẠI THÁNG CÔNG NGHỆ THÔNG TIN ĐÀI BẮC	MÁY TÍNH ASUS EEE ĐƯỢC RA MẮT TRÊN TOÀN THẾ GIỚI TRƯỚC ĐÓ VỚI CÁC YẾU TỐ TIẾT KIỆM CHI PHÍ VÀ TÍNH NĂNG TRỞ THÀNH CHỦ ĐỀ NÓNG TRONG NĂM 2007 TẠI THÁNG CNTT ĐÀI BẮC
14364587039726971001-216	14364587039726971001.wav	SSL/download/paper_benchmark/fleurs/audio/14364587039726971001.wav	thời gian di chuyển của tàu saint petersburg bao gồm cả thời gian trong thành phố. hành khách trên tàu được miễn thị thực kiểm tra các điều khoản	THỜI GIAN DI CHUYỂN CỦA TÀU SANKT PEPUR BAO GỒM CẢ THỜI GIAN TRONG THÀNH PHỐ HÀNH KHÁCH TRÊN TÀU ĐƯỢC MIỄN THỊ THỰC KIỂM TRA CÁC ĐIỀU KHOẢN	THỜI GIAN DI CHUYỂN CỦA TÀU SAINT PETERSBURG BAO GỒM CẢ THỜI GIAN TRONG THÀNH PHỐ HÀNH KHÁCH TRÊN TÀU ĐƯỢC MIỄN THỊ THỰC KIỂM TRA CÁC ĐIỀU KHOẢN
14534846731416444166-224	14534846731416444166.wav	SSL/download/paper_benchmark/fleurs/audio/14534846731416444166.wav	khách du lịch đến các nước tính thuế cao đôi khi có thể tiết kiệm được số tiền đáng kể đặc biệt là với những sản phẩm như đồ uống có cồn và thuốc lá	KHÁCH DU LỊCH ĐẾN CÁC NƯỚC TÍNH THUẾ CAO ĐÔI KHI CÓ THỂ TIẾT KIỆM ĐƯỢC SỐ TIỀN ĐÁNG KỂ ĐẶC BIỆT LÀ VỚI NHỮNG SẢN PHẨM NHƯ ĐỒ UỐNG CÓ CỒN VÀ THUỐC LÁ	KHÁCH DU LỊCH ĐẾN CÁC NƯỚC TÍNH THUẾ CAO ĐÔI KHI CÓ THỂ TIẾT KIỆM ĐƯỢC SỐ TIỀN ĐÁNG KỂ ĐẶC BIỆT LÀ VỚI NHỮNG SẢN PHẨM NHƯ ĐỒ UỐNG CÓ CỒN VÀ THUỐC LÁ
14619898958407725934-232	14619898958407725934.wav	SSL/download/paper_benchmark/fleurs/audio/14619898958407725934.wav	trong hai năm kết thúc cuộc chiến các đồng minh trước kia lại là kẻ thù và chiến tranh lạnh bắt đầu	TRONG HAI NĂM KẾT THÚC CUỘC CHIẾN CÁC ĐỒNG MINH TRƯỚC KIA LẠI LÀ KẺ THÙ VÀ CHIẾN TRANH LẠNH BẮT ĐẦU	TRONG HAI NĂM KẾT THÚC CUỘC CHIẾN CÁC ĐỒNG MINH TRƯỚC KIA LẠI LÀ KẺ THÙ VÀ CHIẾN TRANH LẠNH BẮT ĐẦU
14767792027778363062-240	14767792027778363062.wav	SSL/download/paper_benchmark/fleurs/audio/14767792027778363062.wav	có thể có nhiều lưu vực ảnh hưởng trên sườn kế cận bởi vì tầng vỏ mỏng hơn dung nham dễ trồi lên khỏi bề mặt hơn	CÓ THỂ CÓ NHIỀU LƯU VỰC ẢNH HƯỞNG TRÊN SƯỜN KẾ BỞI VÌ TẦNG VỎNG HƠN DUNG NHAM DỄ TRỒI LÊN KHỎI BỀ MẶT HƠN	CÓ THỂ CÓ NHIỀU LƯU VỰC ẢNH HƯỞNG TRÊN SƯỜN KẾ CẬN BỞI VÌ TẦNG VỎ MỎNG HƠN DUNG NHAM DỄ TRỒI LÊN KHỎI BỀ MẶT HƠN
14996106223010770290-248	14996106223010770290.wav	SSL/download/paper_benchmark/fleurs/audio/14996106223010770290.wav	tất nhiên truyền thống này được lý giải theo thần học kitô giáo tuy nhiên đây cũng có thể là một nghi lễ mùa xuân tiền kitô giáo và phồn thực	TẤT NHIÊN TRUYỀN THỐNG NÀY ĐƯỢC LÝ GIẢI THEO THẦN HỌC KI TÔ GIÁO TUY NHIÊN ĐÂY CŨNG CÓ THỂ LÀ MỘT NGHI LỄ MÙA XUÂN TIỀN KI TÔ GIÁO VÀ PHỒN THỰC	TẤT NHIÊN TRUYỀN THỐNG NÀY ĐƯỢC LÝ GIẢI THEO THẦN HỌC KITÔ GIÁO TUY NHIÊN ĐÂY CŨNG CÓ THỂ LÀ MỘT NGHI LỄ MÙA XUÂN TIỀN KITÔ GIÁO VÀ PHỒN THỰC
15083026526454998988-256	15083026526454998988.wav	SSL/download/paper_benchmark/fleurs/audio/15083026526454998988.wav	khi sự hiểu biết về hy lạp suy tàn phương tây nhận thấy mình bị cắt đứt khỏi nguồn gốc triết học và khoa học hy lạp	KHI SỰ HIỂU BIẾT VỀ HY LẠP SUYN PHƯƠNG TÂY NHẬN THẤY MÌNH BỊ CẮT ĐỨT KHỎI NGUỒN GỐC TRIẾT HỌC VÀ KHOA HỌC HY LẠP	KHI SỰ HIỂU BIẾT VỀ HY LẠP SUY TÀN PHƯƠNG TÂY NHẬN THẤY MÌNH BỊ CẮT ĐỨT KHỎI NGUỒN GỐC TRIẾT HỌC VÀ KHOA HỌC HY LẠP
15239878905975541602-264	15239878905975541602.wav	SSL/download/paper_benchmark/fleurs/audio/15239878905975541602.wav	việc này cho phép người chơi điều khiển hành động và di chuyển trong trò chơi video bằng việc di chuyển thiết bị trong không trung	VIỆC NÀY CHO PHÉP NGƯỜI CHƠI ĐIỀU KHIỂN HÀNH ĐỘNG VÀ DI CHUYỂN TRONG TRÒ CHƠI VIDEO BẰNG VIỆC DI CHUYỂN THIẾT BỊ TRONG KHÔNG CHUNG	VIỆC NÀY CHO PHÉP NGƯỜI CHƠI ĐIỀU KHIỂN HÀNH ĐỘNG VÀ DI CHUYỂN TRONG TRÒ CHƠI VIDEO BẰNG VIỆC DI CHUYỂN THIẾT BỊ TRONG KHÔNG TRUNG
15351352610032029582-272	15351352610032029582.wav	SSL/download/paper_benchmark/fleurs/audio/15351352610032029582.wav	trước khi quân đội có mặt haiti không gặp phải các vấn đề liên quan đến bệnh này từ những năm 1800	TRƯỚC KHI QUÂN ĐỘI CÓ MẶT HI TI KHÔNG GẶP PHẢI CÁC VẤN ĐỀ LIÊN QUAN ĐẾN BỆNH NÀY TỪ NHỮNG NĂM MỘT TÁM TRĂM	TRƯỚC KHI QUÂN ĐỘI CÓ MẶT HAITI KHÔNG GẶP PHẢI CÁC VẤN ĐỀ LIÊN QUAN ĐẾN BỆNH NÀY TỪ NHỮNG NĂM 1800
15460849322067838637-280	15460849322067838637.wav	SSL/download/paper_benchmark/fleurs/audio/15460849322067838637.wav	tiếng gầm của cọp không giống tiếng gầm rống của sư tử mà giống như một chuỗi những tiếng gầm gừ trong cổ họng	TIẾNG GẦM CỦA CỌP KHÔNG GIỐNG TIẾNG GẦM GỐNG CỦA SƯ TỬ MÀ GIỐNG NHƯ MỘT CHUỖI NHỮNG TIẾNG GẦM GỪ TRONG CỔ HỌNG	TIẾNG GẦM CỦA CỌP KHÔNG GIỐNG TIẾNG GẦM RỐNG CỦA SƯ TỬ MÀ GIỐNG NHƯ MỘT CHUỖI NHỮNG TIẾNG GẦM GỪ TRONG CỔ HỌNG
15566506387261977871-288	15566506387261977871.wav	SSL/download/paper_benchmark/fleurs/audio/15566506387261977871.wav	nhưng ở nơi nằm trong vùng siêu nhiệt đới” chỉ cách đường xích đạo vài độ về phía bắc bạn sẽ cần phải vượt qua cả sự nóng bức luôn luôn lẫn ánh nắng gay gắt khi trời trong cũng rất thường xuyên	NHƯNG Ở NƠI NẰM TRONG VÙNG SIÊU NHIỆT ĐỚI CHỈ CÁCH ĐƯỜNG XÍCH ĐẠO VÀI ĐỘ VỀ PHÍA BẮC BẠN SẼ CẦN PHẢI VƯỢT QUA CẢ SỰ NÓNG BỨC LẪN ÁNH NẮNG GAY GẮT KHI TRỜI TRONG CŨNG RẤT THƯỜNG XUYÊN	NHƯNG Ở NƠI NẰM TRONG VÙNG SIÊU NHIỆT ĐỚI” CHỈ CÁCH ĐƯỜNG XÍCH ĐẠO VÀI ĐỘ VỀ PHÍA BẮC BẠN SẼ CẦN PHẢI VƯỢT QUA CẢ SỰ NÓNG BỨC LUÔN LUÔN LẪN ÁNH NẮNG GAY GẮT KHI TRỜI TRONG CŨNG RẤT THƯỜNG XUYÊN
15646915982754087407-296	15646915982754087407.wav	SSL/download/paper_benchmark/fleurs/audio/15646915982754087407.wav	ông gọi những tin đồn này là cuộc tán gẫu về chính trị và sự điên rồ	ÔNG GỌI NHỮNG TIN ĐỒN NÀY LÀ CUỘC TÁN VỀ CHÍNH TRỊ VÀ SỰ ĐIÊN RỒ	ÔNG GỌI NHỮNG TIN ĐỒN NÀY LÀ CUỘC TÁN GẪU VỀ CHÍNH TRỊ VÀ SỰ ĐIÊN RỒ
15794477434683878644-304	15794477434683878644.wav	SSL/download/paper_benchmark/fleurs/audio/15794477434683878644.wav	can thiệp giấc ngủ là quá trình cố tình đánh thức một người trong thời gian ngủ bình thường của người đó và ngủ lại một lát sau đó 10-60 phút	CAN THIỆP GIẤC NGỦ LÀ QUÁ TRÌNH CỐ TÌNH ĐÁNH THỨC MỘT NGƯỜI TRONG THỜI GIAN NGỦ BÌNH THƯỜNG CỦA NGƯỜI ĐÓ VÀ NGỦ LẠI MỘT LÁT SAU ĐÓ MƯỜI ĐẾN SÁU MƯƠI PHÚT	CAN THIỆP GIẤC NGỦ LÀ QUÁ TRÌNH CỐ TÌNH ĐÁNH THỨC MỘT NGƯỜI TRONG THỜI GIAN NGỦ BÌNH THƯỜNG CỦA NGƯỜI ĐÓ VÀ NGỦ LẠI MỘT LÁT SAU ĐÓ 10 60 PHÚT
15992613865919251881-312	15992613865919251881.wav	SSL/download/paper_benchmark/fleurs/audio/15992613865919251881.wav	bishkek được một người quan sát giải thích là rơi vào tình trạng vô chính phủ khi các băng nhóm tràn ra đường và cướp phá các cửa hàng nhu yếu phẩm	BIT KẸP ĐƯỢC MỘT NGƯỜI QUAN SÁT GIẢI THÍCH LÀ RƠI VÀO TÌNH TRẠNG VÔ CHÍNH PHỦ KHI CÁC BĂNG NHÓM TRÀN RA ĐƯỜNG VÀ CƯỚP PHÁ CÁC CỬA HÀNG NHU YẾU PHẨM	BISHKEK ĐƯỢC MỘT NGƯỜI QUAN SÁT GIẢI THÍCH LÀ RƠI VÀO TÌNH TRẠNG VÔ CHÍNH PHỦ KHI CÁC BĂNG NHÓM TRÀN RA ĐƯỜNG VÀ CƯỚP PHÁ CÁC CỬA HÀNG NHU YẾU PHẨM
16111659720931538258-320	16111659720931538258.wav	SSL/download/paper_benchmark/fleurs/audio/16111659720931538258.wav	có người sẽ biến thành một người hoàn toàn khác và cảm thấy họ phải thay đổi mọi thứ mà cả nhóm đang làm và tự mình thực hiện	CÓ NGƯỜI SẼ BIẾN THÀNH MỘT NGƯỜI HOÀN TOÀN KHÁC VÀ CẢM THẤY HỌ PHẢI THAY ĐỔI MỌI THỨ MÀ CẢ NHÓM ĐANG LÀM VÀ TỰ MÌNH THỰC HIỆN	CÓ NGƯỜI SẼ BIẾN THÀNH MỘT NGƯỜI HOÀN TOÀN KHÁC VÀ CẢM THẤY HỌ PHẢI THAY ĐỔI MỌI THỨ MÀ CẢ NHÓM ĐANG LÀM VÀ TỰ MÌNH THỰC HIỆN
1620655904537315737-328	1620655904537315737.wav	SSL/download/paper_benchmark/fleurs/audio/1620655904537315737.wav	thống đốc bang california arnold schwarzenegger đã ký thành luật cấm bán hoặc cho thuê trò chơi video mang tính chất bạo lực	THỐNG ĐỐC BANG CAYFOR ĐÃ KÝ THÀNH LUẬT CẤM BÁN HOẶC CHO THUÊ TRÒ CHƠI VIDEO MANG TÍNH CHẤT BẠO LỰC	THỐNG ĐỐC BANG CALIFORNIA ARNOLD SCHWARZENEGGER ĐÃ KÝ THÀNH LUẬT CẤM BÁN HOẶC CHO THUÊ TRÒ CHƠI VIDEO MANG TÍNH CHẤT BẠO LỰC
16468504822861325206-336	16468504822861325206.wav	SSL/download/paper_benchmark/fleurs/audio/16468504822861325206.wav	bởi vì lông vũ của khủng long không có thân lông phát triển tốt được gọi là thân ống lông nhưng lại có các đặc điểm khác của lông vũ tơ và lông tơ nên các nhà nghiên cứu cho rằng thân ống lông có thể là sự phát triển tiến hóa sau này với những đặc điểm khác này	BỞI VÌ LÔNG VŨ KHÔNG CÓ THĂNG LONG PHÁT TRIỂN TỐT ĐƯỢC GỌI LÀ THĂNG LONG NHƯNG LẠI CÓ CÁC ĐẶC ĐIỂM KHÁC CỦA LÔNG TƠ VÀ LÔNG TƠ NÊN CÁC NHÀ NGHIÊN CỨU CHO RẰNG THĂNG LONG CÓ THỂ LÀ SỰ PHÁT TRIỂN TIẾN HÓA SAU NÀY VỚI NHỮNG ĐẶC ĐIỂM KHÁC NÀY	BỞI VÌ LÔNG VŨ CỦA KHỦNG LONG KHÔNG CÓ THÂN LÔNG PHÁT TRIỂN TỐT ĐƯỢC GỌI LÀ THÂN ỐNG LÔNG NHƯNG LẠI CÓ CÁC ĐẶC ĐIỂM KHÁC CỦA LÔNG VŨ TƠ VÀ LÔNG TƠ NÊN CÁC NHÀ NGHIÊN CỨU CHO RẰNG THÂN ỐNG LÔNG CÓ THỂ LÀ SỰ PHÁT TRIỂN TIẾN HÓA SAU NÀY VỚI NHỮNG ĐẶC ĐIỂM KHÁC NÀY
16682087965588959557-344	16682087965588959557.wav	SSL/download/paper_benchmark/fleurs/audio/16682087965588959557.wav	sundarbans đã được unesco công nhận là địa điểm di sản thế giới khu vực rừng thuộc lãnh thổ ấn độ có tên là công viên quốc gia sundarbans	SUNDAN ĐÃ ĐƯỢC UNESCO CÔNG NHẬN LÀ ĐỊA ĐIỂM DI SẢN THẾ GIỚI KHU VỰC RỪNG THUỘC LÃNH THỔ CÓ TÊN LÀ CÔNG VIÊN QUỐC GIA SANDA	SUNDARBANS ĐÃ ĐƯỢC UNESCO CÔNG NHẬN LÀ ĐỊA ĐIỂM DI SẢN THẾ GIỚI KHU VỰC RỪNG THUỘC LÃNH THỔ ẤN ĐỘ CÓ TÊN LÀ CÔNG VIÊN QUỐC GIA SUNDARBANS
1688974922199809343-352	1688974922199809343.wav	SSL/download/paper_benchmark/fleurs/audio/1688974922199809343.wav	đồng tiền chính thức của falklands là đồng bảng falkland fkp có giá trị được ấn định bằng với đồng bảng anh gbp	ĐỒNG TIỀN CHÍNH THỨC CỦA FORTLAND LÀ ĐỒNG BẢNG FORTLAN F CÓ GIÁ TRỊ ĐƯỢC ẤN ĐỊNH BẰNG VỚI ĐỒNG BẢNG ANH GB	ĐỒNG TIỀN CHÍNH THỨC CỦA FALKLANDS LÀ ĐỒNG BẢNG FALKLAND FKP CÓ GIÁ TRỊ ĐƯỢC ẤN ĐỊNH BẰNG VỚI ĐỒNG BẢNG ANH GBP
17084533972465918263-360	17084533972465918263.wav	SSL/download/paper_benchmark/fleurs/audio/17084533972465918263.wav	đây là nơi thực dân anh đã chiếm đoạt làm của riêng và vì thế nếu bạn đang tìm kiếm bằng chứng về quá khứ thuộc địa của lãnh thổ thì đây là một nơi rất tốt để bắt đầu	ĐÂY LÀ NƠI THỰC DÂN ANH ĐÃ CHIẾM ĐOẠT LÀM CỦA RIÊNG VÀ VÌ THẾ NẾU BẠN ĐANG TÌM KIẾM BẰNG CHỨNG VỀ QUÁ KHỨ THUỘC ĐỊA CỦA LÃNH THỔ THÌ ĐÂY LÀ MỘT NƠI RẤT TỐT ĐỂ BẮT ĐẦU	ĐÂY LÀ NƠI THỰC DÂN ANH ĐÃ CHIẾM ĐOẠT LÀM CỦA RIÊNG VÀ VÌ THẾ NẾU BẠN ĐANG TÌM KIẾM BẰNG CHỨNG VỀ QUÁ KHỨ THUỘC ĐỊA CỦA LÃNH THỔ THÌ ĐÂY LÀ MỘT NƠI RẤT TỐT ĐỂ BẮT ĐẦU
17259428598018267872-368	17259428598018267872.wav	SSL/download/paper_benchmark/fleurs/audio/17259428598018267872.wav	độ ph được chỉ thị bằng số lượng ion hydro h trong ph trong hóa chất thí nghiệm	ĐỘ BH ĐƯỢC CHỈ THỊ BẰNG SỐ LƯỢNG IOUM HYDRO H TRONG HÓA CHẤT THÍ NGHIỆM	ĐỘ PH ĐƯỢC CHỈ THỊ BẰNG SỐ LƯỢNG ION HYDRO H TRONG PH TRONG HÓA CHẤT THÍ NGHIỆM
17385700550161922834-376	17385700550161922834.wav	SSL/download/paper_benchmark/fleurs/audio/17385700550161922834.wav	chiếc xe đã được đưa đi khỏi hiện trường tai nạn vào khoảng 12:00 giờ gmt cùng ngày hôm đó	CHIẾC XE ĐÃ ĐƯỢC ĐƯA ĐI KHỎI HIỆN TRƯỜNG TAI NẠN VÀO KHOẢNG MƯỜI HAI GIỜ G CÙNG NGÀY HÔM ĐÓ	CHIẾC XE ĐÃ ĐƯỢC ĐƯA ĐI KHỎI HIỆN TRƯỜNG TAI NẠN VÀO KHOẢNG 12:00 GIỜ GMT CÙNG NGÀY HÔM ĐÓ
17482880112668228471-384	17482880112668228471.wav	SSL/download/paper_benchmark/fleurs/audio/17482880112668228471.wav	thật ra nó hoàn toàn không dễ tìm ngay cả khi người ta biết là nó tồn tại một khi vào hang là bị cô lập hoàn toàn	THẬT RA NÓ HOÀN TOÀN KHÔNG DỄ TÌM NGAY CẢ KHI NGƯỜI TA BIẾT NÓ CÒN TỒN TẠI MỘT KHI VÀO HANG LÀ BỊ CÔ LẬP HOÀN TOÀN	THẬT RA NÓ HOÀN TOÀN KHÔNG DỄ TÌM NGAY CẢ KHI NGƯỜI TA BIẾT LÀ NÓ TỒN TẠI MỘT KHI VÀO HANG LÀ BỊ CÔ LẬP HOÀN TOÀN
17713923997965018281-392	17713923997965018281.wav	SSL/download/paper_benchmark/fleurs/audio/17713923997965018281.wav	hiện vẫn còn nhiều người nam và nữ còn sống đã sống sót qua thời gian bị giam cầm ở đây và thêm nhiều người nữa có thân nhân đã bị sát hại hoặc đã bị khổ lao đến chết tại nơi này cả người do thái lẫn những người không phải do thái	HIỆN VẪN CÒN NHIỀU NGƯỜI NAM VÀ NỮ CÒN SỐNG ĐÃ SỐNG SÓT QUA THỜI GIAN BỊ GIAM CẦM Ở ĐÂY VÀ THÊM NHIỀU NGƯỜI NỮA CÓ THÂN NHÂN ĐÃ BỊ SÁT HẠI HOẶC ĐÃ BỊ KHỔ LAO ĐẾN CHẾT TẠI NƠI NÀY CẢ NGƯỜI DO THÁI LẪN NHỮNG NGƯỜI KHÔNG PHẢI DO THÁI	HIỆN VẪN CÒN NHIỀU NGƯỜI NAM VÀ NỮ CÒN SỐNG ĐÃ SỐNG SÓT QUA THỜI GIAN BỊ GIAM CẦM Ở ĐÂY VÀ THÊM NHIỀU NGƯỜI NỮA CÓ THÂN NHÂN ĐÃ BỊ SÁT HẠI HOẶC ĐÃ BỊ KHỔ LAO ĐẾN CHẾT TẠI NƠI NÀY CẢ NGƯỜI DO THÁI LẪN NHỮNG NGƯỜI KHÔNG PHẢI DO THÁI
17782970601370276014-400	17782970601370276014.wav	SSL/download/paper_benchmark/fleurs/audio/17782970601370276014.wav	cũng có lợi cho ai đó mua thẻ wild vì nó có thể cho phép bạn tiến vào hoặc các công viên ở nam phi hoặc tất cả các công viên quốc gia ở nam phi	CŨNG CÓ LÃI CHO AI ĐÓ MUA THẺ WANS VÌ NÓ CÓ THỂ CHO PHÉP BẠN TIẾN VÀO HOẶC CÁC CÔNG VIÊN Ở NAM PHI HOẶC TẤT CẢ CÁC CÔNG VIÊN QUỐC GIA Ở NAM PHI	CŨNG CÓ LỢI CHO AI ĐÓ MUA THẺ WILD VÌ NÓ CÓ THỂ CHO PHÉP BẠN TIẾN VÀO HOẶC CÁC CÔNG VIÊN Ở NAM PHI HOẶC TẤT CẢ CÁC CÔNG VIÊN QUỐC GIA Ở NAM PHI
17924674336912321482-408	17924674336912321482.wav	SSL/download/paper_benchmark/fleurs/audio/17924674336912321482.wav	hầu hết các quần đảo nhỏ hơn là những quốc gia độc lập hoặc liên kết với pháp và được biết đến là những khu nghỉ mát bãi biển sang trọng	HẦU HẾT CÁC QUẦN ĐẢO NHỎ HƠN LÀ NHỮNG QUỐC GIA ĐỘC LẬP HOẶC LIÊN KẾT VỚI PHÁP VÀ ĐƯỢC BIẾT ĐẾN LÀ NHỮNG KHU NGHỈ MÁT BÃI BIỂN SANG TRỌNG	HẦU HẾT CÁC QUẦN ĐẢO NHỎ HƠN LÀ NHỮNG QUỐC GIA ĐỘC LẬP HOẶC LIÊN KẾT VỚI PHÁP VÀ ĐƯỢC BIẾT ĐẾN LÀ NHỮNG KHU NGHỈ MÁT BÃI BIỂN SANG TRỌNG
18272118423933163163-416	18272118423933163163.wav	SSL/download/paper_benchmark/fleurs/audio/18272118423933163163.wav	sư tử là loại mèo có tính xã hội nhất chúng sống theo những nhóm lớn gọi là bầy	SƯ TỬ LÀ LOẠI MÈO CÓ TÍNH XÃ HỘI NHẤT CHÚNG SỐNG THEO NHỮNG NHÓM LỚN GỌI LÀ BẦY	SƯ TỬ LÀ LOẠI MÈO CÓ TÍNH XÃ HỘI NHẤT CHÚNG SỐNG THEO NHỮNG NHÓM LỚN GỌI LÀ BẦY
18421076516627836620-424	18421076516627836620.wav	SSL/download/paper_benchmark/fleurs/audio/18421076516627836620.wav	thương long là loài ăn thịt đỉnh cao trong thời kỳ tồn tại của nó vì thế nó không sợ gì cả ngoại trừ những con thương long khác	TƯƠNG LÔNG LÀ LOÀI ĂN THỊT CAO TRONG THỜI KỲ TỒN TẠI CỦA NÓ VÌ THẾ NÓ KHÔNG SỢ GÌ CẢ NGOẠI TRỪ NHỮNG CON THƯƠNG KHÁC	THƯƠNG LONG LÀ LOÀI ĂN THỊT ĐỈNH CAO TRONG THỜI KỲ TỒN TẠI CỦA NÓ VÌ THẾ NÓ KHÔNG SỢ GÌ CẢ NGOẠI TRỪ NHỮNG CON THƯƠNG LONG KHÁC
1915781512999315916-432	1915781512999315916.wav	SSL/download/paper_benchmark/fleurs/audio/1915781512999315916.wav	tới 11:35 tối đội cứu hỏa cuối cùng đã dùng nước dập được đám cháy	TỚI MƯỜI MỘT GIỜ BA MƯƠI LĂM TỐI CỨU HỎA CUỐI CÙNG ĐÃ DÙNG NƯỚC DẬP ĐƯỢC ĐÁM CHÁY	TỚI 11:35 TỐI ĐỘI CỨU HỎA CUỐI CÙNG ĐÃ DÙNG NƯỚC DẬP ĐƯỢC ĐÁM CHÁY
2016257793006254288-440	2016257793006254288.wav	SSL/download/paper_benchmark/fleurs/audio/2016257793006254288.wav	dân số của thành phố vatican khoảng 800 người đây là quốc gia độc lập nhỏ nhất trên thế giới và là quốc gia có dân số ít nhất	DÂN SỐ CỦA THÀNH PHỐ VANTICAN KHOẢNG TÁM TRĂM NGƯỜI ĐÂY LÀ QUỐC GIA ĐỘC LẬP NHỎ NHẤT TRÊN THẾ GIỚI VÀ LÀ QUỐC GIA CÓ DÂN SỐ ÍT NHẤT	DÂN SỐ CỦA THÀNH PHỐ VATICAN KHOẢNG 800 NGƯỜI ĐÂY LÀ QUỐC GIA ĐỘC LẬP NHỎ NHẤT TRÊN THẾ GIỚI VÀ LÀ QUỐC GIA CÓ DÂN SỐ ÍT NHẤT
2093981077543143196-448	2093981077543143196.wav	SSL/download/paper_benchmark/fleurs/audio/2093981077543143196.wav	cũng ở phía bắc hãy đến thăm đền thánh đức mẹ fatima đền thờ vĩ đại tương truyền là nơi đức mẹ hiện ra nổi tiếng trên toàn thế giới	CŨNG Ở PHÍA BẮC HÃY ĐẾN THĂM ĐỀN THÁNH ĐỨC MẸ PHAI MA ĐỀN THỜ VĨ ĐẠI TƯƠNG LÀ NƠI ĐỨC MẸ HIỆN RA NỔI TIẾNG TRÊN TOÀN THẾ GIỚI	CŨNG Ở PHÍA BẮC HÃY ĐẾN THĂM ĐỀN THÁNH ĐỨC MẸ FATIMA ĐỀN THỜ VĨ ĐẠI TƯƠNG TRUYỀN LÀ NƠI ĐỨC MẸ HIỆN RA NỔI TIẾNG TRÊN TOÀN THẾ GIỚI
2304128416406872616-456	2304128416406872616.wav	SSL/download/paper_benchmark/fleurs/audio/2304128416406872616.wav	mặc dù không ai chắc chắn về tác giả của văn kiện người ta biết rằng vào những ngày đầu văn kiện viết trên tấm da dê lớn dài 29¾ inch và rộng 24½ inch này đã được cuộn lại để bảo quản	MẶC DÙ KHÔNG AI CHẮC CHẮN VỀ TÁC GIẢ CỦA VĂN KIỆN NGƯỜI TA BIẾT RẰNG VÀO NHỮNG NGÀY ĐẦU VĂN KIỆN VIẾT TRÊN TẤM DAI LỚN DÀI HAI MƯƠI CHÍN BA TRÊN BỐN IN VÀ RỘNG HAI MƯƠI BỐN MỘT TRÊN HAI IN NÀY ĐÃ ĐƯỢC TRỤ LẠI ĐỂ BẢO QUẢN	MẶC DÙ KHÔNG AI CHẮC CHẮN VỀ TÁC GIẢ CỦA VĂN KIỆN NGƯỜI TA BIẾT RẰNG VÀO NHỮNG NGÀY ĐẦU VĂN KIỆN VIẾT TRÊN TẤM DA DÊ LỚN DÀI 293⁄4 INCH VÀ RỘNG 241⁄2 INCH NÀY ĐÃ ĐƯỢC CUỘN LẠI ĐỂ BẢO QUẢN
2511570657717931180-464	2511570657717931180.wav	SSL/download/paper_benchmark/fleurs/audio/2511570657717931180.wav	bà kirchner tuyên bố ý định tranh cử tổng thống tại nhà hát argentina đây cũng là địa điểm bà từng sử dụng để bắt đầu chương trình tranh cử vào thượng viện năm 2005 với tư cách là thành viên của phái đoàn tỉnh buenos aires	BÀ CRICEL TUYÊN BỐ NHẤT ĐỊNH TRANH CỬ TỔNG THỐNG TẠI NHÀ HÁT ÁC HEN TINA ĐÂY CŨNG LÀ ĐỊA ĐIỂM BÀ TỪNG SỬ DỤNG ĐỂ BẮT ĐẦU CHƯƠNG TRÌNH TRANH CỬ VÀO THƯỢNG VIỆN NĂM HAI KHÔNG NĂM VỚI TƯ CÁCH LÀ THÀNH VIÊN CỦA PHÁI ĐOÀN TỈNH POD	BÀ KIRCHNER TUYÊN BỐ Ý ĐỊNH TRANH CỬ TỔNG THỐNG TẠI NHÀ HÁT ARGENTINA ĐÂY CŨNG LÀ ĐỊA ĐIỂM BÀ TỪNG SỬ DỤNG ĐỂ BẮT ĐẦU CHƯƠNG TRÌNH TRANH CỬ VÀO THƯỢNG VIỆN NĂM 2005 VỚI TƯ CÁCH LÀ THÀNH VIÊN CỦA PHÁI ĐOÀN TỈNH BUENOS AIRES
2661234737640323161-472	2661234737640323161.wav	SSL/download/paper_benchmark/fleurs/audio/2661234737640323161.wav	người pa ri nổi tiếng là ích kỷ thô lỗ và kiêu ngạo	NGƯỜI PARIS NỔI TIẾNG LÀ ÍCH KỶ THÔ LỖ VÀ KIÊU NGẠO	NGƯỜI PA RI NỔI TIẾNG LÀ ÍCH KỶ THÔ LỖ VÀ KIÊU NGẠO
2772085450090751108-480	2772085450090751108.wav	SSL/download/paper_benchmark/fleurs/audio/2772085450090751108.wav	chuyến đi thực tế là một phần quan trọng trong lớp học giáo viên khá thường xuyên đưa học sinh tới những nơi mà việc đi xe buýt không phải là lựa chọn	CHUYẾN ĐI THỰC TẾ LÀ MỘT PHẦN QUAN TRỌNG TRONG LỚP HỌC GIÁO VIÊN KHÁ THƯỜNG XUYÊN ĐƯA HỌC SINH TỚI NHỮNG NƠI MÀ VIỆC ĐI XE BUÝT KHÔNG PHẢI LÀ LỰA CHỌN	CHUYẾN ĐI THỰC TẾ LÀ MỘT PHẦN QUAN TRỌNG TRONG LỚP HỌC GIÁO VIÊN KHÁ THƯỜNG XUYÊN ĐƯA HỌC SINH TỚI NHỮNG NƠI MÀ VIỆC ĐI XE BUÝT KHÔNG PHẢI LÀ LỰA CHỌN
296777682418637371-488	296777682418637371.wav	SSL/download/paper_benchmark/fleurs/audio/296777682418637371.wav	hai hợp chất này phản ứng với nhau để tạo thành các tinh thể có thể làm cản trở chức năng thận các nhà nghiên cứu tại trường đại học cho biết	HAI HỢP CHẤT NÀY PHẢN ỨNG VỚI NHAU ĐỂ TẠO THÀNH CÁC TINH THỂ CÓ THỂ LÀM CẢN TRỞ CHỨC NĂNG THẬN CÁC NHÀ NGHIÊN CỨU TẠI TRƯỜNG ĐẠI HỌC CHO BIẾT	HAI HỢP CHẤT NÀY PHẢN ỨNG VỚI NHAU ĐỂ TẠO THÀNH CÁC TINH THỂ CÓ THỂ LÀM CẢN TRỞ CHỨC NĂNG THẬN CÁC NHÀ NGHIÊN CỨU TẠI TRƯỜNG ĐẠI HỌC CHO BIẾT
3131191465686851417-496	3131191465686851417.wav	SSL/download/paper_benchmark/fleurs/audio/3131191465686851417.wav	mạng internet kết hợp những yếu tố của cả giao tiếp cộng đồng và giao tiếp cá nhân	MẠNG INTERNET KẾT HỢP NHỮNG YẾU TỐ CỦA CẢ GIAO TIẾP CỘNG ĐỒNG VÀ GIAO TIẾP CÁ NHÂN	MẠNG INTERNET KẾT HỢP NHỮNG YẾU TỐ CỦA CẢ GIAO TIẾP CỘNG ĐỒNG VÀ GIAO TIẾP CÁ NHÂN
3278737441014214021-504	3278737441014214021.wav	SSL/download/paper_benchmark/fleurs/audio/3278737441014214021.wav	vì vậy ngay từ những ngày mới ra đời bút chì đã trở thành người bạn tốt của nhiều người	VÌ VẬY NGAY TỪ NHỮNG NGÀY MỚI RA ĐỜI BÚT CHÌ ĐÃ TRỞ THÀNH NGƯỜI BẠN TỐT CỦA NHIỀU NGƯỜI	VÌ VẬY NGAY TỪ NHỮNG NGÀY MỚI RA ĐỜI BÚT CHÌ ĐÃ TRỞ THÀNH NGƯỜI BẠN TỐT CỦA NHIỀU NGƯỜI
3393687672526161811-512	3393687672526161811.wav	SSL/download/paper_benchmark/fleurs/audio/3393687672526161811.wav	dòng xoáy là dòng nước chảy ngược lại từ những con sóng xô vào bãi biển thông thường là ở dải đá ngầm hay nơi tương tự	DÒNG SUỐI LÀ DÒNG NƯỚC CHẢY NGƯỢC LẠI TỪ NHỮNG CON SÔNG SÂU VÀO BỜ BIỂN THÔNG THƯỜNG LÀ Ở DÃY ĐÁ HAY NƠI TƯƠNG TỰ	DÒNG XOÁY LÀ DÒNG NƯỚC CHẢY NGƯỢC LẠI TỪ NHỮNG CON SÓNG XÔ VÀO BÃI BIỂN THÔNG THƯỜNG LÀ Ở DẢI ĐÁ NGẦM HAY NƠI TƯƠNG TỰ
3626005644982749846-520	3626005644982749846.wav	SSL/download/paper_benchmark/fleurs/audio/3626005644982749846.wav	nếu không quen lái xe trên những đường quê thì bạn nên chuẩn bị tinh thần cho những con dốc đứng làn đường hẹp và những khúc cua gắt	NẾU KHÔNG QUEN LÁI XE TRÊN NHỮNG ĐƯỜNG QUÊ THÌ BẠN NÊN CHUẨN BỊ TINH THẦN CHO NHỮNG CON DỐC ĐỨNG LÀN ĐƯỜNG HẸP VÀ NHỮNG KHÚC CUA	NẾU KHÔNG QUEN LÁI XE TRÊN NHỮNG ĐƯỜNG QUÊ THÌ BẠN NÊN CHUẨN BỊ TINH THẦN CHO NHỮNG CON DỐC ĐỨNG LÀN ĐƯỜNG HẸP VÀ NHỮNG KHÚC CUA GẮT
3720619789489341771-528	3720619789489341771.wav	SSL/download/paper_benchmark/fleurs/audio/3720619789489341771.wav	các chỉ trích tự do của nỗ lực tái thiết tập trung vào việc trao các hợp đồng tái thiết cho những người có thông tin nội bộ của washington	CÁC CHỈ TRÍCH TỰ DO CỦA NỖ LỰC TÁI THIẾT LẬP CHUNG VÀO VIỆC TRAO CÁC HỢP ĐỒNG TÁI THIẾT CHO NHỮNG NGƯỜI CÓ THÔNG TIN NỘI BỘ CỦA WASHINGTON	CÁC CHỈ TRÍCH TỰ DO CỦA NỖ LỰC TÁI THIẾT TẬP TRUNG VÀO VIỆC TRAO CÁC HỢP ĐỒNG TÁI THIẾT CHO NHỮNG NGƯỜI CÓ THÔNG TIN NỘI BỘ CỦA WASHINGTON
3827082431628300525-536	3827082431628300525.wav	SSL/download/paper_benchmark/fleurs/audio/3827082431628300525.wav	ngoài buổi tổ chức hôm thứ tư carpanedo đã thi đấu trong 2 chặng đua riêng biệt trong giải vô địch	NGOÀI BUỔI TỔ CHỨC HÔM THỨ TƯBADO ĐÃ THI ĐẤU TRONG HAI TRẬN ĐUA RIÊNG BIỆT TRONG GIẢI VÔ ĐỊCH	NGOÀI BUỔI TỔ CHỨC HÔM THỨ TƯ CARPANEDO ĐÃ THI ĐẤU TRONG 2 CHẶNG ĐUA RIÊNG BIỆT TRONG GIẢI VÔ ĐỊCH
3919454877495530039-544	3919454877495530039.wav	SSL/download/paper_benchmark/fleurs/audio/3919454877495530039.wav	trong khi một vắc-xin thử nghiệm có vẻ như có khả năng làm giảm tỷ lệ tử vong do ebola cho tới nay chưa có loại thuốc nào được chứng minh rõ ràng là phù hợp cho việc điều trị căn bệnh lây nhiễm này	TRONG KHI MỘT VACCINE THỬ NGHIỆM CÓ VẺ NHƯ CÓ KHẢ NĂNG LÀM GIẢM TỶ LỆ TỬ VONG DOLA CHO TỚI NAY CHƯA CÓ LOẠI THUỐC NÀO ĐƯỢC CHỨNG MINH RÕ RÀNG LÀ PHÙ HỢP CHO VIỆC ĐIỀU TRỊ CĂN BỆNH LÂY NHIỄM NÀY	TRONG KHI MỘT VẮC XIN THỬ NGHIỆM CÓ VẺ NHƯ CÓ KHẢ NĂNG LÀM GIẢM TỶ LỆ TỬ VONG DO EBOLA CHO TỚI NAY CHƯA CÓ LOẠI THUỐC NÀO ĐƯỢC CHỨNG MINH RÕ RÀNG LÀ PHÙ HỢP CHO VIỆC ĐIỀU TRỊ CĂN BỆNH LÂY NHIỄM NÀY
3996308528203885961-552	3996308528203885961.wav	SSL/download/paper_benchmark/fleurs/audio/3996308528203885961.wav	do đó tỷ lệ khung hình cho định dạng này chia cho mười hai để đạt được tỷ lệ toàn bộ con số đơn giản nhất là 3:2	DO ĐÓ TỶ LỆ KHUNG HÌNH CHO ĐỊNH DẠNG NÀY CHIA CHO MƯỜI HAI ĐỂ ĐẠT ĐƯỢC TỶ LỆ TOÀN BỘ CON SỐ ĐƠN GIẢN NHẤT LÀ BA HAI	DO ĐÓ TỶ LỆ KHUNG HÌNH CHO ĐỊNH DẠNG NÀY CHIA CHO MƯỜI HAI ĐỂ ĐẠT ĐƯỢC TỶ LỆ TOÀN BỘ CON SỐ ĐƠN GIẢN NHẤT LÀ 3:2
4080119316136366513-560	4080119316136366513.wav	SSL/download/paper_benchmark/fleurs/audio/4080119316136366513.wav	apia là thủ đô của samoa thành phố này nằm trên hòn đảo upolu và có dân số gần 40.000 người	APP LÀ THỦ ĐÔ CỦA SAM MO THÀNH PHỐ NÀY NẰM TRÊN HÒN ĐẢO VÀ CÓ DÂN SỐ GẦN BỐN MƯƠI NGÀN NGƯỜI	APIA LÀ THỦ ĐÔ CỦA SAMOA THÀNH PHỐ NÀY NẰM TRÊN HÒN ĐẢO UPOLU VÀ CÓ DÂN SỐ GẦN 40 000 NGƯỜI
4141978174010255697-568	4141978174010255697.wav	SSL/download/paper_benchmark/fleurs/audio/4141978174010255697.wav	angel 2006 giải thích phương pháp liên tục là một phương pháp dùng để giúp các tổ chức đạt được mức hiệu năng cao hơn	AL HAI NGÀN KHÔNG TRĂM LINH SÁU GIẢI THÍCH PHƯƠNG PHÁP LIÊN TỤC LÀ MỘT PHƯƠNG PHÁP DÙNG ĐỂ GIÚP CÁC TỔ CHỨC ĐẠT ĐƯỢC MỨC HIỆU NĂNG CAO HƠN	ANGEL 2006 GIẢI THÍCH PHƯƠNG PHÁP LIÊN TỤC LÀ MỘT PHƯƠNG PHÁP DÙNG ĐỂ GIÚP CÁC TỔ CHỨC ĐẠT ĐƯỢC MỨC HIỆU NĂNG CAO HƠN
4313807579960706715-576	4313807579960706715.wav	SSL/download/paper_benchmark/fleurs/audio/4313807579960706715.wav	đây là một trong những điểm du lịch thu hút chính của nam phi và nó được coi là nơi chủ đạo thuộc cơ quan vườn quốc gia nam phi sanparks	ĐÂY LÀ MỘT TRONG NHỮNG ĐIỂM DU LỊCH THU HÚT CHÍNH CỦA NAM PHI VÀ NÓ ĐƯỢC COI LÀ NƠI CHỦ ĐẠO THUỘC CƠ QUAN VƯỜN QUỐC GIA NAM PHI	ĐÂY LÀ MỘT TRONG NHỮNG ĐIỂM DU LỊCH THU HÚT CHÍNH CỦA NAM PHI VÀ NÓ ĐƯỢC COI LÀ NƠI CHỦ ĐẠO THUỘC CƠ QUAN VƯỜN QUỐC GIA NAM PHI SANPARKS
4484830784178327575-584	4484830784178327575.wav	SSL/download/paper_benchmark/fleurs/audio/4484830784178327575.wav	trước khi quân đội có mặt haiti không gặp phải các vấn đề liên quan đến bệnh này từ những năm 1800	TRƯỚC KHI QUÂN ĐỘI CÓ MẶT HI TI KHÔNG GẶP PHẢI CÁC VẤN ĐỀ LIÊN QUAN ĐẾN BỆNH NÀY TỪ NHỮNG NĂM MỘT NGÀN TÁM TRĂM	TRƯỚC KHI QUÂN ĐỘI CÓ MẶT HAITI KHÔNG GẶP PHẢI CÁC VẤN ĐỀ LIÊN QUAN ĐẾN BỆNH NÀY TỪ NHỮNG NĂM 1800
4603146031145276267-592	4603146031145276267.wav	SSL/download/paper_benchmark/fleurs/audio/4603146031145276267.wav	chiếc hàm dài của nó gắn hơn 70 chiếc răng sắc như dao cạo cùng bộ răng phụ ở vòm miệng đồng nghĩa với việc không có thứ gì có thể thoát được trên đường đi của nó	CHIẾC HÀM DÀY CỦA NÓ GẮN HƠN BẢY MƯƠI CHIẾC GĂNG SẮT NHƯ DAO CẠO CÙNG BỘ GĂNG PHỤ Ở VỜ MIỆNG ĐỒNG NGHĨA VỚI VIỆC KHÔNG CÓ THỨ GÌ CÓ THỂ THOÁT ĐƯỢC TRÊN ĐƯỜNG ĐI CỦA NÓ	CHIẾC HÀM DÀI CỦA NÓ GẮN HƠN 70 CHIẾC RĂNG SẮC NHƯ DAO CẠO CÙNG BỘ RĂNG PHỤ Ở VÒM MIỆNG ĐỒNG NGHĨA VỚI VIỆC KHÔNG CÓ THỨ GÌ CÓ THỂ THOÁT ĐƯỢC TRÊN ĐƯỜNG ĐI CỦA NÓ
4778878096314642281-600	4778878096314642281.wav	SSL/download/paper_benchmark/fleurs/audio/4778878096314642281.wav	đối với springboks trận này đã giúp đội tuyển kết thúc chuỗi thua 5 trận liền	ĐỐI VỚI PING TRẬN NÀY ĐÃ GIÚP ĐỘI TUYỂN KẾT THÚC CHUỖI THUA NĂM TRẬN LIỀN	ĐỐI VỚI SPRINGBOKS TRẬN NÀY ĐÃ GIÚP ĐỘI TUYỂN KẾT THÚC CHUỖI THUA 5 TRẬN LIỀN
4901495034607959572-608	4901495034607959572.wav	SSL/download/paper_benchmark/fleurs/audio/4901495034607959572.wav	cơ quan trung ương của giáo hội đã tọa lạc ở rome hơn một ngàn năm qua và sự tập trung quyền lực và tiền bạc này khiến nhiều người thắc mắc là liệu giáo lý nói trên có được tuân theo hay không	CƠ QUAN TRUNG ƯƠNG CỦA GIÁO HỘI ĐÃ TỌA LẠC Ở RÔM HƠN MỘT NGÀN NĂM QUA VÀ SỰ TẬP TRUNG QUYỀN LỰC VÀ TIỀN BẠC NÀY KHIẾN NHIỀU NGƯỜI THẮC MẮC LÀ LIỆU GIÁO LÝ NÓI TRÊN CÓ ĐƯỢC TUÂN THEO HAY KHÔNG	CƠ QUAN TRUNG ƯƠNG CỦA GIÁO HỘI ĐÃ TỌA LẠC Ở ROME HƠN MỘT NGÀN NĂM QUA VÀ SỰ TẬP TRUNG QUYỀN LỰC VÀ TIỀN BẠC NÀY KHIẾN NHIỀU NGƯỜI THẮC MẮC LÀ LIỆU GIÁO LÝ NÓI TRÊN CÓ ĐƯỢC TUÂN THEO HAY KHÔNG
5000725296314808782-616	5000725296314808782.wav	SSL/download/paper_benchmark/fleurs/audio/5000725296314808782.wav	chiếc xe đã được đưa đi khỏi hiện trường tai nạn vào khoảng 12:00 giờ gmt cùng ngày hôm đó	CHIẾC XE ĐÃ ĐƯỢC ĐƯA ĐI KHỎI HIỆN TRƯỜNG TAI NẠN VÀO KHOẢNG MƯỜI HAI GIỜ UMT CÙNG NGÀY HÔM ĐÓ	CHIẾC XE ĐÃ ĐƯỢC ĐƯA ĐI KHỎI HIỆN TRƯỜNG TAI NẠN VÀO KHOẢNG 12:00 GIỜ GMT CÙNG NGÀY HÔM ĐÓ
5186354191609042169-624	5186354191609042169.wav	SSL/download/paper_benchmark/fleurs/audio/5186354191609042169.wav	điều này cho phép nó có khả năng tương thích ngược với 802.11a 802.11b và 802.11g với điều kiện các trạm cơ sở có ra-đi-ô có băng tần kép	ĐIỀU NÀY CHO PHÉP NÓ CÓ KHẢ NĂNG TƯƠNG THÍCH NGƯỢC VỚI TÁM KHÔNG HAI PHẨY MƯỜI MỘT A TÁM KHÔNG HAI PHẨY MƯỜI MỘT B TÁM KHÔNG HAI PHẨY MƯỜI MỘT G VỚI ĐIỀU KIỆN CÁC TRẠM CƠ SỞ CÓ GADE CÓ BĂNG TẦNG KÉP	ĐIỀU NÀY CHO PHÉP NÓ CÓ KHẢ NĂNG TƯƠNG THÍCH NGƯỢC VỚI 802 11A 802 11B VÀ 802 11G VỚI ĐIỀU KIỆN CÁC TRẠM CƠ SỞ CÓ RA ĐI Ô CÓ BĂNG TẦN KÉP
5329433734785671413-632	5329433734785671413.wav	SSL/download/paper_benchmark/fleurs/audio/5329433734785671413.wav	chẳng có gì ngoài bầu trời cao trong vắt tuyệt mĩ bao lấy những rặng núi.một thế giới nhỏ bé được biết và nghe nói đến từ bên trong hang động	CHẲNG CÓ GÌ NGOÀI BẦU TRỜI CAO TRONG VẮT TUYỆT MỸ BAO LẤY NHỮNG RẶNG NÚI MỘT THẾ GIỚI NHỎ BÉ ĐƯỢC BIẾT VÀ NGHE NÓI ĐẾN TỪ BÊN TRONG HANG ĐỘNG	CHẲNG CÓ GÌ NGOÀI BẦU TRỜI CAO TRONG VẮT TUYỆT MĨ BAO LẤY NHỮNG RẶNG NÚI MỘT THẾ GIỚI NHỎ BÉ ĐƯỢC BIẾT VÀ NGHE NÓI ĐẾN TỪ BÊN TRONG HANG ĐỘNG
5471256245985564162-640	5471256245985564162.wav	SSL/download/paper_benchmark/fleurs/audio/5471256245985564162.wav	mặt khác băng và tuyết là hiện tượng bình thường ở nhiều nước và quanh năm giao thông gần như không bị gián đoạn	MẶT KHÁC BĂNG VÀ TUYẾT LÀ HIỆN TƯỢNG BÌNH THƯỜNG Ở NHIỀU NƯỚC VÀ QUANH NĂM GIAO THÔNG GẦN NHƯ KHÔNG BỊ GIÁN ĐOẠN	MẶT KHÁC BĂNG VÀ TUYẾT LÀ HIỆN TƯỢNG BÌNH THƯỜNG Ở NHIỀU NƯỚC VÀ QUANH NĂM GIAO THÔNG GẦN NHƯ KHÔNG BỊ GIÁN ĐOẠN
5600578667047148114-648	5600578667047148114.wav	SSL/download/paper_benchmark/fleurs/audio/5600578667047148114.wav	tuy nhiên do các kênh liên lạc chậm trễ phong cách ở phía tây có thể bị tụt lại từ 25 đến 30 năm	TUY NHIÊN DO CÁC KÊNH LIÊN LẠC TRỄ PHONG CÁCH Ở PHÍA TÂY CÓ THỂ BỊ TỤT LẠI TỪ HAI MƯƠI LĂM ĐẾN BA MƯƠI NĂM	TUY NHIÊN DO CÁC KÊNH LIÊN LẠC CHẬM TRỄ PHONG CÁCH Ở PHÍA TÂY CÓ THỂ BỊ TỤT LẠI TỪ 25 ĐẾN 30 NĂM
5732900245807707573-656	5732900245807707573.wav	SSL/download/paper_benchmark/fleurs/audio/5732900245807707573.wav	"""đặc tính nhiệt của chúng không ổn định như các hang động lớn trên trái đất vốn thường duy trì nhiệt độ khá ổn định nhưng điều này phù hợp với các hố sâu trong lòng đất glen cushing thuộc toán địa chất học cơ quan thăm dò địa chất hoa kỳ usgs và trường northern arizona university ở flagstaff arizona cho biết"	U TÍNH NHIỆT CỦA CHÚNG KHÔNG ỔN ĐỊNH NHƯ CÁC HANG ĐỘNG LỚN TRÊN TRÁI ĐẤT VỐN THƯỜNG DUY TRÌ NHIỆT ĐỘ KHÁ ỔN ĐỊNH NHƯNG ĐIỀU NÀY PHÙ HỢP VỚI CÁC HỐ TRONG LÒNG ĐẤT GLAN KUSIN THUỘC TOÁN ĐỊA CHẤT HỌC CƠ QUAN THĂM DÒ ĐỊA CHẤT HOA KỲ US G VÀ TRƯỜNG NOTENE AVER CITY Ở LATTA AGRIONA CHO BIẾT	"""ĐẶC TÍNH NHIỆT CỦA CHÚNG KHÔNG ỔN ĐỊNH NHƯ CÁC HANG ĐỘNG LỚN TRÊN TRÁI ĐẤT VỐN THƯỜNG DUY TRÌ NHIỆT ĐỘ KHÁ ỔN ĐỊNH NHƯNG ĐIỀU NÀY PHÙ HỢP VỚI CÁC HỐ SÂU TRONG LÒNG ĐẤT GLEN CUSHING THUỘC TOÁN ĐỊA CHẤT HỌC CƠ QUAN THĂM DÒ ĐỊA CHẤT HOA KỲ USGS VÀ TRƯỜNG NORTHERN ARIZONA UNIVERSITY Ở FLAGSTAFF ARIZONA CHO BIẾT"
5916815309888888728-664	5916815309888888728.wav	SSL/download/paper_benchmark/fleurs/audio/5916815309888888728.wav	blog là công cụ kích thích sự hợp tác và khuyến khích học sinh mở rộng việc học tập ra ngoài khuôn khổ lớp học truyền thống	PLAD LÀ CÔNG CỤ KÍCH THÍCH SỰ HỢP TÁC VÀ KHUYẾN KHÍCH HỌC SINH MỞ RỘNG VIỆC HỌC TẬP RA NGOÀI KHUÔN KHỔ LỚP HỌC TRUYỀN THỐNG	BLOG LÀ CÔNG CỤ KÍCH THÍCH SỰ HỢP TÁC VÀ KHUYẾN KHÍCH HỌC SINH MỞ RỘNG VIỆC HỌC TẬP RA NGOÀI KHUÔN KHỔ LỚP HỌC TRUYỀN THỐNG
604310662664310897-672	604310662664310897.wav	SSL/download/paper_benchmark/fleurs/audio/604310662664310897.wav	các nhà khoa học hy vọng sẽ hiểu được cách thức hình thành của các hành tinh đặc biệt là trái đất được hình thành như thế nào bởi các sao chổi đã va chạm vào trái đất từ xa xưa	CÁC NHÀ KHOA HỌC HI VỌNG SẼ HIỂU ĐƯỢC CÁCH THỨC HÌNH THÀNH CỦA CÁC HÀNH TINH ĐẶC BIỆT LÀ TRÁI ĐẤT ĐƯỢC HÌNH THÀNH NHƯ THẾ NÀO BỞI CÁC SAO CHỔI ĐÃ VA CHẠM VÀO TRÁI ĐẤT TỪ XA XƯA	CÁC NHÀ KHOA HỌC HY VỌNG SẼ HIỂU ĐƯỢC CÁCH THỨC HÌNH THÀNH CỦA CÁC HÀNH TINH ĐẶC BIỆT LÀ TRÁI ĐẤT ĐƯỢC HÌNH THÀNH NHƯ THẾ NÀO BỞI CÁC SAO CHỔI ĐÃ VA CHẠM VÀO TRÁI ĐẤT TỪ XA XƯA
6135809398579446156-680	6135809398579446156.wav	SSL/download/paper_benchmark/fleurs/audio/6135809398579446156.wav	kết quả là người biểu diễn hút cần sa cùng lên sân khấu và chính nhà hát khuyến khích khán giả tham gia	KẾT QUẢ LÀ NGƯỜI BIỂU DIỄN CẦN SA CÙNG LÊN SÂN KHẤU VÀ CHÍNH NHÀ HÁT KHUYẾN KHÍCH KHÁN GIẢ THAM GIA	KẾT QUẢ LÀ NGƯỜI BIỂU DIỄN HÚT CẦN SA CÙNG LÊN SÂN KHẤU VÀ CHÍNH NHÀ HÁT KHUYẾN KHÍCH KHÁN GIẢ THAM GIA
6265266549819135755-688	6265266549819135755.wav	SSL/download/paper_benchmark/fleurs/audio/6265266549819135755.wav	phòng quản lý tình trạng khẩn cấp miền bắc marianas cho biết không có báo cáo nào về tổn thất ở quốc gia này	PHÒNG QUẢN LÝ TÌNH TRẠNG KHẨN CẤP MIỀN BẮC MARIANA CHO BIẾT KHÔNG CÓ BÁO CÁO NÀO VỀ TỔN THẤT Ở QUỐC GIA NÀY	PHÒNG QUẢN LÝ TÌNH TRẠNG KHẨN CẤP MIỀN BẮC MARIANAS CHO BIẾT KHÔNG CÓ BÁO CÁO NÀO VỀ TỔN THẤT Ở QUỐC GIA NÀY
6451944873840601928-696	6451944873840601928.wav	SSL/download/paper_benchmark/fleurs/audio/6451944873840601928.wav	thật ra nó hoàn toàn không dễ tìm ngay cả khi người ta biết là nó tồn tại một khi vào hang là bị cô lập hoàn toàn	THẬT RA NÓ HOÀN TOÀN KHÔNG DỄ TÌM NGAY CẢ KHI NGƯỜI TA BIẾT NÓ TỒN TẠI MỘT KHI VÀO HANG LÀ BỊ CÔ LẬP HOÀN TOÀN	THẬT RA NÓ HOÀN TOÀN KHÔNG DỄ TÌM NGAY CẢ KHI NGƯỜI TA BIẾT LÀ NÓ TỒN TẠI MỘT KHI VÀO HANG LÀ BỊ CÔ LẬP HOÀN TOÀN
673258839015142339-704	673258839015142339.wav	SSL/download/paper_benchmark/fleurs/audio/673258839015142339.wav	phần lan là một điểm đến tuyệt vời cho người yêu thuyền vùng đất ngàn hồ cũng có hàng ngàn hòn đảo nằm bên trong hồ và các quần đảo ven biển	PHẦN LAN LÀ MỘT ĐIỂM ĐẾN TUYỆT VỜI CHO NGƯỜI YÊU THUYỀN VÙNG ĐẤT NGÀN HỒ CŨNG CÓ HÀNG NGÀN HÒN ĐẢO NẰM BÊN TRONG HỒ VÀ CÁC QUẦN ĐẢO VEN BIỂN	PHẦN LAN LÀ MỘT ĐIỂM ĐẾN TUYỆT VỜI CHO NGƯỜI YÊU THUYỀN VÙNG ĐẤT NGÀN HỒ CŨNG CÓ HÀNG NGÀN HÒN ĐẢO NẰM BÊN TRONG HỒ VÀ CÁC QUẦN ĐẢO VEN BIỂN
6880864530422423069-712	6880864530422423069.wav	SSL/download/paper_benchmark/fleurs/audio/6880864530422423069.wav	tiếng gầm của cọp không giống tiếng gầm rống của sư tử mà giống như một chuỗi những tiếng gầm gừ trong cổ họng	TIẾNG ĐẦM KHÔNG GIỐNG TIẾNG GẦM RỐNG CỦA SƯ TỬ MÀ GIỐNG NHƯ MỘT CHUỖI NHỮNG TIẾNG GẦM GỪ TRONG CỔ HỌNG	TIẾNG GẦM CỦA CỌP KHÔNG GIỐNG TIẾNG GẦM RỐNG CỦA SƯ TỬ MÀ GIỐNG NHƯ MỘT CHUỖI NHỮNG TIẾNG GẦM GỪ TRONG CỔ HỌNG
7163461466493722025-720	7163461466493722025.wav	SSL/download/paper_benchmark/fleurs/audio/7163461466493722025.wav	sáng hôm qua một quả bom cài trong xe hơi đã phát nổ tại trụ sở cảnh sát ở gaziantep thổ nhĩ kỳ làm hai cảnh sát viên thiệt mạng và hơn hai mươi người khác bị thương	SÁNG HÔM QUA MỘT QUẢ BOM CÀY TRONG XE HƠI ĐÃ PHÁT NỔ TẠI TRỤ SỞ CẢNH SÁT Ở GAANTE THỔ NHĨ KỲ LÀM HAI CẢNH SÁT VIÊN THIỆT MẠNG VÀ HƠN HAI MƯƠI NGƯỜI KHÁC BỊ THƯƠNG	SÁNG HÔM QUA MỘT QUẢ BOM CÀI TRONG XE HƠI ĐÃ PHÁT NỔ TẠI TRỤ SỞ CẢNH SÁT Ở GAZIANTEP THỔ NHĨ KỲ LÀM HAI CẢNH SÁT VIÊN THIỆT MẠNG VÀ HƠN HAI MƯƠI NGƯỜI KHÁC BỊ THƯƠNG
7387050830610481896-728	7387050830610481896.wav	SSL/download/paper_benchmark/fleurs/audio/7387050830610481896.wav	25 tờ dunlap được cho là vẫn còn là những bản chụp lâu đời nhất còn tồn tại của tài liệu này bản chụp viết tay ban đầu đã không còn nữa	HAI MƯƠI LĂM TỜ DON LAB ĐƯỢC CHO LÀ VẪN CÒN LÀ NHỮNG BẢN CHỤP LÂU ĐỜI NHẤT CÒN TỒN TẠI CỦA TÀI LIỆU NÀY BẢN CHỤP VIẾT TAY BAN ĐẦU ĐÃ KHÔNG CÒN NỮA	25 TỜ DUNLAP ĐƯỢC CHO LÀ VẪN CÒN LÀ NHỮNG BẢN CHỤP LÂU ĐỜI NHẤT CÒN TỒN TẠI CỦA TÀI LIỆU NÀY BẢN CHỤP VIẾT TAY BAN ĐẦU ĐÃ KHÔNG CÒN NỮA
7542515349465302318-736	7542515349465302318.wav	SSL/download/paper_benchmark/fleurs/audio/7542515349465302318.wav	nằm trên đỉnh của một trong những ngọn núi ở phía bắc mecca hang động này hoàn toàn tách biệt với phần còn lại của thế giới	NẰM TRÊN ĐỈNH CỦA MỘT TRONG NHỮNG NGỌN NÚI Ở PHÍA BẮC MAKAR HANG ĐỘNG NÀY HOÀN TOÀN TÁCH BIỆT VỚI PHẦN CÒN LẠI CỦA THẾ GIỚI	NẰM TRÊN ĐỈNH CỦA MỘT TRONG NHỮNG NGỌN NÚI Ở PHÍA BẮC MECCA HANG ĐỘNG NÀY HOÀN TOÀN TÁCH BIỆT VỚI PHẦN CÒN LẠI CỦA THẾ GIỚI
776576860556087549-744	776576860556087549.wav	SSL/download/paper_benchmark/fleurs/audio/776576860556087549.wav	vặn hai cục bột khô với nhau rồi bóp chúng thành một viên cầu bằng tay ướt sạch	VẶN HAI CỤC BỘT KHÔ VỚI NHAU RỒI BÓP CHÚNG THÀNH MỘT VIÊN CẦU BẰNG TAY ƯỚT SẠCH	VẶN HAI CỤC BỘT KHÔ VỚI NHAU RỒI BÓP CHÚNG THÀNH MỘT VIÊN CẦU BẰNG TAY ƯỚT SẠCH
7873956581845678818-752	7873956581845678818.wav	SSL/download/paper_benchmark/fleurs/audio/7873956581845678818.wav	năm 2002 thành phố goma bị san bằng bởi núi lửa nyiragongo thảm họa núi lửa phun trào này đã chôn vùi phần lớn thành phố này đặc biệt là khu vực trung tâm thành phố	NĂM HAI NGÀN KHÔNG TRĂM LINH HAI THÀNH PHỐ GOMA BỊ SAN BẰNG BỞI NÚI LỬA NIGO THẢM HỌA LỬA NÀY ĐÃ CHÔN VÙI PHẦN LỚN THÀNH PHỐ NÀY ĐẶC BIỆT LÀ KHU VỰC TRUNG TÂM THÀNH PHỐ	NĂM 2002 THÀNH PHỐ GOMA BỊ SAN BẰNG BỞI NÚI LỬA NYIRAGONGO THẢM HỌA NÚI LỬA PHUN TRÀO NÀY ĐÃ CHÔN VÙI PHẦN LỚN THÀNH PHỐ NÀY ĐẶC BIỆT LÀ KHU VỰC TRUNG TÂM THÀNH PHỐ
7950980844094223888-760	7950980844094223888.wav	SSL/download/paper_benchmark/fleurs/audio/7950980844094223888.wav	duvall đã kết hôn và có hai người con trưởng thành không để lại ấn tượng gì nhiều với miller người có liên quan tới câu chuyện	GUN ĐÃ KẾT HÔN VÀ CÓ HAI NGƯỜI CON TRƯỞNG THÀNH KHÔNG ĐỂ LẠI ẤN TƯỢNG GÌ NHIỀU VỚI GEL NGƯỜI CÓ LIÊN QUAN TỚI CÂU CHUYỆN	DUVALL ĐÃ KẾT HÔN VÀ CÓ HAI NGƯỜI CON TRƯỞNG THÀNH KHÔNG ĐỂ LẠI ẤN TƯỢNG GÌ NHIỀU VỚI MILLER NGƯỜI CÓ LIÊN QUAN TỚI CÂU CHUYỆN
8193965199257446234-768	8193965199257446234.wav	SSL/download/paper_benchmark/fleurs/audio/8193965199257446234.wav	sau khi xảy ra tai nạn gibson đã được đưa vào bệnh viện nhưng mất không lâu sau đó	SAU KHI XẢY RA TAI NẠN ĐÃ ĐƯỢC ĐƯA VÀO BỆNH VIỆN NHƯNG MẤT KHÔNG LÂU SAU ĐÓ	SAU KHI XẢY RA TAI NẠN GIBSON ĐÃ ĐƯỢC ĐƯA VÀO BỆNH VIỆN NHƯNG MẤT KHÔNG LÂU SAU ĐÓ
8325914121283576921-776	8325914121283576921.wav	SSL/download/paper_benchmark/fleurs/audio/8325914121283576921.wav	các môn thể thao phổ biến gồm có bóng đá bóng rổ bóng chuyền bóng nước đấu kiếm rugby đạp xe khúc côn cầu trên băng khúc côn cầu patin và đua mô tô f1	CÁC MÔN THỂ THAO PHỔ BIẾN GỒM CÓ BÓNG ĐÁ BÓNG RỔ BÓNG CHUYỀN BÓNG NƯỚNG ĐẤU KIẾM XE HÚT CẦU TRÊN BĂNG CẦU BA VÀ ĐUA F MỘT	CÁC MÔN THỂ THAO PHỔ BIẾN GỒM CÓ BÓNG ĐÁ BÓNG RỔ BÓNG CHUYỀN BÓNG NƯỚC ĐẤU KIẾM RUGBY ĐẠP XE KHÚC CÔN CẦU TRÊN BĂNG KHÚC CÔN CẦU PATIN VÀ ĐUA MÔ TÔ F1
8474133802874903393-784	8474133802874903393.wav	SSL/download/paper_benchmark/fleurs/audio/8474133802874903393.wav	việc sử dụng máy quay video đã mang đến những phát hiện quan trọng trong việc diễn giải những biểu cảm thoáng qua chính là những cử động chỉ diễn ra trong vài mili-giây của khuôn mặt	VIỆC SỬ DỤNG MÁY QUAY VIDEO ĐÃ MANG ĐẾN NHỮNG PHÁT HIỆN QUAN TRỌNG TRONG VIỆC DIỄN GIẢI NHỮNG BIỂU CẢM THOÁNG QUA CHÍNH LÀ NHỮNG CỬ ĐỘNG CHỈ DIỄN RA TRONG VÀI MI LI GIÂY CỦA KHUÔN MẶT	VIỆC SỬ DỤNG MÁY QUAY VIDEO ĐÃ MANG ĐẾN NHỮNG PHÁT HIỆN QUAN TRỌNG TRONG VIỆC DIỄN GIẢI NHỮNG BIỂU CẢM THOÁNG QUA CHÍNH LÀ NHỮNG CỬ ĐỘNG CHỈ DIỄN RA TRONG VÀI MILI GIÂY CỦA KHUÔN MẶT
8577409555336282158-792	8577409555336282158.wav	SSL/download/paper_benchmark/fleurs/audio/8577409555336282158.wav	trên chiếc xe ngựa họ trở về paris bị bao quanh bởi một đám đông đang la hét và đe dọa đức vua và nữ hoàng	TRÊN CHIẾC XE NGỰA HỌ TRỞ VỀ PARIS BỊ BAO QUANH BỞI MỘT ĐÁM ĐÔNG ĐANG LA HÉT VÀ ĐE DỌA ĐỨC VUA VÀ NỮ HOÀNG	TRÊN CHIẾC XE NGỰA HỌ TRỞ VỀ PARIS BỊ BAO QUANH BỞI MỘT ĐÁM ĐÔNG ĐANG LA HÉT VÀ ĐE DỌA ĐỨC VUA VÀ NỮ HOÀNG
8731595238447901819-800	8731595238447901819.wav	SSL/download/paper_benchmark/fleurs/audio/8731595238447901819.wav	"""anh ta [wales] từ đầu đã nói dối chúng tôi. đầu tiên bằng việc làm như thể vì những lý do hợp pháp. thứ nữa bằng việc giả bộ như đang lắng nghe chúng tôi anh ta đã có màn xóa dấu vết đầy ngoạn mục."	ANH TA WAD TỪ ĐẦU ĐÃ NÓI DỐI CHÚNG TÔI ĐẦU TIÊN BẰNG VIỆC LÀM NHƯ THỂ VÌ NHỮNG LÝ DO HỢP PHÁP THỨ NỮA BẰNG VIỆC GIẢ BỘ NHƯ ĐANG LẮNG NGHE CHÚNG TÔI ANH TA ĐÃ CÓ MÀN XÓA DẤU VẾT ĐẦY NGOẠN MỤC	"""ANH TA [WALES] TỪ ĐẦU ĐÃ NÓI DỐI CHÚNG TÔI ĐẦU TIÊN BẰNG VIỆC LÀM NHƯ THỂ VÌ NHỮNG LÝ DO HỢP PHÁP THỨ NỮA BẰNG VIỆC GIẢ BỘ NHƯ ĐANG LẮNG NGHE CHÚNG TÔI ANH TA ĐÃ CÓ MÀN XÓA DẤU VẾT ĐẦY NGOẠN MỤC"
9004083517241133541-808	9004083517241133541.wav	SSL/download/paper_benchmark/fleurs/audio/9004083517241133541.wav	có người sẽ biến thành một người hoàn toàn khác và cảm thấy họ phải thay đổi mọi thứ mà cả nhóm đang làm và tự mình thực hiện	CÓ NGƯỜI SẼ BIẾN THÀNH MỘT NGƯỜI HOÀN TOÀN KHÁC VÀ CẢM THẤY HỌ PHẢI THAY ĐỔI MỌI THỨ MÀ CẢ NHÓM ĐANG LÀM VÀ TỰ MÌNH THỰC HIỆN	CÓ NGƯỜI SẼ BIẾN THÀNH MỘT NGƯỜI HOÀN TOÀN KHÁC VÀ CẢM THẤY HỌ PHẢI THAY ĐỔI MỌI THỨ MÀ CẢ NHÓM ĐANG LÀM VÀ TỰ MÌNH THỰC HIỆN
9059710052423505324-816	9059710052423505324.wav	SSL/download/paper_benchmark/fleurs/audio/9059710052423505324.wav	loài dê được thuần hoá lần đầu vào khoảng 10.000 năm trước tại dãy núi zagros thuộc iran	LOÀI DÊ ĐƯỢC THUẦN HÓA LẦN ĐẦU VÀO KHOẢNG MƯỜI NGÀN NĂM TRƯỚC TẠI DÃY NÚI JAK THUỘC IRAN	LOÀI DÊ ĐƯỢC THUẦN HOÁ LẦN ĐẦU VÀO KHOẢNG 10 000 NĂM TRƯỚC TẠI DÃY NÚI ZAGROS THUỘC IRAN
9160617067551080209-824	9160617067551080209.wav	SSL/download/paper_benchmark/fleurs/audio/9160617067551080209.wav	thủ đô của moldova là chişinău. ngôn ngữ địa phương là tiếng romania nhưng tiếng nga cũng được sử dụng rộng rãi	THỦ ĐÔ CỦA MONVA LÀ SISINA NGÔN NGỮ ĐỊA PHƯƠNG LÀ TIẾNG ROBOT NHƯNG TIẾNG NGA CŨNG ĐƯỢC SỬ DỤNG RỘNG RÃI	THỦ ĐÔ CỦA MOLDOVA LÀ CHIŞINĂU NGÔN NGỮ ĐỊA PHƯƠNG LÀ TIẾNG ROMANIA NHƯNG TIẾNG NGA CŨNG ĐƯỢC SỬ DỤNG RỘNG RÃI
9313743545909491446-832	9313743545909491446.wav	SSL/download/paper_benchmark/fleurs/audio/9313743545909491446.wav	trong suốt thời kỳ này của lịch sử châu âu nhà thờ công giáo lúc này đã trở nên giàu có và quyền lực bắt đầu chịu sự soi xét	TRONG SUỐT THỜI KỲ NÀY CỦA LỊCH SỬ CHÂU ÂU NHÀ THỜ CÔNG GIÁO LÚC NÀY ĐÃ TRỞ NÊN GIÀU CÓ VÀ QUYỀN LỰC BẮT ĐẦU CHỊU SỰ SO SÁ	TRONG SUỐT THỜI KỲ NÀY CỦA LỊCH SỬ CHÂU ÂU NHÀ THỜ CÔNG GIÁO LÚC NÀY ĐÃ TRỞ NÊN GIÀU CÓ VÀ QUYỀN LỰC BẮT ĐẦU CHỊU SỰ SOI XÉT
9526357831126029841-840	9526357831126029841.wav	SSL/download/paper_benchmark/fleurs/audio/9526357831126029841.wav	nếu vượt biển bắc baltic vào mùa đông hãy kiểm tra lại buồng ngủ vì khi tàu phá băng sẽ tạo ra những tiếng ồn kinh khủng mà không phải ai cũng chịu đựng được	NẾU VƯỢT BIỂN BẮC VÀO MÙA ĐÔNG HÃY KIỂM TRA LẠI BUỒN NGỦ VÌ KHI TÀU PHÁ BĂNG SẼ TẠO RA NHỮNG TIẾNG ỒN KINH KHỦNG MÀ KHÔNG PHẢI AI CŨNG CHỊU ĐỰNG ĐƯỢC	NẾU VƯỢT BIỂN BẮC BALTIC VÀO MÙA ĐÔNG HÃY KIỂM TRA LẠI BUỒNG NGỦ VÌ KHI TÀU PHÁ BĂNG SẼ TẠO RA NHỮNG TIẾNG ỒN KINH KHỦNG MÀ KHÔNG PHẢI AI CŨNG CHỊU ĐỰNG ĐƯỢC
982172718961957919-848	982172718961957919.wav	SSL/download/paper_benchmark/fleurs/audio/982172718961957919.wav	các nhà côn trùng học sử dụng thuật ngữ bọ với nghĩa chính thức để đặt cho nhóm côn trùng này	CÁC NHÀ CÔN TRÙNG HỌC SỬ DỤNG THUẬT NGỮ BỌ VỚI NGHĨA CHÍNH THỨC ĐỂ ĐẶT CHO NHÓM CÔN TRÙNG NÀY	CÁC NHÀ CÔN TRÙNG HỌC SỬ DỤNG THUẬT NGỮ BỌ VỚI NGHĨA CHÍNH THỨC ĐỂ ĐẶT CHO NHÓM CÔN TRÙNG NÀY
9987441723273407857-856	9987441723273407857.wav	SSL/download/paper_benchmark/fleurs/audio/9987441723273407857.wav	những nhà thờ truyền thống hơn thường tổ chức lễ vọng phục sinh vào đêm thứ bảy trong kỳ cuối tuần của lễ phục sinh và những người tụ họp thường cùng nhau chúc mừng vào lúc nửa đêm để mừng chúa phục sinh	NHỮNG NHÀ THỜ TRUYỀN THỐNG HƠN THƯỜNG TỔ CHỨC LỄ VỌNG PHỤC SINH VÀO ĐÊM THỨ BẢY TRONG KỲ CUỐI TUẦN CỦA LỄ PHỤC SINH VÀ NHỮNG NGƯỜI TỤ HỌP THƯỜNG CÙNG NHAU CHÚC MỪNG VÀO LÚC NỬA ĐÊM ĐỂ MỪNG CHÚA PHỤC SINH	NHỮNG NHÀ THỜ TRUYỀN THỐNG HƠN THƯỜNG TỔ CHỨC LỄ VỌNG PHỤC SINH VÀO ĐÊM THỨ BẢY TRONG KỲ CUỐI TUẦN CỦA LỄ PHỤC SINH VÀ NHỮNG NGƯỜI TỤ HỌP THƯỜNG CÙNG NHAU CHÚC MỪNG VÀO LÚC NỬA ĐÊM ĐỂ MỪNG CHÚA PHỤC SINH
10072308967409148015-1	10072308967409148015.wav	SSL/download/paper_benchmark/fleurs/audio/10072308967409148015.wav	đối với springboks trận này đã giúp đội tuyển kết thúc chuỗi thua 5 trận liền	ĐỐI VỚI SPRING BOOK TRẬN NÀY ĐÃ GIÚP ĐỘI TUYỂN KẾT THÚC CHUỖI THUA NĂM TRẬN LIỀN	ĐỐI VỚI SPRINGBOKS TRẬN NÀY ĐÃ GIÚP ĐỘI TUYỂN KẾT THÚC CHUỖI THUA 5 TRẬN LIỀN
1020360004532126324-9	1020360004532126324.wav	SSL/download/paper_benchmark/fleurs/audio/1020360004532126324.wav	trung hoa cổ đại có một cách thức độc đáo để trình bày những niên đại khác nhau mỗi một giai đoạn của trung hoa hoặc mỗi một gia tộc từng nắm giữ quyền lực tương ứng với một triều đại khác nhau	TRUNG HOA CỔ ĐẠI CÓ MỘT CÁCH THỨC ĐỘC ĐÁO ĐỂ TRÌNH BÀY NHỮNG NIÊN ĐẠI KHÁC NHAU MỖI MỘT GIAI ĐOẠN CỦA TRUNG HOA HOẶC MỖI MỘT GIA TỘC TỪNG NẮM GIỮ QUYỀN LỰC TƯƠNG ỨNG VỚI MỘT TRIỀU ĐẠI KHÁC NHAU	TRUNG HOA CỔ ĐẠI CÓ MỘT CÁCH THỨC ĐỘC ĐÁO ĐỂ TRÌNH BÀY NHỮNG NIÊN ĐẠI KHÁC NHAU MỖI MỘT GIAI ĐOẠN CỦA TRUNG HOA HOẶC MỖI MỘT GIA TỘC TỪNG NẮM GIỮ QUYỀN LỰC TƯƠNG ỨNG VỚI MỘT TRIỀU ĐẠI KHÁC NHAU
103677662251086347-17	103677662251086347.wav	SSL/download/paper_benchmark/fleurs/audio/103677662251086347.wav	cuomo 53 tuổi bắt đầu đảm nhiệm chức vụ thống đốc từ đầu năm nay tháng trước ông đã ký dự luật hợp pháp hóa hôn nhân đồng giới	KU NĂM MƯƠI BA TUỔI BẮT ĐẦU ĐẢM NHIỆM CHỨC VỤ THỐNG ĐỐC TỪ ĐẦU NĂM NAY THÁNG TRƯỚC ÔNG ĐÃ KÝ DỰ LUẬT HỢP PHÁP HÓA HÔN NHÂN ĐỒNG GIỚI	CUOMO 53 TUỔI BẮT ĐẦU ĐẢM NHIỆM CHỨC VỤ THỐNG ĐỐC TỪ ĐẦU NĂM NAY THÁNG TRƯỚC ÔNG ĐÃ KÝ DỰ LUẬT HỢP PHÁP HÓA HÔN NHÂN ĐỒNG GIỚI
10531614475822620460-25	10531614475822620460.wav	SSL/download/paper_benchmark/fleurs/audio/10531614475822620460.wav	năm 2002 thành phố goma bị san bằng bởi núi lửa nyiragongo thảm họa núi lửa phun trào này đã chôn vùi phần lớn thành phố này đặc biệt là khu vực trung tâm thành phố	NĂM HAI NGÀN LẺ HAI THÀNH PHỐ GOMA BỊ SAN BẰNG BỞI NÚI LỬA NIN GOO THẢM HỌA LỬA NÀY ĐÃ CHÔN VÙI PHẦN LỚN THÀNH PHỐ NÀY ĐẶC BIỆT LÀ KHU VỰC TRUNG TÂM THÀNH PHỐ	NĂM 2002 THÀNH PHỐ GOMA BỊ SAN BẰNG BỞI NÚI LỬA NYIRAGONGO THẢM HỌA NÚI LỬA PHUN TRÀO NÀY ĐÃ CHÔN VÙI PHẦN LỚN THÀNH PHỐ NÀY ĐẶC BIỆT LÀ KHU VỰC TRUNG TÂM THÀNH PHỐ
1075070731814204468-33	1075070731814204468.wav	SSL/download/paper_benchmark/fleurs/audio/1075070731814204468.wav	đầu tiên hầu hết người cưỡi ngựa mang ủng có gót cao và đế trơn khá hẹp	ĐẦU TIÊN HẦU HẾT NGƯỜI CỞI NGỰA MANG ỦNG CÓ GÓT CAO VÀ ĐẾ TRƠN KHÁ HẸP	ĐẦU TIÊN HẦU HẾT NGƯỜI CƯỠI NGỰA MANG ỦNG CÓ GÓT CAO VÀ ĐẾ TRƠN KHÁ HẸP
10865708684535274985-41	10865708684535274985.wav	SSL/download/paper_benchmark/fleurs/audio/10865708684535274985.wav	tác phẩm của ông có phẩm chất và chi tiết được tán dương đến mức ông là một trong số rất ít tên tuổi lớn nổi bật trong giới sưu tầm tem một số nhà sưu tập chỉ chuyên sưu tầm tác phẩm của ông	TÁC PHẨM CỦA ÔNG CÓ PHẨM CHẤT VỀ CHI TIẾT ĐƯỢC TÁN ĐẾN MỨC ÔNG LÀ MỘT TRONG SỐ RẤT ÍT TÊN TUỔI LỚN NỔI BẬT TRONG GIỚI SƯU TẦM TEM MỘT SỐ NHÀ SƯU TẬP CHỈ CHUYÊN SƯU TẦM TÁC PHẨM KHÔNG	TÁC PHẨM CỦA ÔNG CÓ PHẨM CHẤT VÀ CHI TIẾT ĐƯỢC TÁN DƯƠNG ĐẾN MỨC ÔNG LÀ MỘT TRONG SỐ RẤT ÍT TÊN TUỔI LỚN NỔI BẬT TRONG GIỚI SƯU TẦM TEM MỘT SỐ NHÀ SƯU TẬP CHỈ CHUYÊN SƯU TẦM TÁC PHẨM CỦA ÔNG
1106781061019781398-49	1106781061019781398.wav	SSL/download/paper_benchmark/fleurs/audio/1106781061019781398.wav	các nhiếp ảnh gia về sau đã chiếm vị trí của người phụ nữ cao niên khi bà cần nhà vệ sinh mendoza đã bị bắn hạ	CÁC NHIẾP ẢNH GIA VỀ SAU ĐÃ CHIẾM VỊ TRÍ CỦA NGƯỜI PHỤ NỮ CAO NIÊN KHI BÀ CẦN NHÀ VỆ SINH MENDODA ĐÃ BỊ BẮN HẠ	CÁC NHIẾP ẢNH GIA VỀ SAU ĐÃ CHIẾM VỊ TRÍ CỦA NGƯỜI PHỤ NỮ CAO NIÊN KHI BÀ CẦN NHÀ VỆ SINH MENDOZA ĐÃ BỊ BẮN HẠ
11166288458925932654-57	11166288458925932654.wav	SSL/download/paper_benchmark/fleurs/audio/11166288458925932654.wav	chúng ta không biết chắc chắn nhưng có thể nó có lưỡi chẻ thức ăn của nó bao gồm rùa cá lớn những con mosasaur khác và nó thậm chí có thể là thú ăn thịt	CHÚNG TA KHÔNG BIẾT CHẮC CHẮN NHƯNG CHÚNG TA CÓ THỂ CÓ LỬA THỨC ĂN CỦA NÓ BAO GỒM RÙA CÁ LỚN NHỮNG CON MOSAO CÁT VÀ NÓ THẬM CHÍ CÓ THỂ LÀ THÚ ĂN THỊT	CHÚNG TA KHÔNG BIẾT CHẮC CHẮN NHƯNG CÓ THỂ NÓ CÓ LƯỠI CHẺ THỨC ĂN CỦA NÓ BAO GỒM RÙA CÁ LỚN NHỮNG CON MOSASAUR KHÁC VÀ NÓ THẬM CHÍ CÓ THỂ LÀ THÚ ĂN THỊT
11316625460955163618-65	11316625460955163618.wav	SSL/download/paper_benchmark/fleurs/audio/11316625460955163618.wav	thương long là loài ăn thịt đỉnh cao trong thời kỳ tồn tại của nó vì thế nó không sợ gì cả ngoại trừ những con thương long khác	THƯƠNG LONG LÀ LOÀI ĂN THỊT ĐỈNH CAO TRONG THỜI KỲ TỒN TẠI CỦA NÓ VÌ THẾ NÓ KHÔNG SỢ GÌ CẢ NGOẠI TRỪ NHỮNG CON THƯƠNG LONG KHÁC	THƯƠNG LONG LÀ LOÀI ĂN THỊT ĐỈNH CAO TRONG THỜI KỲ TỒN TẠI CỦA NÓ VÌ THẾ NÓ KHÔNG SỢ GÌ CẢ NGOẠI TRỪ NHỮNG CON THƯƠNG LONG KHÁC
11460046455704242163-73	11460046455704242163.wav	SSL/download/paper_benchmark/fleurs/audio/11460046455704242163.wav	tất cả mọi người đều tham gia vào xã hội và sử dụng các hệ thống giao thông gần như ai cũng than phiền về các hệ thống giao thông này	TẤT CẢ MỌI NGƯỜI ĐỀU THAM GIA VÀO XÃ HỘI VÀ SỬ DỤNG CÁC HỆ THỐNG GIAO THÔNG GẦN NHƯ AI CŨNG THAN PHIỀN VỀ CÁC HỆ THỐNG GIAO THÔNG NÀY	TẤT CẢ MỌI NGƯỜI ĐỀU THAM GIA VÀO XÃ HỘI VÀ SỬ DỤNG CÁC HỆ THỐNG GIAO THÔNG GẦN NHƯ AI CŨNG THAN PHIỀN VỀ CÁC HỆ THỐNG GIAO THÔNG NÀY
11631605127091048384-81	11631605127091048384.wav	SSL/download/paper_benchmark/fleurs/audio/11631605127091048384.wav	một số chuyến du lịch sẽ đề cập đến thành phố berlin đức trong tờ quảng cáo như bạn thấy trên bản đồ berlin không nằm gần biển và chuyến tham quan thành phố sẽ không bao gồm trong giá chuyến đi	MỘT SỐ CHUYẾN DU LỊCH SẼ ĐỀ CẬP ĐẾN THÀNH PHỐ BERLIN ĐỨC TRONG TỜ QUẢNG CÁO NHƯ BẠN THẤY TRÊN BẢN ĐỒ BERLIN KHÔNG NẰM GẦN BIỂN VÀ CHUYẾN THĂM QUAN THÀNH PHỐ SẼ KHÔNG BAO GỒM TRONG GIÁ CHUYẾN ĐI	MỘT SỐ CHUYẾN DU LỊCH SẼ ĐỀ CẬP ĐẾN THÀNH PHỐ BERLIN ĐỨC TRONG TỜ QUẢNG CÁO NHƯ BẠN THẤY TRÊN BẢN ĐỒ BERLIN KHÔNG NẰM GẦN BIỂN VÀ CHUYẾN THAM QUAN THÀNH PHỐ SẼ KHÔNG BAO GỒM TRONG GIÁ CHUYẾN ĐI
11765686285773461217-89	11765686285773461217.wav	SSL/download/paper_benchmark/fleurs/audio/11765686285773461217.wav	một trong những phương pháp phổ biến nhất được sử dụng để minh họa tầm quan trọng của xã hội hóa là dẫn chứng một vài trường hợp đáng tiếc về trẻ em liên quan đến sự bỏ bê bất hạnh hoặc cố ý lạm dụng thiếu tiếp xúc xã hội đến từ người nuôi dưỡng khi trẻ trưởng thành	MỘT TRONG NHỮNG PHƯƠNG PHÁP PHỔ BIẾN NHẤT ĐƯỢC SỬ DỤNG ĐỂ MINH HỌA TẦM QUAN TRỌNG CỦA XÃ HỘI HÓA LÀ DẪN CHỨNG MỘT VÀI TRƯỜNG HỢP ĐÁNG TIẾC VỀ TRẺ EM LIÊN QUAN ĐẾN SỰ BỎ BÊ BẤT HẠNH HOẶC CỐ Ý LẠM DỤNG THIẾU TIẾP XÚC XÃ HỘI ĐẾN TỪ NGƯỜI NUÔI DƯỠNG KHI TRẺ TRƯỞNG THÀNH	MỘT TRONG NHỮNG PHƯƠNG PHÁP PHỔ BIẾN NHẤT ĐƯỢC SỬ DỤNG ĐỂ MINH HỌA TẦM QUAN TRỌNG CỦA XÃ HỘI HÓA LÀ DẪN CHỨNG MỘT VÀI TRƯỜNG HỢP ĐÁNG TIẾC VỀ TRẺ EM LIÊN QUAN ĐẾN SỰ BỎ BÊ BẤT HẠNH HOẶC CỐ Ý LẠM DỤNG THIẾU TIẾP XÚC XÃ HỘI ĐẾN TỪ NGƯỜI NUÔI DƯỠNG KHI TRẺ TRƯỞNG THÀNH
11979962168673618430-97	11979962168673618430.wav	SSL/download/paper_benchmark/fleurs/audio/11979962168673618430.wav	chúng hầu hết đều là bãi biển cát an toàn cho việc bơi lội và hầu hết có bóng mát từ các cây pohutukawa	CHÚNG HẦU HẾT ĐỀU LÀ BÃI BIỂN CÁT AN TOÀN CHO VIỆC BƠI LỘI VÀ HẦU HẾT CÓ BÓNG MÁT TỪ CÁC CÂY BOOKA	CHÚNG HẦU HẾT ĐỀU LÀ BÃI BIỂN CÁT AN TOÀN CHO VIỆC BƠI LỘI VÀ HẦU HẾT CÓ BÓNG MÁT TỪ CÁC CÂY POHUTUKAWA
12152622186191596467-105	12152622186191596467.wav	SSL/download/paper_benchmark/fleurs/audio/12152622186191596467.wav	ottawa là thủ đô song ngữ quyến rũ của canada sở hữu hàng loạt phòng trưng bày nghệ thuật và bảo tàng trưng bày các hiện vật lịch sử và hiện đại của canada	ORTHAA LÀ THỦ ĐÔ QUYẾN RŨ CỦA CANADA HÀNG LOẠT PHÒNG TRƯNG BÀY NGHỆ THUẬT VÀ BẢO TÀNG TRƯNG BÀY CÁC HIỆN VẬT LỊCH SỬ VÀ HIỆN ĐẠI CỦA CANADA	OTTAWA LÀ THỦ ĐÔ SONG NGỮ QUYẾN RŨ CỦA CANADA SỞ HỮU HÀNG LOẠT PHÒNG TRƯNG BÀY NGHỆ THUẬT VÀ BẢO TÀNG TRƯNG BÀY CÁC HIỆN VẬT LỊCH SỬ VÀ HIỆN ĐẠI CỦA CANADA
12277091040477498402-113	12277091040477498402.wav	SSL/download/paper_benchmark/fleurs/audio/12277091040477498402.wav	trong hai năm kết thúc cuộc chiến các đồng minh trước kia lại là kẻ thù và chiến tranh lạnh bắt đầu	TRONG HAI NĂM KẾT THÚC CUỘC CHIẾN CÁC ĐỒNG MINH TRƯỚC KIA LẠI KẺ THÙ VÀ CHIẾN TRANH LẠNH BẮT ĐẦU	TRONG HAI NĂM KẾT THÚC CUỘC CHIẾN CÁC ĐỒNG MINH TRƯỚC KIA LẠI LÀ KẺ THÙ VÀ CHIẾN TRANH LẠNH BẮT ĐẦU
12426748956553466325-121	12426748956553466325.wav	SSL/download/paper_benchmark/fleurs/audio/12426748956553466325.wav	thung lũng cochamó địa điểm leo núi hàng đầu của chile được gọi là yosemite nam mỹ với nhiều vách núi dựng đứng và sườn dốc lởm chởm của đá granit	THUNG LŨNG COUCHAM ĐỊA ĐIỂM LEO NÚI HÀNG ĐẦU CỦA CHI LÊ ĐƯỢC GỌI LÀ YOUSMIT NAM MỸ VỚI NHIỀU VÁCH ĐỨNG VÀ SƯỜN DỐC LỎM TRỞ CỦA ĐÁI	THUNG LŨNG COCHAMÓ ĐỊA ĐIỂM LEO NÚI HÀNG ĐẦU CỦA CHILE ĐƯỢC GỌI LÀ YOSEMITE NAM MỸ VỚI NHIỀU VÁCH NÚI DỰNG ĐỨNG VÀ SƯỜN DỐC LỞM CHỞM CỦA ĐÁ GRANIT
12520614282124979948-129	12520614282124979948.wav	SSL/download/paper_benchmark/fleurs/audio/12520614282124979948.wav	khu vực này tiếp giáp với sahei về phía bắc và giáp đại tây dương về phía nam và phía tây	KHU VỰC NÀY TIẾP GIÁP VỚI SAY VỀ PHÍA BẮC VÀ GIÁP ĐẠI TÂY DƯƠNG VỀ PHÍA NAM VÀ PHÍA TÂY	KHU VỰC NÀY TIẾP GIÁP VỚI SAHEI VỀ PHÍA BẮC VÀ GIÁP ĐẠI TÂY DƯƠNG VỀ PHÍA NAM VÀ PHÍA TÂY
12670767106992780263-137	12670767106992780263.wav	SSL/download/paper_benchmark/fleurs/audio/12670767106992780263.wav	đến năm 1976 ba mươi phần trăm của machu picchu đã được phục hồi và công việc phục hồi vẫn tiếp diễn cho đến ngày nay	ĐẾN NĂM MỘT CHÍN BẢY SÁU BA MƯƠI PHẦN TRĂM CỦA MATUBITU ĐÃ ĐƯỢC PHỤC HỒI VÀ CÔNG VIỆC PHỤC HỒI VẪN TIẾP DIỄN CHO ĐẾN NGÀY NAY	ĐẾN NĂM 1976 BA MƯƠI PHẦN TRĂM CỦA MACHU PICCHU ĐÃ ĐƯỢC PHỤC HỒI VÀ CÔNG VIỆC PHỤC HỒI VẪN TIẾP DIỄN CHO ĐẾN NGÀY NAY
12870657653623570389-145	12870657653623570389.wav	SSL/download/paper_benchmark/fleurs/audio/12870657653623570389.wav	20% lượng nước đổ từ các con sông trên hành tinh này ra đại dương đều bắt nguồn từ amazon	HAI MƯƠI PHẦN TRĂM LƯỢNG NƯỚC ĐỔ TỪ CÁC CON SÔNG TRÊN HÀNH TINH NÀY RA ĐẠI DƯƠNG ĐỀU BẮT NGUỒN TỪ AMAZON	20% LƯỢNG NƯỚC ĐỔ TỪ CÁC CON SÔNG TRÊN HÀNH TINH NÀY RA ĐẠI DƯƠNG ĐỀU BẮT NGUỒN TỪ AMAZON
13030687246331668062-153	13030687246331668062.wav	SSL/download/paper_benchmark/fleurs/audio/13030687246331668062.wav	ông ta cũng tham gia vào việc khắc các loại tiền giấy cho nhiều quốc gia những ví dụ gần đây về công việc của ông ấy bao gồm chân dung thủ tướng trên mặt trước của tờ 5 đô la canada và 100 đô la canada mới	ÔNG TA CŨNG THAM GIA VÀO VIỆC PHÁT CÁC LOẠI TIỀN GIẤY CHO NHIỀU QUỐC GIA NHỮNG VÍ DỤ GẦN ĐÂY VỀ CÔNG VIỆC CỦA ÔNG ẤY BAO GỒM CHÂN DUNG THỦ TƯỚNG TRÊN MẶT TRƯỚC CỦA TỜ NĂM ĐÔ LA VÀ MỘT TRĂM ĐÔ LA MỚI	ÔNG TA CŨNG THAM GIA VÀO VIỆC KHẮC CÁC LOẠI TIỀN GIẤY CHO NHIỀU QUỐC GIA NHỮNG VÍ DỤ GẦN ĐÂY VỀ CÔNG VIỆC CỦA ÔNG ẤY BAO GỒM CHÂN DUNG THỦ TƯỚNG TRÊN MẶT TRƯỚC CỦA TỜ 5 ĐÔ LA CANADA VÀ 100 ĐÔ LA CANADA MỚI
13171410379270171001-161	13171410379270171001.wav	SSL/download/paper_benchmark/fleurs/audio/13171410379270171001.wav	thương long là loài ăn thịt đỉnh cao trong thời kỳ tồn tại của nó vì thế nó không sợ gì cả ngoại trừ những con thương long khác	THƯƠNG LONG LÀ LOÀI ĂN THỊT CAO TRONG THỜI KỲ TỒN TẠI CỦA NÓ VÌ THẾ NÓ KHÔNG SỢ GÌ CẢ NGOẠI TRỪ NHỮNG CON THƯƠNG KHÁC	THƯƠNG LONG LÀ LOÀI ĂN THỊT ĐỈNH CAO TRONG THỜI KỲ TỒN TẠI CỦA NÓ VÌ THẾ NÓ KHÔNG SỢ GÌ CẢ NGOẠI TRỪ NHỮNG CON THƯƠNG LONG KHÁC
13377774335917940270-169	13377774335917940270.wav	SSL/download/paper_benchmark/fleurs/audio/13377774335917940270.wav	sau khi đập được xây vào năm 1963 lũ theo mùa bình thường sẽ đưa phù sa đi hết chiều dài sông đã bị chặn lại	SAU KHI ĐẬP ĐƯỢC XÂY VÀO NĂM MỘT NGÀN CHÍN TRĂM SÁU MƯƠI BA LŨ THEO MÙA BÌNH THƯỜNG SẼ ĐƯA PHÙ SA ĐI HẾT CHIỀU DÀI SÔNG ĐÃ BỊ CHẶN LẠI	SAU KHI ĐẬP ĐƯỢC XÂY VÀO NĂM 1963 LŨ THEO MÙA BÌNH THƯỜNG SẼ ĐƯA PHÙ SA ĐI HẾT CHIỀU DÀI SÔNG ĐÃ BỊ CHẶN LẠI
13555228246968912748-177	13555228246968912748.wav	SSL/download/paper_benchmark/fleurs/audio/13555228246968912748.wav	một trong những phương pháp phổ biến nhất được sử dụng để minh họa tầm quan trọng của xã hội hóa là dẫn chứng một vài trường hợp đáng tiếc về trẻ em liên quan đến sự bỏ bê bất hạnh hoặc cố ý lạm dụng thiếu tiếp xúc xã hội đến từ người nuôi dưỡng khi trẻ trưởng thành	MỘT TRONG NHỮNG PHƯƠNG PHÁP PHỔ BIẾN NHẤT ĐƯỢC SỬ DỤNG ĐỂ MINH HỌA TẦM QUAN TRỌNG CỦA XÃ HỘI HÓA LÀ DẪN CHỨNG MỘT VÀI TRƯỜNG HỢP ĐÁNG TIẾC VỀ TRẺ EM LIÊN QUAN ĐẾN SỰ BỎ BÊ BẤT HẠNH HOẶC CỐ Ý LẠM DỤNG THIẾU TIẾP XÚC XÃ HỘI ĐẾN TỪ NGƯỜI NUÔI DƯỠNG KHI TRẺ TRƯỞNG THÀNH	MỘT TRONG NHỮNG PHƯƠNG PHÁP PHỔ BIẾN NHẤT ĐƯỢC SỬ DỤNG ĐỂ MINH HỌA TẦM QUAN TRỌNG CỦA XÃ HỘI HÓA LÀ DẪN CHỨNG MỘT VÀI TRƯỜNG HỢP ĐÁNG TIẾC VỀ TRẺ EM LIÊN QUAN ĐẾN SỰ BỎ BÊ BẤT HẠNH HOẶC CỐ Ý LẠM DỤNG THIẾU TIẾP XÚC XÃ HỘI ĐẾN TỪ NGƯỜI NUÔI DƯỠNG KHI TRẺ TRƯỞNG THÀNH
13707616089147362697-185	13707616089147362697.wav	SSL/download/paper_benchmark/fleurs/audio/13707616089147362697.wav	phòng quản lý tình trạng khẩn cấp miền bắc marianas cho biết không có báo cáo nào về tổn thất ở quốc gia này	PHÒNG QUẢN LÝ TÌNH TRẠNG KHẨN CẤP MIỀN BẮC MAI CHO BIẾT KHÔNG CÓ BÁO CÁO NÀO VỀ TỔN THẤT Ở QUỐC GIA NÀY	PHÒNG QUẢN LÝ TÌNH TRẠNG KHẨN CẤP MIỀN BẮC MARIANAS CHO BIẾT KHÔNG CÓ BÁO CÁO NÀO VỀ TỔN THẤT Ở QUỐC GIA NÀY
13901899891943408754-193	13901899891943408754.wav	SSL/download/paper_benchmark/fleurs/audio/13901899891943408754.wav	nextgen là hệ thống mà faa tuyên bố sẽ cho phép máy bay bay quãng đường ngắn hơn và tiết triệu hàng triệu gallon nhiên liệu mỗi năm và cắt giảm lượng khí thải cacbon	LEGEN LÀ HỆ THỐNG MÀ FA TUYÊN BỐ SẼ CHO PHÉP MÁY BAY QUÃNG ĐƯỜNG NGẮN HƠN VÀ TIẾT KIỆM HÀNG TRIỆU GALON NHIÊN LIỆU MỖI NĂM VÀ CẮT GIẢM LƯỢNG KHÍ THẢI CÁC BON	NEXTGEN LÀ HỆ THỐNG MÀ FAA TUYÊN BỐ SẼ CHO PHÉP MÁY BAY BAY QUÃNG ĐƯỜNG NGẮN HƠN VÀ TIẾT TRIỆU HÀNG TRIỆU GALLON NHIÊN LIỆU MỖI NĂM VÀ CẮT GIẢM LƯỢNG KHÍ THẢI CACBON
14100483388036845996-201	14100483388036845996.wav	SSL/download/paper_benchmark/fleurs/audio/14100483388036845996.wav	kết quả là người biểu diễn hút cần sa cùng lên sân khấu và chính nhà hát khuyến khích khán giả tham gia	KẾT QUẢ LÀ NGƯỜI BIỂU DIỄN HÚT SA CÙNG LÊN SÂN KHẤU VÀ CHÍNH NHÀ HÁT KHUYẾN KHÍCH KHÁN GIẢ THAM GIA	KẾT QUẢ LÀ NGƯỜI BIỂU DIỄN HÚT CẦN SA CÙNG LÊN SÂN KHẤU VÀ CHÍNH NHÀ HÁT KHUYẾN KHÍCH KHÁN GIẢ THAM GIA
14201088583659490941-209	14201088583659490941.wav	SSL/download/paper_benchmark/fleurs/audio/14201088583659490941.wav	đây là một cơ hội tốt để ngắm nhìn hiện tượng cực quang vì bầu trời sẽ ít nhiều tối hơn trong cả ngày	ĐÂY LÀ MỘT CƠ HỘI TỐT ĐỂ NGẮM NHÌN HIỆN TƯỢNG CỰC VỀ BẦU TRỜI SẼ ÍT NHIỀU TỐI HƠN TRONG CẢ NGÀY	ĐÂY LÀ MỘT CƠ HỘI TỐT ĐỂ NGẮM NHÌN HIỆN TƯỢNG CỰC QUANG VÌ BẦU TRỜI SẼ ÍT NHIỀU TỐI HƠN TRONG CẢ NGÀY
14404037008439550636-217	14404037008439550636.wav	SSL/download/paper_benchmark/fleurs/audio/14404037008439550636.wav	duvall đã kết hôn và có hai người con trưởng thành không để lại ấn tượng gì nhiều với miller người có liên quan tới câu chuyện	ĐUN ĐÃ KẾT HÔN VÀ CÓ HAI NGƯỜI CON TRƯỞNG THÀNH KHÔNG ĐỂ LẠI ẤN TƯỢNG GÌ NHIỀU VỚI MAILER NGƯỜI CÓ LIÊN QUAN TỚI CÂU CHUYỆN	DUVALL ĐÃ KẾT HÔN VÀ CÓ HAI NGƯỜI CON TRƯỞNG THÀNH KHÔNG ĐỂ LẠI ẤN TƯỢNG GÌ NHIỀU VỚI MILLER NGƯỜI CÓ LIÊN QUAN TỚI CÂU CHUYỆN
14565968580185626500-225	14565968580185626500.wav	SSL/download/paper_benchmark/fleurs/audio/14565968580185626500.wav	người ta chỉ có thể tự hỏi rồi đây bàn phím sẽ có số phận như thế nào khi một thứ gì đó mới hơn xuất hiện	NGƯỜI TA CHỈ CÓ THỂ TỰ HỎI RỒI ĐÂY BÀN PHÍM SẼ CÓ SỐ PHẬN NHƯ THẾ NÀO KHI MỘT THỨ GÌ ĐÓ MỚI HƠN XUẤT HIỆN	NGƯỜI TA CHỈ CÓ THỂ TỰ HỎI RỒI ĐÂY BÀN PHÍM SẼ CÓ SỐ PHẬN NHƯ THẾ NÀO KHI MỘT THỨ GÌ ĐÓ MỚI HƠN XUẤT HIỆN
1465566560280729346-233	1465566560280729346.wav	SSL/download/paper_benchmark/fleurs/audio/1465566560280729346.wav	đến năm 1976 ba mươi phần trăm của machu picchu đã được phục hồi và công việc phục hồi vẫn tiếp diễn cho đến ngày nay	ĐẾN NĂM MỘT CHÍN BẢY SÁU BA MƯƠI PHẦN TRĂM CỦA MATUBICHU ĐÃ ĐƯỢC PHỤC HỒI VÀ CÔNG VIỆC PHỤC HỒI VẪN TIẾP DIỄN CHO ĐẾN NGÀY NAY	ĐẾN NĂM 1976 BA MƯƠI PHẦN TRĂM CỦA MACHU PICCHU ĐÃ ĐƯỢC PHỤC HỒI VÀ CÔNG VIỆC PHỤC HỒI VẪN TIẾP DIỄN CHO ĐẾN NGÀY NAY
14780176938069794837-241	14780176938069794837.wav	SSL/download/paper_benchmark/fleurs/audio/14780176938069794837.wav	tuần trước meti thông báo apple đã báo cho họ thêm 34 sự cố quá nhiệt mà theo công ty là không nghiêm trọng	TUẦN TRƯỚC MCIA THÔNG BÁO ABO ĐÃ BÁO CHO HỌ THÊM BA MƯƠI BỐN SỰ CỐ QUÁ NHIỆT MÀ THEO CÔNG TY LÀ KHÔNG NGHIÊM TRỌNG	TUẦN TRƯỚC METI THÔNG BÁO APPLE ĐÃ BÁO CHO HỌ THÊM 34 SỰ CỐ QUÁ NHIỆT MÀ THEO CÔNG TY LÀ KHÔNG NGHIÊM TRỌNG
15046836469073899333-249	15046836469073899333.wav	SSL/download/paper_benchmark/fleurs/audio/15046836469073899333.wav	độ ẩm trên tay của bạn sẽ phản ứng với các lớp bên ngoài tạo cảm giác là lạ và nặn thành một loại vỏ	ĐỘ ẨM TRÊN TAY CỦA BẠN SẼ PHẢN ỨNG VỚI CÁC LỚP BÊN NGOÀI TẠO CẢM GIÁC LÀ LẠ VÀ NẶN THÀNH MỘT LOẠI VỎ	ĐỘ ẨM TRÊN TAY CỦA BẠN SẼ PHẢN ỨNG VỚI CÁC LỚP BÊN NGOÀI TẠO CẢM GIÁC LÀ LẠ VÀ NẶN THÀNH MỘT LOẠI VỎ
15100292492942754504-257	15100292492942754504.wav	SSL/download/paper_benchmark/fleurs/audio/15100292492942754504.wav	ông nói thêm tuy vậy không nên yêu cầu các em thực hiện những bổn phận không phù hợp với giai đoạn phát triển trách nhiệm và khả năng của mình	ÔNG NÓI THÊM TUY VẬY KHÔNG NÊN YÊU CẦU CÁC EM THỰC HIỆN NHỮNG BỔN PHẬN KHÔNG PHÙ HỢP VỚI GIAI ĐOẠN PHÁT TRIỂN TRÁCH NHIỆM VÀ KHẢ NĂNG CỦA MÌNH	ÔNG NÓI THÊM TUY VẬY KHÔNG NÊN YÊU CẦU CÁC EM THỰC HIỆN NHỮNG BỔN PHẬN KHÔNG PHÙ HỢP VỚI GIAI ĐOẠN PHÁT TRIỂN TRÁCH NHIỆM VÀ KHẢ NĂNG CỦA MÌNH
15241585788303470387-265	15241585788303470387.wav	SSL/download/paper_benchmark/fleurs/audio/15241585788303470387.wav	để được ngắm nhìn hồng kông từ góc độ đẹp nhất hãy rời hòn đảo và đến thẳng bờ sông kowloon đối diện	ĐỂ ĐƯỢC NGẮM NHÌN HỒNG KÔNG TỪ GÓC ĐỘ ĐẸP NHẤT HÃY RỜI HÒN ĐẢO VÀ ĐẾN THẲNG BỜ SÔNG CÔLON ĐỐI DIỆN	ĐỂ ĐƯỢC NGẮM NHÌN HỒNG KÔNG TỪ GÓC ĐỘ ĐẸP NHẤT HÃY RỜI HÒN ĐẢO VÀ ĐẾN THẲNG BỜ SÔNG KOWLOON ĐỐI DIỆN
15379757362583753498-273	15379757362583753498.wav	SSL/download/paper_benchmark/fleurs/audio/15379757362583753498.wav	ban đầu ông ta nhập viện tại bệnh viện james paget ở great yarmouth	BAN ĐẦU ÔNG TA NHẬP VIỆN TẠI BỆNH VIỆN JAMBERS Ở RIT GAM MỐT	BAN ĐẦU ÔNG TA NHẬP VIỆN TẠI BỆNH VIỆN JAMES PAGET Ở GREAT YARMOUTH
15475286645831936233-281	15475286645831936233.wav	SSL/download/paper_benchmark/fleurs/audio/15475286645831936233.wav	muhammad quan tâm sâu sắc đến những vấn đề ngoài cuộc sống trần tục này. ông ấy thường đến một hang động được gọi là hira‘ trên núi noor ánh sáng để suy ngẫm	MƠHAMET QUAN TÂM SÂU SẮC ĐẾN NHỮNG VẤN ĐỀ NGOÀI CUỘC SỐNG TRẦN TỤC NÀY ÔNG ẤY THƯỜNG ĐẾN MỘT HANG ĐỘNG ĐƯỢC GỌI LÀ HIZA TRÊN NÚI NO ÁNH SÁNG ĐỂ SUY NGẪM	MUHAMMAD QUAN TÂM SÂU SẮC ĐẾN NHỮNG VẤN ĐỀ NGOÀI CUỘC SỐNG TRẦN TỤC NÀY ÔNG ẤY THƯỜNG ĐẾN MỘT HANG ĐỘNG ĐƯỢC GỌI LÀ HIRA‘ TRÊN NÚI NOOR ÁNH SÁNG ĐỂ SUY NGẪM
15568850481686581393-289	15568850481686581393.wav	SSL/download/paper_benchmark/fleurs/audio/15568850481686581393.wav	những nhà thờ truyền thống hơn thường tổ chức lễ vọng phục sinh vào đêm thứ bảy trong kỳ cuối tuần của lễ phục sinh và những người tụ họp thường cùng nhau chúc mừng vào lúc nửa đêm để mừng chúa phục sinh	NHỮNG NHÀ THỜ TRUYỀN THỐNG HƠN THƯỜNG TỔ CHỨC LỄ GIỌNG PHỤC SINH VÀO ĐÊM THỨ BẢY TRONG KỲ CUỐI TUẦN CỦA LỄ PHỤC SINH VÀ NHỮNG NGƯỜI TỤ HỌP THƯỜNG CÙNG NHAU CHÚC MỪNG VÀO LÚC NỬA ĐÊM ĐỂ MỪNG CHÚA PHỤC SINH	NHỮNG NHÀ THỜ TRUYỀN THỐNG HƠN THƯỜNG TỔ CHỨC LỄ VỌNG PHỤC SINH VÀO ĐÊM THỨ BẢY TRONG KỲ CUỐI TUẦN CỦA LỄ PHỤC SINH VÀ NHỮNG NGƯỜI TỤ HỌP THƯỜNG CÙNG NHAU CHÚC MỪNG VÀO LÚC NỬA ĐÊM ĐỂ MỪNG CHÚA PHỤC SINH
15648897333988727523-297	15648897333988727523.wav	SSL/download/paper_benchmark/fleurs/audio/15648897333988727523.wav	phần lan là một điểm đến tuyệt vời cho người yêu thuyền vùng đất ngàn hồ cũng có hàng ngàn hòn đảo nằm bên trong hồ và các quần đảo ven biển	PHẦN LAN LÀ MỘT ĐIỂM ĐẾN TUYỆT VỜI CHO NGƯỜI YÊU THUYỀN VÙNG ĐẤT NGÀN HỒ CŨNG CÓ HÀNG NGÀN HÒN ĐẢO NẰM BÊN TRONG HỒ VÀ CÁC QUẦN ĐẢO VEN BIỂN	PHẦN LAN LÀ MỘT ĐIỂM ĐẾN TUYỆT VỜI CHO NGƯỜI YÊU THUYỀN VÙNG ĐẤT NGÀN HỒ CŨNG CÓ HÀNG NGÀN HÒN ĐẢO NẰM BÊN TRONG HỒ VÀ CÁC QUẦN ĐẢO VEN BIỂN
15799703460417041881-305	15799703460417041881.wav	SSL/download/paper_benchmark/fleurs/audio/15799703460417041881.wav	thời gian di chuyển của tàu saint petersburg bao gồm cả thời gian trong thành phố. hành khách trên tàu được miễn thị thực kiểm tra các điều khoản	THỜI GIAN DI CHUYỂN PITER BAO GỒM CẢ THỜI GIAN TRONG THÀNH PHỐ HÀNH KHÁCH TRÊN TÀU ĐƯỢC MIỄN THỊ THỰC KIỂM TRA CÁC ĐIỀU KHOẢN	THỜI GIAN DI CHUYỂN CỦA TÀU SAINT PETERSBURG BAO GỒM CẢ THỜI GIAN TRONG THÀNH PHỐ HÀNH KHÁCH TRÊN TÀU ĐƯỢC MIỄN THỊ THỰC KIỂM TRA CÁC ĐIỀU KHOẢN
16020693231344091246-313	16020693231344091246.wav	SSL/download/paper_benchmark/fleurs/audio/16020693231344091246.wav	ion hydro là proton đã bị loại bỏ electron vì nguyên tử hydro bao gồm một proton và một electron	IONG HIDO LÀ GỒNG ĐÃ BỊ LOẠI BỎ EXNG VÌ NGUYÊN TỬ HYDGO BAO GỒM MỘT GỒNG VÀ MỘT EXNG	ION HYDRO LÀ PROTON ĐÃ BỊ LOẠI BỎ ELECTRON VÌ NGUYÊN TỬ HYDRO BAO GỒM MỘT PROTON VÀ MỘT ELECTRON
16140680402438943951-321	16140680402438943951.wav	SSL/download/paper_benchmark/fleurs/audio/16140680402438943951.wav	blog cũng có thể giúp cải thiện khả năng viết lách của học sinh khi bắt đầu viết blog những học sinh này thường mắc lỗi ngữ pháp và chính tả do cẩu thả sự hiện diện của độc giả nhìn chung làm thay đổi điều đó	LỚP CŨNG CÓ THỂ GIÚP CẢI THIỆN KHẢ NĂNG VIẾT LÁCH CỦA HỌC SINH KHI BẮT ĐẦU VIẾT NHỮNG HỌC SINH NÀY THƯỜNG MẮC LỖI NỮ PHÁP VÀ CHÍNH TẢ DO CẨU THẢ SỰ HIỆN DIỆN CỦA ĐỘC GIẢ NHÌN CHUNG LÀM THAY ĐỔI ĐIỀU ĐÓ	BLOG CŨNG CÓ THỂ GIÚP CẢI THIỆN KHẢ NĂNG VIẾT LÁCH CỦA HỌC SINH KHI BẮT ĐẦU VIẾT BLOG NHỮNG HỌC SINH NÀY THƯỜNG MẮC LỖI NGỮ PHÁP VÀ CHÍNH TẢ DO CẨU THẢ SỰ HIỆN DIỆN CỦA ĐỘC GIẢ NHÌN CHUNG LÀM THAY ĐỔI ĐIỀU ĐÓ
16302596805033964990-329	16302596805033964990.wav	SSL/download/paper_benchmark/fleurs/audio/16302596805033964990.wav	các nghiên cứu thế kỷ hai mươi đã chứng minh rằng có hai nhóm biến dị di truyền lặn và trội	CÁC NGHIÊN CỨU THẾ KỶ HAI MƯƠI ĐÃ CHỨNG MINH RẰNG CÓ HAI NHÓM BIẾN DẠNG DI TRUYỀN LẶNG VÀ CHỌI	CÁC NGHIÊN CỨU THẾ KỶ HAI MƯƠI ĐÃ CHỨNG MINH RẰNG CÓ HAI NHÓM BIẾN DỊ DI TRUYỀN LẶN VÀ TRỘI
16472409981163141837-337	16472409981163141837.wav	SSL/download/paper_benchmark/fleurs/audio/16472409981163141837.wav	bến cảng này là nơi xảy ra một trận đình chiến hải quân khét tiếng vào năm 1889 khi bảy tàu từ đức hoa kỳ và anh từ chối rời bến cảng	BẾN CẢNG NÀY LÀ NƠI XẢY RA MỘT TRẬN ĐÌNH CHIẾN HẢI QUÂN KHÁT TIẾNG VÀO NĂM MỘT TÁM CHÍN KHI BẢY TÀU TỪ ĐỨC HOA KỲ VÀ ANH TỪ CHỐI RỜI	BẾN CẢNG NÀY LÀ NƠI XẢY RA MỘT TRẬN ĐÌNH CHIẾN HẢI QUÂN KHÉT TIẾNG VÀO NĂM 1889 KHI BẢY TÀU TỪ ĐỨC HOA KỲ VÀ ANH TỪ CHỐI RỜI BẾN CẢNG
16723053061344391674-345	16723053061344391674.wav	SSL/download/paper_benchmark/fleurs/audio/16723053061344391674.wav	chúng tôi đồng ý với tuyên bố của usoc là quyền lợi của các câu lạc bộ và vận động viên của chúng tôi cũng như môn thể thao của họ có thể được phục vụ tốt hơn bằng cách tiến lên cùng sự thay đổi có ý nghĩa bên trong tổ chức của chúng tôi thay vì rút lại và bác bỏ điều đó	CHÚNG TÔI ĐỒNG Ý VỚI TUYÊN BỐ CỦA USOC LÀ QUYỀN LỢI CỦA CÁC CÂU LẠC BỘ VÀ VẬN ĐỘNG VIÊN CỦA CHÚNG TÔI CŨNG NHƯ MÔN THỂ THAO CỦA HỌ CÓ THỂ ĐƯỢC PHỤC VỤ TỐT HƠN BẰNG CÁCH TIẾN LÊN CÙNG SỰ THAY ĐỔI CÓ Ý NGHĨA BÊN TRONG TỔ CHỨC CỦA CHÚNG TÔI THAY VÌ RÚT LẠI VÀ BÁC BỎ ĐIỀU ĐÓ	CHÚNG TÔI ĐỒNG Ý VỚI TUYÊN BỐ CỦA USOC LÀ QUYỀN LỢI CỦA CÁC CÂU LẠC BỘ VÀ VẬN ĐỘNG VIÊN CỦA CHÚNG TÔI CŨNG NHƯ MÔN THỂ THAO CỦA HỌ CÓ THỂ ĐƯỢC PHỤC VỤ TỐT HƠN BẰNG CÁCH TIẾN LÊN CÙNG SỰ THAY ĐỔI CÓ Ý NGHĨA BÊN TRONG TỔ CHỨC CỦA CHÚNG TÔI THAY VÌ RÚT LẠI VÀ BÁC BỎ ĐIỀU ĐÓ
16890395168169330383-353	16890395168169330383.wav	SSL/download/paper_benchmark/fleurs/audio/16890395168169330383.wav	sốc tái hòa nhập xảy ra sớm hơn so với sốc văn hóa ít giai đoạn trăng mật hơn lâu hơn và có thể còn nghiêm trọng hơn	SÓC TÁI HÒA NHẬP XẢY RA SỚM HƠN SO VỚI SỐC VĂN HÓA ÍT GIAI ĐOẠN TRĂNG MẬT HƠN LÂU HƠN VÀ CÓ THỂ CÒN NGHIÊM TRỌNG HƠN	SỐC TÁI HÒA NHẬP XẢY RA SỚM HƠN SO VỚI SỐC VĂN HÓA ÍT GIAI ĐOẠN TRĂNG MẬT HƠN LÂU HƠN VÀ CÓ THỂ CÒN NGHIÊM TRỌNG HƠN
17098641764429728606-361	17098641764429728606.wav	SSL/download/paper_benchmark/fleurs/audio/17098641764429728606.wav	chỉ huy cảnh sát chandra shekhar solanki nói rằng những bị cáo đã xuất hiện tại tòa với khuôn mặt bị che kín	CHỈ HUY CẢNH SÁT CHANRA NÓI RẰNG NHỮNG BỊ CÁO ĐÃ XUẤT HIỆN TẠI TÒA VỚI KHUÔN MẶT BỊ CHE KÍN	CHỈ HUY CẢNH SÁT CHANDRA SHEKHAR SOLANKI NÓI RẰNG NHỮNG BỊ CÁO ĐÃ XUẤT HIỆN TẠI TÒA VỚI KHUÔN MẶT BỊ CHE KÍN
17310015958646719139-369	17310015958646719139.wav	SSL/download/paper_benchmark/fleurs/audio/17310015958646719139.wav	đảng cầm quyền tổ chức nhân dân tây nam phi swapo cũng giữ được thế đa số trong các cuộc bầu cử nghị viện	ĐẢNG CẦM QUYỀN TỔ CHỨC NHÂN DÂN TÂY NAM PHILIO BO CŨNG GIỮ ĐƯỢC THẾ ĐA SỐ TRONG CÁC CUỘC BẦU CỬ VIỆN	ĐẢNG CẦM QUYỀN TỔ CHỨC NHÂN DÂN TÂY NAM PHI SWAPO CŨNG GIỮ ĐƯỢC THẾ ĐA SỐ TRONG CÁC CUỘC BẦU CỬ NGHỊ VIỆN
17398803239051946230-377	17398803239051946230.wav	SSL/download/paper_benchmark/fleurs/audio/17398803239051946230.wav	20% lượng nước đổ từ các con sông trên hành tinh này ra đại dương đều bắt nguồn từ amazon	HAI MƯƠI PHẦN TRĂM LƯỢNG NƯỚC ĐỔ TỪ CÁC CON SÔNG TRÊN HÀNH TINH NÀY RA ĐẠI DƯƠNG ĐỀU BẮT NGUỒN TỪ AMAZON	20% LƯỢNG NƯỚC ĐỔ TỪ CÁC CON SÔNG TRÊN HÀNH TINH NÀY RA ĐẠI DƯƠNG ĐỀU BẮT NGUỒN TỪ AMAZON
174887738966730674-385	174887738966730674.wav	SSL/download/paper_benchmark/fleurs/audio/174887738966730674.wav	cũng ở phía bắc hãy đến thăm đền thánh đức mẹ fatima đền thờ vĩ đại tương truyền là nơi đức mẹ hiện ra nổi tiếng trên toàn thế giới	CŨNG Ở PHÍA BẮC HÃY ĐẾN THĂM ĐỀN THÁNH ĐỨC MẸ PHA ĐỀN THỜ VĨ ĐẠI TƯƠNG LÀ NƠI ĐỨC MẸ HIỆN RA NỔI TIẾNG TRÊN TOÀN THẾ GIỚI	CŨNG Ở PHÍA BẮC HÃY ĐẾN THĂM ĐỀN THÁNH ĐỨC MẸ FATIMA ĐỀN THỜ VĨ ĐẠI TƯƠNG TRUYỀN LÀ NƠI ĐỨC MẸ HIỆN RA NỔI TIẾNG TRÊN TOÀN THẾ GIỚI
17730604699257910277-393	17730604699257910277.wav	SSL/download/paper_benchmark/fleurs/audio/17730604699257910277.wav	ông ta sau đó được chuyển đến bệnh viện addenbrooke ở cambridge	ÔNG TA SAU ĐÓ ĐƯỢC CHUYỂN ĐẾN BỆNH VIỆN A ĐEN RỐC Ở CAM GHE	ÔNG TA SAU ĐÓ ĐƯỢC CHUYỂN ĐẾN BỆNH VIỆN ADDENBROOKE Ở CAMBRIDGE
17796111982748285798-401	17796111982748285798.wav	SSL/download/paper_benchmark/fleurs/audio/17796111982748285798.wav	các đô vật khác cũng thể hiện sự tri ân với luna	CÁC LÔ VẬT KHÁC CŨNG THỂ HIỆN SỰ TRI ÂN VỚI LUNA	CÁC ĐÔ VẬT KHÁC CŨNG THỂ HIỆN SỰ TRI ÂN VỚI LUNA
18061964604616920252-409	18061964604616920252.wav	SSL/download/paper_benchmark/fleurs/audio/18061964604616920252.wav	thuật ngữ safari được sử dụng phổ biến để chỉ việc du lịch đường bộ để chiêm ngưỡng cuộc sống hoang dã tại châu phi đặc biệt là savanna	THUẬT NGỮ SAY ĐƯỢC SỬ DỤNG PHỔ BIẾN ĐỂ CHỈ VIỆC DU LỊCH ĐƯỜNG BỘ ĐỂ CHIÊM NGƯỠNG CUỘC SỐNG HOANG DÃ TẠI CHÂU PHI ĐẶC BIỆT LÀ SAPA	THUẬT NGỮ SAFARI ĐƯỢC SỬ DỤNG PHỔ BIẾN ĐỂ CHỈ VIỆC DU LỊCH ĐƯỜNG BỘ ĐỂ CHIÊM NGƯỠNG CUỘC SỐNG HOANG DÃ TẠI CHÂU PHI ĐẶC BIỆT LÀ SAVANNA
18293949262214043345-417	18293949262214043345.wav	SSL/download/paper_benchmark/fleurs/audio/18293949262214043345.wav	trong thập niên 1920 quan điểm phổ biến của hầu hết mọi công dân và quốc gia là theo khuynh hướng của chủ nghĩa hòa bình và cô lập	TRONG THẬP NIÊN MỘT NGÀN CHÍN TRĂM HAI MƯƠI QUAN ĐIỂM PHỔ BIẾN CỦA HẦU HẾT MỌI CÔNG DÂN VÀ QUỐC GIA LÀ THEO KHUYNH HƯỚNG CHỦ NGHĨA HÒA BÌNH VÀ CÔ LẬP	TRONG THẬP NIÊN 1920 QUAN ĐIỂM PHỔ BIẾN CỦA HẦU HẾT MỌI CÔNG DÂN VÀ QUỐC GIA LÀ THEO KHUYNH HƯỚNG CỦA CHỦ NGHĨA HÒA BÌNH VÀ CÔ LẬP
1842339918929492712-425	1842339918929492712.wav	SSL/download/paper_benchmark/fleurs/audio/1842339918929492712.wav	trong giai đoạn xung đột dành độc lập do phong trào mau tổ chức một cuộc tụ họp hòa bình trong thành phố đã dẫn đến việc lãnh tụ tupua tamasese lealofi iii bị giết chết	TRONG GIAI ĐOẠN XUNG ĐỘT DO PHONG TRÀO TỔ CHỨC MỘT CUỘC TỤ HỌP HÒA BÌNH TRONG THÀNH PHỐ ĐÃ DẪN ĐẾN VIỆC LÃNH TỤ VUA TA MA SÉT LI BA BỊ GIẾT CHẾT	TRONG GIAI ĐOẠN XUNG ĐỘT DÀNH ĐỘC LẬP DO PHONG TRÀO MAU TỔ CHỨC MỘT CUỘC TỤ HỌP HÒA BÌNH TRONG THÀNH PHỐ ĐÃ DẪN ĐẾN VIỆC LÃNH TỤ TUPUA TAMASESE LEALOFI III BỊ GIẾT CHẾT
1920801599541057645-433	1920801599541057645.wav	SSL/download/paper_benchmark/fleurs/audio/1920801599541057645.wav	quân đoàn công binh hoa kỳ ước tính 6 inch nước mưa có thể làm vỡ những đoạn đê đã bị hư tổn từ trước	QUÂN ĐOÀN CÔNG BINH HOA KỲ ƯỚC TÍNH SÁU IN NƯỚC MƯA CÓ THỂ LÀM VỠ NHỮNG ĐOẠN ĐÃ BỊ HƯ TỪ TRƯỚC	QUÂN ĐOÀN CÔNG BINH HOA KỲ ƯỚC TÍNH 6 INCH NƯỚC MƯA CÓ THỂ LÀM VỠ NHỮNG ĐOẠN ĐÊ ĐÃ BỊ HƯ TỔN TỪ TRƯỚC
2019322030428338581-441	2019322030428338581.wav	SSL/download/paper_benchmark/fleurs/audio/2019322030428338581.wav	thanh giằng được biết đến khá sớm để giữ các ray tại vị trí tuy nhiên dần dần người ta nhận ra các đường ray này sẽ làm việc hiệu quả hơn nếu có miếng kim loại nhỏ phần đầu	THANH DẰNG ĐƯỢC BIẾT ĐẾN KHÁ SỚM ĐỂ GIỮ CÁC DÂY TẠI VỊ TRÍ TUY NHIÊN DẦN DẦN NGƯỜI TA NHẬN RA CÁC ĐƯỜNG DÂY NÀY SẼ LÀM VIỆC HIỆU QUẢ HƠN NẾU CÓ MIẾNG KIM LOẠI NHỎ PHẦN ĐẦU	THANH GIẰNG ĐƯỢC BIẾT ĐẾN KHÁ SỚM ĐỂ GIỮ CÁC RAY TẠI VỊ TRÍ TUY NHIÊN DẦN DẦN NGƯỜI TA NHẬN RA CÁC ĐƯỜNG RAY NÀY SẼ LÀM VIỆC HIỆU QUẢ HƠN NẾU CÓ MIẾNG KIM LOẠI NHỎ PHẦN ĐẦU
2131215153309026976-449	2131215153309026976.wav	SSL/download/paper_benchmark/fleurs/audio/2131215153309026976.wav	văn phòng của thống đốc cho biết mười chín người trong số những người bị thương là sĩ quan cảnh sát	VĂN PHÒNG CỦA THỐNG ĐỐC CHO BIẾT MƯỜI CHÍN NGƯỜI TRONG SỐ NHỮNG NGƯỜI BỊ THƯƠNG LÀ SĨ QUAN CẢNH SÁT	VĂN PHÒNG CỦA THỐNG ĐỐC CHO BIẾT MƯỜI CHÍN NGƯỜI TRONG SỐ NHỮNG NGƯỜI BỊ THƯƠNG LÀ SĨ QUAN CẢNH SÁT
2326491111869531028-457	2326491111869531028.wav	SSL/download/paper_benchmark/fleurs/audio/2326491111869531028.wav	chuẩn 802.11n hoạt động trên cả hai tần số 2.4 ghz và 5.0 ghz	CHUẨN TÁM KHÔNG HAI CHẤM MỘT MỘT N HOẠT ĐỘNG TRÊN CẢ HAI TẦN SỐ HAI CHẤM BỐN GHI HẸP VÀ NĂM CHẤM KHÔNG GHI HẸP	CHUẨN 802 11N HOẠT ĐỘNG TRÊN CẢ HAI TẦN SỐ 2 4 GHZ VÀ 5 0 GHZ
2527304590495760814-465	2527304590495760814.wav	SSL/download/paper_benchmark/fleurs/audio/2527304590495760814.wav	dịch vụ này thường được sử dụng bởi tàu thuyền gồm cả tàu du lịch cũng như các đoàn thám hiểm có nhu cầu trao đổi dữ liệu và giọng nói từ xa	DỊCH VỤ NÀY THƯỜNG ĐƯỢC SỬ DỤNG BỞI TÀU THUYỀN GỒM CẢ TÀU CŨNG NHƯ CÁC ĐOÀN THÁM HIỂM CÓ NHU CẦU TRAO ĐỔI DỮ LIỆU VÀ GIỌNG NÓI TỪ XA	DỊCH VỤ NÀY THƯỜNG ĐƯỢC SỬ DỤNG BỞI TÀU THUYỀN GỒM CẢ TÀU DU LỊCH CŨNG NHƯ CÁC ĐOÀN THÁM HIỂM CÓ NHU CẦU TRAO ĐỔI DỮ LIỆU VÀ GIỌNG NÓI TỪ XA
2667696370665102801-473	2667696370665102801.wav	SSL/download/paper_benchmark/fleurs/audio/2667696370665102801.wav	theo báo cáo của các nhà nghiên cứu thuộc đại học princeton hoa kỳ và đại học uppsala thụy điển các loài mới tiến hoá chỉ trong hai thế hệ mặc dù quá trình này được cho là mất nhiều thời gian hơn do sự kết hợp giữa loài chim sẻ darwin giống chim geospiza và loài chim di cư geospiza	THEO BÁO CÁO CỦA CÁC NHÀ NGHIÊN CỨU THUỘC ĐẠI HỌC RINTON HOA KỲ VÀ ĐẠI HỌC OLSAL THỤY ĐIỂN CÁC LOÀI MỚI TIẾN HÓA CHỈ TRONG HAI THẾ HỆ MẶC DÙ QUÁ TRÌNH NÀY ĐƯỢC CHO LÀ MẤT NHIỀU THỜI GIAN HƠN DO SỰ KẾT HỢP GIỮA LOÀI CHIM SẺIN GIỐNG CHIM GEL VÀ LOÀI CHIM DI CƯ GBIZA	THEO BÁO CÁO CỦA CÁC NHÀ NGHIÊN CỨU THUỘC ĐẠI HỌC PRINCETON HOA KỲ VÀ ĐẠI HỌC UPPSALA THỤY ĐIỂN CÁC LOÀI MỚI TIẾN HOÁ CHỈ TRONG HAI THẾ HỆ MẶC DÙ QUÁ TRÌNH NÀY ĐƯỢC CHO LÀ MẤT NHIỀU THỜI GIAN HƠN DO SỰ KẾT HỢP GIỮA LOÀI CHIM SẺ DARWIN GIỐNG CHIM GEOSPIZA VÀ LOÀI CHIM DI CƯ GEOSPIZA
2780052677995190694-481	2780052677995190694.wav	SSL/download/paper_benchmark/fleurs/audio/2780052677995190694.wav	hãy nghĩ hành trình trượt tuyết tương tự như một hành trình đi bộ đường dài	HÃY NGHĨ HÀNH TRÌNH TRƯỢT TUYẾT TƯƠNG TỰ NHƯ MỘT HÀNH TRÌNH ĐI BỘ ĐƯỜNG DÀI	HÃY NGHĨ HÀNH TRÌNH TRƯỢT TUYẾT TƯƠNG TỰ NHƯ MỘT HÀNH TRÌNH ĐI BỘ ĐƯỜNG DÀI
2991003061335151599-489	2991003061335151599.wav	SSL/download/paper_benchmark/fleurs/audio/2991003061335151599.wav	thành phố này cũng là căn cứ để leo lên núi lửa nyiragongo cùng với một số thiết bị theo dõi núi gorilla rẻ nhất ở châu phi	THÀNH PHỐ NÀY CŨNG LÀ CĂN CỨ ĐỂ LEO LÊN NÚI LỬA NINGO CÙNG VỚI MỘT SỐ THIẾT BỊ THEO DÕI NÚI GOGILA RẺ NHẤT Ở CHÂU PHI	THÀNH PHỐ NÀY CŨNG LÀ CĂN CỨ ĐỂ LEO LÊN NÚI LỬA NYIRAGONGO CÙNG VỚI MỘT SỐ THIẾT BỊ THEO DÕI NÚI GORILLA RẺ NHẤT Ở CHÂU PHI
315493131507968111-497	315493131507968111.wav	SSL/download/paper_benchmark/fleurs/audio/315493131507968111.wav	sự phân tách và tái kết hợp diễn ra qua lại giữa hai nhóm qua mỗi thế hệ	SỰ PHÂN VÀ TÁI KẾT HỢP DIỄN RA QUA LẠI GIỮA HAI NHÓM QUA MỖI THẾ HỆ	SỰ PHÂN TÁCH VÀ TÁI KẾT HỢP DIỄN RA QUA LẠI GIỮA HAI NHÓM QUA MỖI THẾ HỆ
331513754905546258-505	331513754905546258.wav	SSL/download/paper_benchmark/fleurs/audio/331513754905546258.wav	cũng như tất cả mọi công viên quốc gia của nam phi hoạt động bảo tồn diễn ra hàng ngày và phải mua vé vào cửa công viên	CŨNG NHƯ TẤT CẢ MỌI CÔNG VIÊN QUỐC GIA CỦA NAM PHI HOẠT ĐỘNG BẢO TỒN DIỄN RA HẰNG NGÀY VÀ PHẢI MUA VÉ VÀO CỬA CÔNG VIÊN	CŨNG NHƯ TẤT CẢ MỌI CÔNG VIÊN QUỐC GIA CỦA NAM PHI HOẠT ĐỘNG BẢO TỒN DIỄN RA HÀNG NGÀY VÀ PHẢI MUA VÉ VÀO CỬA CÔNG VIÊN
3475565304713908519-513	3475565304713908519.wav	SSL/download/paper_benchmark/fleurs/audio/3475565304713908519.wav	độ ph được chỉ thị bằng số lượng ion hydro h trong ph trong hóa chất thí nghiệm	ĐỘ B ĐƯỢC CHỈ THỊ BẰNG SỐ LƯỢNG IONG HYRO H TRONG BH TRONG HÓA CHẤT THÍ NGHIỆM	ĐỘ PH ĐƯỢC CHỈ THỊ BẰNG SỐ LƯỢNG ION HYDRO H TRONG PH TRONG HÓA CHẤT THÍ NGHIỆM
3633160359885220889-521	3633160359885220889.wav	SSL/download/paper_benchmark/fleurs/audio/3633160359885220889.wav	đảo hồng kông đặt tên cho lãnh thổ hồng kông và đó là nơi mà nhiều du khách coi là tiêu điểm chính	ĐẢO HỒNG KÔNG ĐẶT TÊN CHO LÃNH THỔ HỒNG KÔNG VÀ ĐÓ LÀ NƠI MÀ NHIỀU DU KHÁCH COI LÀ TIÊU ĐIỂM CHÍNH	ĐẢO HỒNG KÔNG ĐẶT TÊN CHO LÃNH THỔ HỒNG KÔNG VÀ ĐÓ LÀ NƠI MÀ NHIỀU DU KHÁCH COI LÀ TIÊU ĐIỂM CHÍNH
3752580910424210038-529	3752580910424210038.wav	SSL/download/paper_benchmark/fleurs/audio/3752580910424210038.wav	tuy nhiên dường như tỷ lệ xdr-tb trong tổng số người mắc bệnh lao vẫn còn ở mức thấp chỉ có 6.000 trong tổng số 330.000 người bị nhiễm bệnh tại một thời điểm cụ thể bất kỳ tại nam phi	TUY NHIÊN DƯỜNG NHƯ TỈ LỆ T TRONG TỔNG SỐ NGƯỜI MẮC BỆNH LAO VẪN CÒN Ở MỨC THẤP CHỈ CÓ SÁU NGÀN TRONG TỔNG SỐ BA TRĂM BA MƯƠI NGÀN NGƯỜI BỊ NHIỄM BỆNH TẠI MỘT THỜI ĐIỂM CỤ THỂ BẤT KỲ TẠI NAM PHI	TUY NHIÊN DƯỜNG NHƯ TỶ LỆ XDR TB TRONG TỔNG SỐ NGƯỜI MẮC BỆNH LAO VẪN CÒN Ở MỨC THẤP CHỈ CÓ 6 000 TRONG TỔNG SỐ 330 000 NGƯỜI BỊ NHIỄM BỆNH TẠI MỘT THỜI ĐIỂM CỤ THỂ BẤT KỲ TẠI NAM PHI
3830406654855862815-537	3830406654855862815.wav	SSL/download/paper_benchmark/fleurs/audio/3830406654855862815.wav	nếu không quen lái xe trên những đường quê thì bạn nên chuẩn bị tinh thần cho những con dốc đứng làn đường hẹp và những khúc cua gắt	NẾU KHÔNG QUEN LÁI XE TRÊN NHỮNG ĐƯỜNG QUÊ THÌ BẠN NÊN CHUẨN BỊ TINH THẦN CHO NHỮNG CON DỐC ĐỨNG LÀN ĐƯỜNG HẸP VÀ NHỮNG KHÚC CUA	NẾU KHÔNG QUEN LÁI XE TRÊN NHỮNG ĐƯỜNG QUÊ THÌ BẠN NÊN CHUẨN BỊ TINH THẦN CHO NHỮNG CON DỐC ĐỨNG LÀN ĐƯỜNG HẸP VÀ NHỮNG KHÚC CUA GẮT
3942620605661843188-545	3942620605661843188.wav	SSL/download/paper_benchmark/fleurs/audio/3942620605661843188.wav	quân đoàn công binh hoa kỳ ước tính 6 inch nước mưa có thể làm vỡ những đoạn đê đã bị hư tổn từ trước	QUÂN ĐOÀN CÔNG BINH HOA KỲ ƯỚC TÍNH SÁU IN NƯỚC MƯA CÓ THỂ LÀM VỠ NHỮNG ĐOẠN ĐÃ BỊ HƯ TỪ TRƯỚC	QUÂN ĐOÀN CÔNG BINH HOA KỲ ƯỚC TÍNH 6 INCH NƯỚC MƯA CÓ THỂ LÀM VỠ NHỮNG ĐOẠN ĐÊ ĐÃ BỊ HƯ TỔN TỪ TRƯỚC
4011411690398491305-553	4011411690398491305.wav	SSL/download/paper_benchmark/fleurs/audio/4011411690398491305.wav	một số chuyến du lịch sẽ đề cập đến thành phố berlin đức trong tờ quảng cáo như bạn thấy trên bản đồ berlin không nằm gần biển và chuyến tham quan thành phố sẽ không bao gồm trong giá chuyến đi	MỘT SỐ CHUYẾN DU LỊCH SẼ ĐỀ CẬP ĐẾN THÀNH PHỐ BELINE ĐỨC TRONG TỜ QUẢNG CÁO NHƯ BẠN THẤY TRÊN BẢN ĐỒ BELIN KHÔNG NẰM GẦN BIỂN VÀ CHUYẾN THĂM QUAN THÀNH PHỐ SẼ KHÔNG BAO GỒM TRONG GIÁ CHUYẾN ĐI	MỘT SỐ CHUYẾN DU LỊCH SẼ ĐỀ CẬP ĐẾN THÀNH PHỐ BERLIN ĐỨC TRONG TỜ QUẢNG CÁO NHƯ BẠN THẤY TRÊN BẢN ĐỒ BERLIN KHÔNG NẰM GẦN BIỂN VÀ CHUYẾN THAM QUAN THÀNH PHỐ SẼ KHÔNG BAO GỒM TRONG GIÁ CHUYẾN ĐI
4085366065803740569-561	4085366065803740569.wav	SSL/download/paper_benchmark/fleurs/audio/4085366065803740569.wav	công viên quốc gia plitvice lakes có khu rừng rậm rạp chủ yếu là cây sồi cây vân sam và cây linh sam và cùng với sự pha trộn thảm thực vật của vùng alps và địa trung hải	CÔNG VIÊN QUỐC GIA PISBAK CÓ KHU RỪNG RẬM RẠM CHỦ YẾU LÀ CÂY XOÀI VÀ CÂY LINH SAM VÀ CÙNG VỚI SỰ PHA TRỘN THỰC VẬT CỦA VÙNG OM VÀ ĐỊA TRUNG HẢI	CÔNG VIÊN QUỐC GIA PLITVICE LAKES CÓ KHU RỪNG RẬM RẠP CHỦ YẾU LÀ CÂY SỒI CÂY VÂN SAM VÀ CÂY LINH SAM VÀ CÙNG VỚI SỰ PHA TRỘN THẢM THỰC VẬT CỦA VÙNG ALPS VÀ ĐỊA TRUNG HẢI
4161400815596518570-569	4161400815596518570.wav	SSL/download/paper_benchmark/fleurs/audio/4161400815596518570.wav	các nguyên tố như canxi và kali được coi là kim loại dĩ nhiên cũng có các kim loại như vàng và bạc	CÁC NGUYÊN TỐ NHƯ CANXI VÀ KALI ĐƯỢC COI LÀ KIM LOẠI DĨ NHIÊN CŨNG CÓ CÁC KIM LOẠI NHƯ VÀNG VÀ BẠC	CÁC NGUYÊN TỐ NHƯ CANXI VÀ KALI ĐƯỢC COI LÀ KIM LOẠI DĨ NHIÊN CŨNG CÓ CÁC KIM LOẠI NHƯ VÀNG VÀ BẠC
431401535124439576-577	431401535124439576.wav	SSL/download/paper_benchmark/fleurs/audio/431401535124439576.wav	những nhà thờ truyền thống hơn thường tổ chức lễ vọng phục sinh vào đêm thứ bảy trong kỳ cuối tuần của lễ phục sinh và những người tụ họp thường cùng nhau chúc mừng vào lúc nửa đêm để mừng chúa phục sinh	NHỮNG NHÀ THỜ TRUYỀN THỐNG HƠN THƯỜNG TỔ CHỨC LỄ VỌNG PHỤC SINH VÀO ĐÊM THỨ BẢY TRONG KỲ CUỐI TUẦN CỦA LỄ PHỤC SINH VÀ NHỮNG NGƯỜI TỤ HỌP THƯỜNG CÙNG NHAU CHÚC MỪNG VÀO LÚC NỬA ĐÊM ĐỂ MỪNG CHÚA PHỤC SINH	NHỮNG NHÀ THỜ TRUYỀN THỐNG HƠN THƯỜNG TỔ CHỨC LỄ VỌNG PHỤC SINH VÀO ĐÊM THỨ BẢY TRONG KỲ CUỐI TUẦN CỦA LỄ PHỤC SINH VÀ NHỮNG NGƯỜI TỤ HỌP THƯỜNG CÙNG NHAU CHÚC MỪNG VÀO LÚC NỬA ĐÊM ĐỂ MỪNG CHÚA PHỤC SINH
4507314232520953178-585	4507314232520953178.wav	SSL/download/paper_benchmark/fleurs/audio/4507314232520953178.wav	ngoài buổi tổ chức hôm thứ tư carpanedo đã thi đấu trong 2 chặng đua riêng biệt trong giải vô địch	NGOÀI BUỔI TỔ CHỨC HÔM THỨ TƯ KABADO ĐÃ THI ĐẤU TRONG HAI TRẬN ĐUA RIÊNG BIỆT TRONG GIẢI VÔ ĐỊCH	NGOÀI BUỔI TỔ CHỨC HÔM THỨ TƯ CARPANEDO ĐÃ THI ĐẤU TRONG 2 CHẶNG ĐUA RIÊNG BIỆT TRONG GIẢI VÔ ĐỊCH
4608094309958540492-593	4608094309958540492.wav	SSL/download/paper_benchmark/fleurs/audio/4608094309958540492.wav	giancarlo fisichella mất kiểm soát chiếc xe của mình và kết thúc cuộc đua rất sớm sau khi bắt đầu	GEN LÔ KIỂM SOÁT CHIẾC XE CỦA MÌNH VÀ KẾT THÚC CUỘC ĐUA RẤT SỚM SAU KHI BẮT ĐẦU	GIANCARLO FISICHELLA MẤT KIỂM SOÁT CHIẾC XE CỦA MÌNH VÀ KẾT THÚC CUỘC ĐUA RẤT SỚM SAU KHI BẮT ĐẦU
4807227992408090214-601	4807227992408090214.wav	SSL/download/paper_benchmark/fleurs/audio/4807227992408090214.wav	sau khi chiến sự nổ ra nước anh đã triển khai phong tỏa ngay hải quân đức	SAU KHI CHIẾN SỰ NỔ RA NƯỚC ANH ĐÃ TRIỂN KHAI PHONG TỎA NGAY HẢI QUÂN ĐỨC	SAU KHI CHIẾN SỰ NỔ RA NƯỚC ANH ĐÃ TRIỂN KHAI PHONG TỎA NGAY HẢI QUÂN ĐỨC
4919689050276881690-609	4919689050276881690.wav	SSL/download/paper_benchmark/fleurs/audio/4919689050276881690.wav	cẩn thận đừng để vải quá nóng có thể gây co rút hoặc trong trường hợp nghiêm trọng có thể gây cháy	CẨN THẬN ĐỪNG ĐỂ VẢI QUÁ NÓNG CÓ THỂ GÂY CO HOẶC TRONG TRƯỜNG HỢP NGHIÊM TRỌNG CÓ THỂ GÂY CHÁY	CẨN THẬN ĐỪNG ĐỂ VẢI QUÁ NÓNG CÓ THỂ GÂY CO RÚT HOẶC TRONG TRƯỜNG HỢP NGHIÊM TRỌNG CÓ THỂ GÂY CHÁY
502028528755869030-617	502028528755869030.wav	SSL/download/paper_benchmark/fleurs/audio/502028528755869030.wav	văn phòng của thống đốc cho biết mười chín người trong số những người bị thương là sĩ quan cảnh sát	VĂN PHÒNG CỦA THỐNG ĐỐC CHO BIẾT MƯỜI CHÍN NGƯỜI TRONG SỐ NHỮNG NGƯỜI BỊ THƯƠNG LÀ SĨ QUAN CẢNH SÁT	VĂN PHÒNG CỦA THỐNG ĐỐC CHO BIẾT MƯỜI CHÍN NGƯỜI TRONG SỐ NHỮNG NGƯỜI BỊ THƯƠNG LÀ SĨ QUAN CẢNH SÁT
5188748520660316499-625	5188748520660316499.wav	SSL/download/paper_benchmark/fleurs/audio/5188748520660316499.wav	nếu bạn đã xem bộ phim kho báu quốc gia bạn có thể nghĩ bản đồ kho báu được viết trên mặt sau của bản tuyên ngôn độc lập	NẾU BẠN ĐÃ XEM BỘ PHIM KHO BÁO QUỐC GIA BẠN CÓ THỂ NGHĨ BẢN ĐỒ KHO BÁO ĐƯỢC VIẾT TRÊN MẶT SAU CỦA BẢN TUYÊN ĐỘC LẬP	NẾU BẠN ĐÃ XEM BỘ PHIM KHO BÁU QUỐC GIA BẠN CÓ THỂ NGHĨ BẢN ĐỒ KHO BÁU ĐƯỢC VIẾT TRÊN MẶT SAU CỦA BẢN TUYÊN NGÔN ĐỘC LẬP
5339624892888829031-633	5339624892888829031.wav	SSL/download/paper_benchmark/fleurs/audio/5339624892888829031.wav	tam quốc là một trong những kỷ nguyên đẫm máu nhất trong lịch sử trung hoa cổ đại hàng ngàn người đã chết chỉ để tranh ngồi vào ngai vàng trong đại điện ở thành tây an	TAM QUỐC LÀ MỘT TRONG NHỮNG KỶ NGUYÊN ĐẪM MÁU NHẤT TRONG LỊCH SỬ TRUNG HOA CỔ ĐẠI HÀNG NGÀN NGƯỜI ĐÃ CHẾT CHỈ ĐỂ TRANH NGỒI VÀO NGA VÀNG TRONG ĐẠI DIỆN Ở THÀNH TÂY AN	TAM QUỐC LÀ MỘT TRONG NHỮNG KỶ NGUYÊN ĐẪM MÁU NHẤT TRONG LỊCH SỬ TRUNG HOA CỔ ĐẠI HÀNG NGÀN NGƯỜI ĐÃ CHẾT CHỈ ĐỂ TRANH NGỒI VÀO NGAI VÀNG TRONG ĐẠI ĐIỆN Ở THÀNH TÂY AN
5488349485416385499-641	5488349485416385499.wav	SSL/download/paper_benchmark/fleurs/audio/5488349485416385499.wav	giáo sư pamela ferguson của trường đại học dundee ghi nhận rằng có lẽ các nhà báo thực sự đang đi trên một con đường nguy hiểm khi công khai những hình ảnh v.v. của các nghi phạm	GIÁO SƯMLAN CỦA TRƯỜNG ĐẠI HỌC GOLI GHI NHẬN RẰNG CÓ LẼ CÁC NHÀ BÁO THỰC SỰ ĐANG ĐI TRÊN MỘT CON ĐƯỜNG NGUY HIỂM KHI CÔNG KHAI NHỮNG HÌNH ẢNH V CỦA CÁC NGHI PHẠM	GIÁO SƯ PAMELA FERGUSON CỦA TRƯỜNG ĐẠI HỌC DUNDEE GHI NHẬN RẰNG CÓ LẼ CÁC NHÀ BÁO THỰC SỰ ĐANG ĐI TRÊN MỘT CON ĐƯỜNG NGUY HIỂM KHI CÔNG KHAI NHỮNG HÌNH ẢNH V V CỦA CÁC NGHI PHẠM
5610890246478962377-649	5610890246478962377.wav	SSL/download/paper_benchmark/fleurs/audio/5610890246478962377.wav	những khu vực rộng lớn xa hơn về phía bắc có dân số khá thưa thớt và một số vùng gần như là đất hoang không có người ở	NHỮNG KHU VỰC CỔNG LỚN XA HƠN VỀ PHÍA BẮC CÓ DÂN SỐ KHÁ THỪA THỚT VÀ MỘT SỐ VÙNG GẦN NHƯ LÀ ĐẤT HOANG KHÔNG CÓ NGƯỜI Ở	NHỮNG KHU VỰC RỘNG LỚN XA HƠN VỀ PHÍA BẮC CÓ DÂN SỐ KHÁ THƯA THỚT VÀ MỘT SỐ VÙNG GẦN NHƯ LÀ ĐẤT HOANG KHÔNG CÓ NGƯỜI Ở
5759292081286683298-657	5759292081286683298.wav	SSL/download/paper_benchmark/fleurs/audio/5759292081286683298.wav	chân của chúng có vảy và móng vuốt chúng đẻ trứng và đi lại bằng hai chân sau như những con t-rex	CHÂN CỦA CHÚNG CÓ VẨY VÀ MÓNG VÚT CHÚNG ĐẺ TRỨNG VÀ ĐI LẠI BẰNG HAI CHÂN SAU NHƯ NHỮNG CON THY QUÉT	CHÂN CỦA CHÚNG CÓ VẢY VÀ MÓNG VUỐT CHÚNG ĐẺ TRỨNG VÀ ĐI LẠI BẰNG HAI CHÂN SAU NHƯ NHỮNG CON T REX
5917469205750825511-665	5917469205750825511.wav	SSL/download/paper_benchmark/fleurs/audio/5917469205750825511.wav	thông báo thông thường trong khu metro chỉ được phát bằng tiếng catalunya tuy nhiên với những sự cố bất ngờ thì thông báo sẽ được thực hiên qua hệ thống tự động bằng nhiều thứ tiếng gồm tiếng tây ban nha tiếng anh tiếng pháp tiếng ả rập và tiếng nhật	THÔNG BÁO THÔNG THƯỜNG TRONG KHU METRO CHỈ ĐƯỢC PHÁT BẰNG TIẾNG KALANDA TUY NHIÊN VỚI NHỮNG SỰ CỐ BẤT NGỜ THÌ THÔNG BÁO SẼ ĐƯỢC THỰC HIỆN QUA HỆ THỐNG TỰ ĐỘNG BẰNG NHIỀU THỨ TIẾNG GỒM TIẾNG TÂY BAN NHA TIẾNG ANH TIẾNG PHÁP TIẾNG Ả RẬP VÀ TIẾNG NHẬT	THÔNG BÁO THÔNG THƯỜNG TRONG KHU METRO CHỈ ĐƯỢC PHÁT BẰNG TIẾNG CATALUNYA TUY NHIÊN VỚI NHỮNG SỰ CỐ BẤT NGỜ THÌ THÔNG BÁO SẼ ĐƯỢC THỰC HIÊN QUA HỆ THỐNG TỰ ĐỘNG BẰNG NHIỀU THỨ TIẾNG GỒM TIẾNG TÂY BAN NHA TIẾNG ANH TIẾNG PHÁP TIẾNG Ả RẬP VÀ TIẾNG NHẬT
6075316220003897911-673	6075316220003897911.wav	SSL/download/paper_benchmark/fleurs/audio/6075316220003897911.wav	các nghiên cứu thế kỷ hai mươi đã chứng minh rằng có hai nhóm biến dị di truyền lặn và trội	CÁC NGHIÊN CỨU THẾ KỶ HAI MƯƠI ĐÃ CHỨNG MINH RẰNG CÓ HAI NHÓM BIẾN DI TRUYỀN LẶNG VÀ TỘI	CÁC NGHIÊN CỨU THẾ KỶ HAI MƯƠI ĐÃ CHỨNG MINH RẰNG CÓ HAI NHÓM BIẾN DỊ DI TRUYỀN LẶN VÀ TRỘI
6151569636139660340-681	6151569636139660340.wav	SSL/download/paper_benchmark/fleurs/audio/6151569636139660340.wav	dân số của thành phố vatican khoảng 800 người đây là quốc gia độc lập nhỏ nhất trên thế giới và là quốc gia có dân số ít nhất	DÂN SỐ CỦA THÀNH PHỐ VANTICAN KHOẢNG TÁM TRĂM NGƯỜI ĐÂY LÀ QUỐC GIA ĐỘC LẬP NHỎ NHẤT TRÊN THẾ GIỚI VÀ LÀ QUỐC GIA CÓ DÂN SỐ ÍT NHẤT	DÂN SỐ CỦA THÀNH PHỐ VATICAN KHOẢNG 800 NGƯỜI ĐÂY LÀ QUỐC GIA ĐỘC LẬP NHỎ NHẤT TRÊN THẾ GIỚI VÀ LÀ QUỐC GIA CÓ DÂN SỐ ÍT NHẤT
6277662445731001268-689	6277662445731001268.wav	SSL/download/paper_benchmark/fleurs/audio/6277662445731001268.wav	đảo hồng kông đặt tên cho lãnh thổ hồng kông và đó là nơi mà nhiều du khách coi là tiêu điểm chính	ĐẢO HỒNG KÔNG ĐẶT TÊN CHO LÃNH THỔ HỒNG KÔNG VÀ ĐÓ LÀ NƠI MÀ NHIỀU DU KHÁCH COI LÀ TIÊU ĐIỂM CHÍNH	ĐẢO HỒNG KÔNG ĐẶT TÊN CHO LÃNH THỔ HỒNG KÔNG VÀ ĐÓ LÀ NƠI MÀ NHIỀU DU KHÁCH COI LÀ TIÊU ĐIỂM CHÍNH
6470392929641950610-697	6470392929641950610.wav	SSL/download/paper_benchmark/fleurs/audio/6470392929641950610.wav	với khí hậu ấm của vùng trung đông nhà ở không quá quan trọng	VỚI KHÍ HẬU ẤM CỦA VÙNG TRUNG ĐÔNG NHÀ Ở KHÔNG QUÁ QUAN TRỌNG	VỚI KHÍ HẬU ẤM CỦA VÙNG TRUNG ĐÔNG NHÀ Ở KHÔNG QUÁ QUAN TRỌNG
676550904379811296-705	676550904379811296.wav	SSL/download/paper_benchmark/fleurs/audio/676550904379811296.wav	trong khoảng 150 đến 200 bản in đã được tạo ra xuyên đêm ngày nay được biết tới là bản in dunlap	TRONG KHOẢNG MỘT TRĂM NĂM MƯƠI ĐẾN HAI TRĂM BẢNG IN ĐÃ ĐƯỢC TẠO RA XUYÊN ĐÊM NGÀY NAY ĐƯỢC BIẾT TỚI LÀ BẢN IN LA	TRONG KHOẢNG 150 ĐẾN 200 BẢN IN ĐÃ ĐƯỢC TẠO RA XUYÊN ĐÊM NGÀY NAY ĐƯỢC BIẾT TỚI LÀ BẢN IN DUNLAP
6971780082150858161-713	6971780082150858161.wav	SSL/download/paper_benchmark/fleurs/audio/6971780082150858161.wav	do đó hai loài cá đã tuyệt chủng và hai loài khác đang có nguy cơ tuyệt chủng bao gồm cả loài cá bống lưng gù	DO ĐÓ HAI LOÀI CÁ ĐÃ TUYỆT CHỦNG VÀ HAI LOÀI KHÁC ĐANG CÓ NGUY CƠ TUYỆT CHỦNG BAO GỒM CẢ LOÀI CÁ BÓNG LINH GÙ	DO ĐÓ HAI LOÀI CÁ ĐÃ TUYỆT CHỦNG VÀ HAI LOÀI KHÁC ĐANG CÓ NGUY CƠ TUYỆT CHỦNG BAO GỒM CẢ LOÀI CÁ BỐNG LƯNG GÙ
7169282609520448324-721	7169282609520448324.wav	SSL/download/paper_benchmark/fleurs/audio/7169282609520448324.wav	được xây dựng bởi người ai cập vào thế kỷ thứ ba trước công nguyên đại kim tự tháp là một trong nhiều kiến trúc kim tự tháp lớn được xây dựng để tưởng nhớ pharaoh đã băng hà	ĐƯỢC XÂY DỰNG BỞI NGƯỜI AI CẬP VÀO THẾ KỈ THỨ BA TRƯỚC CÔNG NGUYÊN ĐẠI KIM TỰ THÁP LÀ MỘT TRONG NHIỀU KIẾN TRÚC KIM TỰ THÁP LỚN ĐƯỢC XÂY DỰNG ĐỂ TƯỚNG NHỚ PHAO ĐÃ BĂNG HÀ	ĐƯỢC XÂY DỰNG BỞI NGƯỜI AI CẬP VÀO THẾ KỶ THỨ BA TRƯỚC CÔNG NGUYÊN ĐẠI KIM TỰ THÁP LÀ MỘT TRONG NHIỀU KIẾN TRÚC KIM TỰ THÁP LỚN ĐƯỢC XÂY DỰNG ĐỂ TƯỞNG NHỚ PHARAOH ĐÃ BĂNG HÀ
7392411906800471532-729	7392411906800471532.wav	SSL/download/paper_benchmark/fleurs/audio/7392411906800471532.wav	nhiều người không nghĩ loài vật này là khủng long vì chúng có lông vũ và biết bay	NHIỀU NGƯỜI KHÔNG NGHĨ LOÀI NÀY LÀ KHỦNG LONG VÌ CHÚNG CÓ LÔNG VÀ BIẾT BAY	NHIỀU NGƯỜI KHÔNG NGHĨ LOÀI VẬT NÀY LÀ KHỦNG LONG VÌ CHÚNG CÓ LÔNG VŨ VÀ BIẾT BAY
7566255577403926746-737	7566255577403926746.wav	SSL/download/paper_benchmark/fleurs/audio/7566255577403926746.wav	cẩn thận đừng để vải quá nóng có thể gây co rút hoặc trong trường hợp nghiêm trọng có thể gây cháy	CẨN THẬN ĐỪNG ĐỂ VẢI QUÁ NÓNG CÓ THỂ GÂY CO HOẶC TRONG TRƯỜNG HỢP NGHIÊM TRỌNG CÓ THỂ GÂY CHÁY	CẨN THẬN ĐỪNG ĐỂ VẢI QUÁ NÓNG CÓ THỂ GÂY CO RÚT HOẶC TRONG TRƯỜNG HỢP NGHIÊM TRỌNG CÓ THỂ GÂY CHÁY
777304396792816049-745	777304396792816049.wav	SSL/download/paper_benchmark/fleurs/audio/777304396792816049.wav	cuộc tranh luận được khơi mào từ cuộc thảo luận về chi tiêu cho việc giảm nhẹ và tái thiết ngay sao bão katrina việc được một số người bảo thủ về công khố gán cho cái tên hài hước là thỏa thuận new orleans của bush	CUỘC TRANH LUẬN ĐƯỢC KHƠI MÀO TỪ CUỘC THẢO LUẬN VỀ CHI TIÊU CHO VIỆC GIẢM NHẸ VÀ TÁI THIẾT NGAY SAU BÃONA VIỆC ĐƯỢC MỘT SỐ NGƯỜI BẢO THỦ VỀ CÔNG GẮN CHO CÁI TÊN HÀI HƯỚC LÀ THỎA THUẬN NEW ORTLAND CỦA BOS	CUỘC TRANH LUẬN ĐƯỢC KHƠI MÀO TỪ CUỘC THẢO LUẬN VỀ CHI TIÊU CHO VIỆC GIẢM NHẸ VÀ TÁI THIẾT NGAY SAO BÃO KATRINA VIỆC ĐƯỢC MỘT SỐ NGƯỜI BẢO THỦ VỀ CÔNG KHỐ GÁN CHO CÁI TÊN HÀI HƯỚC LÀ THỎA THUẬN NEW ORLEANS CỦA BUSH
7883777556680644152-753	7883777556680644152.wav	SSL/download/paper_benchmark/fleurs/audio/7883777556680644152.wav	nó mỏng hơn dưới vùng maria biển và dày hơn ở vùng cao	NÓ MỎNG HƠN DƯỚI VÙNG MARIA BIỂN VÀ DÀY HƠN Ở VÙNG CAO	NÓ MỎNG HƠN DƯỚI VÙNG MARIA BIỂN VÀ DÀY HƠN Ở VÙNG CAO
7979237883198491176-761	7979237883198491176.wav	SSL/download/paper_benchmark/fleurs/audio/7979237883198491176.wav	các cảnh được chiếu trên kim tự tháp và các kim tự tháp khác nhau được thắp sáng	CÁC CẢNH ĐƯỢC CHIẾU TRÊN KIM TỰ THÁP VÀ CÁC KIM TỰ THÁP KHÁC NHAU ĐƯỢC THẮP SÁNG	CÁC CẢNH ĐƯỢC CHIẾU TRÊN KIM TỰ THÁP VÀ CÁC KIM TỰ THÁP KHÁC NHAU ĐƯỢC THẮP SÁNG
8199194573572384728-769	8199194573572384728.wav	SSL/download/paper_benchmark/fleurs/audio/8199194573572384728.wav	khu vực này được cai trị bởi chính phủ pháp vichy đây là những người pháp đã làm hòa với người đức vào năm 1940 và bắt tay với quân xâm lược thay vì chiến đấu chống lại chúng	KHU VỰC NÀY ĐƯỢC CAI TRỊ BỞI CHÍNH PHỦ PHÁP HY ĐÂY LÀ NHỮNG NGƯỜI PHÁP ĐÃ LÀM HÒA VỚI NGƯỜI ĐỨC VÀO NĂM MỘT CHÍN BỐN MƯƠI VÀ BẮT TAY VỚI QUÂN XÂM LƯỢC THAY VÌ CHIẾN ĐẤU CHỐNG LẠI CHÚNG	KHU VỰC NÀY ĐƯỢC CAI TRỊ BỞI CHÍNH PHỦ PHÁP VICHY ĐÂY LÀ NHỮNG NGƯỜI PHÁP ĐÃ LÀM HÒA VỚI NGƯỜI ĐỨC VÀO NĂM 1940 VÀ BẮT TAY VỚI QUÂN XÂM LƯỢC THAY VÌ CHIẾN ĐẤU CHỐNG LẠI CHÚNG
8340383448516013638-777	8340383448516013638.wav	SSL/download/paper_benchmark/fleurs/audio/8340383448516013638.wav	việc này cho phép người chơi điều khiển hành động và di chuyển trong trò chơi video bằng việc di chuyển thiết bị trong không trung	VIỆC NÀY CHO PHÉP NGƯỜI CHƠI ĐIỀU KHIỂN HÀNH ĐỘNG VÀ DI CHUYỂN TRONG TRÒ CHƠI VỚI NHAU BẰNG VIỆC DI CHUYỂN THIẾT BỊ TRONG KHÔNG TRUNG	VIỆC NÀY CHO PHÉP NGƯỜI CHƠI ĐIỀU KHIỂN HÀNH ĐỘNG VÀ DI CHUYỂN TRONG TRÒ CHƠI VIDEO BẰNG VIỆC DI CHUYỂN THIẾT BỊ TRONG KHÔNG TRUNG
8482216785041033031-785	8482216785041033031.wav	SSL/download/paper_benchmark/fleurs/audio/8482216785041033031.wav	thành phố này cũng là căn cứ để leo lên núi lửa nyiragongo cùng với một số thiết bị theo dõi núi gorilla rẻ nhất ở châu phi	THÀNH PHỐ NÀY CŨNG LÀ CĂN CỨ ĐỂ LEO NÚI LỬA NION CÙNG VỚI MỘT SỐ THIẾT BỊ THEO DÕI NÚI GURI NHẤT Ở CHÂU PHI	THÀNH PHỐ NÀY CŨNG LÀ CĂN CỨ ĐỂ LEO LÊN NÚI LỬA NYIRAGONGO CÙNG VỚI MỘT SỐ THIẾT BỊ THEO DÕI NÚI GORILLA RẺ NHẤT Ở CHÂU PHI
8670646680514533434-793	8670646680514533434.wav	SSL/download/paper_benchmark/fleurs/audio/8670646680514533434.wav	chuyến đi thực tế là một phần quan trọng trong lớp học giáo viên khá thường xuyên đưa học sinh tới những nơi mà việc đi xe buýt không phải là lựa chọn	CHUYẾN ĐI THỰC TẾ LÀ MỘT PHẦN QUAN TRỌNG TRONG LỚP HỌC GIÁO VIÊN KHÁ THƯỜNG XUYÊN ĐƯA HỌC SINH TỚI NHỮNG NƠI MÀ VIỆC ĐI XE BUÝT KHÔNG PHẢI LÀ LỰA CHỌN	CHUYẾN ĐI THỰC TẾ LÀ MỘT PHẦN QUAN TRỌNG TRONG LỚP HỌC GIÁO VIÊN KHÁ THƯỜNG XUYÊN ĐƯA HỌC SINH TỚI NHỮNG NƠI MÀ VIỆC ĐI XE BUÝT KHÔNG PHẢI LÀ LỰA CHỌN
8733696684811568941-801	8733696684811568941.wav	SSL/download/paper_benchmark/fleurs/audio/8733696684811568941.wav	20% lượng nước đổ từ các con sông trên hành tinh này ra đại dương đều bắt nguồn từ amazon	HAI MƯƠI PHẦN TRĂM LƯỢNG NƯỚC ĐỔ TỪ CÁC CON SÔNG TRÊN HÀNH TINH NÀY RA ĐẠI DƯƠNG ĐỀU BẮT NGUỒN TỪ AMAZON	20% LƯỢNG NƯỚC ĐỔ TỪ CÁC CON SÔNG TRÊN HÀNH TINH NÀY RA ĐẠI DƯƠNG ĐỀU BẮT NGUỒN TỪ AMAZON
9019726244039203774-809	9019726244039203774.wav	SSL/download/paper_benchmark/fleurs/audio/9019726244039203774.wav	xe buýt xuất phát từ trạm xe buýt liên huyện dọc con sông chạy cả ngày dù chủ yếu đặc biệt là các xe đến phía đông và jakar/bumthang sẽ xuất phát từ lúc 06:30 đến 07:30	XE BUÝT XUẤT PHÁT TỪ TRẠM XE BUÝT LIÊN HUYỆN DỌC CON SÔNG CHẠY CẢ NGÀY DÙ CHỦ YẾU ĐẶC BIỆT LÀ CÁC XE ĐẾN PHÍA ĐÔNG VÀ CÁT BUM THAN SẼ XUẤT PHÁT TỪ LÚC SÁU GIỜ BA MƯƠI ĐẾN BẢY GIỜ BA MƯƠI	XE BUÝT XUẤT PHÁT TỪ TRẠM XE BUÝT LIÊN HUYỆN DỌC CON SÔNG CHẠY CẢ NGÀY DÙ CHỦ YẾU ĐẶC BIỆT LÀ CÁC XE ĐẾN PHÍA ĐÔNG VÀ JAKAR/BUMTHANG SẼ XUẤT PHÁT TỪ LÚC 06:30 ĐẾN 07:30
9061310288361763985-817	9061310288361763985.wav	SSL/download/paper_benchmark/fleurs/audio/9061310288361763985.wav	rolando mendoza đã bắn vào các du khách bằng khẩu súng trường m16 của hắn	GLANDO MEN DA ĐÃ BẮN VÀO CÁC DU KHÁCH BẰNG KHẨU SÚNG TRƯỜNG MƯỜI SÁU CỦA HẮN	ROLANDO MENDOZA ĐÃ BẮN VÀO CÁC DU KHÁCH BẰNG KHẨU SÚNG TRƯỜNG M16 CỦA HẮN
9173018768647905713-825	9173018768647905713.wav	SSL/download/paper_benchmark/fleurs/audio/9173018768647905713.wav	lưu lượng giao thông là việc nghiên cứu di chuyển của các tài xế riêng biệt và những phương tiện giữa hai điểm cũng như cách họ tương tác với nhau	LƯU LƯỢNG GIAO THÔNG LÀ VIỆC NGHIÊN CỨU DI CHUYỂN CỦA CÁC TÀI XẾ RIÊNG BIỆT VÀ NHỮNG PHƯƠNG TIỆN GIỮA HAI ĐIỂM CŨNG NHƯ CÁCH HỌ TƯƠNG TÁC VỚI NHAU	LƯU LƯỢNG GIAO THÔNG LÀ VIỆC NGHIÊN CỨU DI CHUYỂN CỦA CÁC TÀI XẾ RIÊNG BIỆT VÀ NHỮNG PHƯƠNG TIỆN GIỮA HAI ĐIỂM CŨNG NHƯ CÁCH HỌ TƯƠNG TÁC VỚI NHAU
931756789748259467-833	931756789748259467.wav	SSL/download/paper_benchmark/fleurs/audio/931756789748259467.wav	trên chiếc xe ngựa họ trở về paris bị bao quanh bởi một đám đông đang la hét và đe dọa đức vua và nữ hoàng	TRÊN CHIẾC XE NGỰA HỌ TRỞ VỀ PARIS BỊ BAO QUANH BỞI MỘT ĐÁM ĐÔNG ĐANG LA HÉT VÀ ĐE DỌA ĐỨC VUA VÀ NỮ HOÀNG	TRÊN CHIẾC XE NGỰA HỌ TRỞ VỀ PARIS BỊ BAO QUANH BỞI MỘT ĐÁM ĐÔNG ĐANG LA HÉT VÀ ĐE DỌA ĐỨC VUA VÀ NỮ HOÀNG
9576825305599137129-841	9576825305599137129.wav	SSL/download/paper_benchmark/fleurs/audio/9576825305599137129.wav	do cấu trúc địa hình dưới nước dòng chảy ngược tập trung tại một số khu vực sâu hơn và dòng chảy nhanh đến vùng nước sâu có thể hình thành ở đó	DO CẤU TRÚC ĐỊA HÌNH DƯỚI NƯỚC DÒNG CHẢY NGƯỢC TẬP TRUNG TẠI MỘT SỐ KHU VỰC SÂU HƠN VÀ DÒNG CHẢY NHANH ĐẾN VÙNG NƯỚC SÂU CÓ THỂ HÌNH THÀNH Ở ĐÓ	DO CẤU TRÚC ĐỊA HÌNH DƯỚI NƯỚC DÒNG CHẢY NGƯỢC TẬP TRUNG TẠI MỘT SỐ KHU VỰC SÂU HƠN VÀ DÒNG CHẢY NHANH ĐẾN VÙNG NƯỚC SÂU CÓ THỂ HÌNH THÀNH Ở ĐÓ
982607753393253323-849	982607753393253323.wav	SSL/download/paper_benchmark/fleurs/audio/982607753393253323.wav	tìm kiếm khóa học về môi trường thù địch trên internet có thể sẽ cung cấp cho bạn địa chỉ của một công ty địa phương	TÌM KIẾM KHÓA HỌC VỀ MÔI TRƯỜNG TRÊN INTERNET CÓ THỂ SẼ CUNG CẤP CHO BẠN ĐỊA CHỈ CỦA MỘT CÔNG TY ĐỊA PHƯƠNG	TÌM KIẾM KHÓA HỌC VỀ MÔI TRƯỜNG THÙ ĐỊCH TRÊN INTERNET CÓ THỂ SẼ CUNG CẤP CHO BẠN ĐỊA CHỈ CỦA MỘT CÔNG TY ĐỊA PHƯƠNG
10078277432407694754-2	10078277432407694754.wav	SSL/download/paper_benchmark/fleurs/audio/10078277432407694754.wav	nó cũng tấn công mọi thứ trong nước ngay cả khủng long khổng lồ như t rex cũng không phải là đối thủ với nó	NÓ CŨNG TẤN CÔNG MỌI THỨ TRONG NƯỚC NGAY CẢ KHỦNG LONG KHỔNG LỒ NHƯ TIVI CŨNG KHÔNG PHẢI LÀ ĐỐI THỦ VỚI NÓ	NÓ CŨNG TẤN CÔNG MỌI THỨ TRONG NƯỚC NGAY CẢ KHỦNG LONG KHỔNG LỒ NHƯ T REX CŨNG KHÔNG PHẢI LÀ ĐỐI THỦ VỚI NÓ
10205789067921017036-10	10205789067921017036.wav	SSL/download/paper_benchmark/fleurs/audio/10205789067921017036.wav	blog là công cụ kích thích sự hợp tác và khuyến khích học sinh mở rộng việc học tập ra ngoài khuôn khổ lớp học truyền thống	LO LÀ CÔNG CỤ KÍCH THÍCH SỰ HỢP TÁC VÀ KHUYẾN KHÍCH HỌC SINH MỞ RỘNG VIỆC HỌC TẬP RA NGOÀI KHUÔN KHỔ LỚP HỌC TRUYỀN THỐNG	BLOG LÀ CÔNG CỤ KÍCH THÍCH SỰ HỢP TÁC VÀ KHUYẾN KHÍCH HỌC SINH MỞ RỘNG VIỆC HỌC TẬP RA NGOÀI KHUÔN KHỔ LỚP HỌC TRUYỀN THỐNG
1036876241637854415-18	1036876241637854415.wav	SSL/download/paper_benchmark/fleurs/audio/1036876241637854415.wav	giáo sư pamela ferguson của trường đại học dundee ghi nhận rằng có lẽ các nhà báo thực sự đang đi trên một con đường nguy hiểm khi công khai những hình ảnh v.v. của các nghi phạm	GIÁO SƯMLA FORN CỦA TRƯỜNG ĐẠI HỌC DONDE GHI NHẬN RẰNG CÓ LẼ CÁC NHÀ BÁO THỰC SỰ ĐANG ĐI TRÊN MỘT CON ĐƯỜNG NGUY HIỂM KHI CÔNG KHAI NHỮNG HÌNH ẢNH CỦA CÁC NGHI PHẠM	GIÁO SƯ PAMELA FERGUSON CỦA TRƯỜNG ĐẠI HỌC DUNDEE GHI NHẬN RẰNG CÓ LẼ CÁC NHÀ BÁO THỰC SỰ ĐANG ĐI TRÊN MỘT CON ĐƯỜNG NGUY HIỂM KHI CÔNG KHAI NHỮNG HÌNH ẢNH V V CỦA CÁC NGHI PHẠM
10578217408292407263-26	10578217408292407263.wav	SSL/download/paper_benchmark/fleurs/audio/10578217408292407263.wav	đồng tiền chính thức của falklands là đồng bảng falkland fkp có giá trị được ấn định bằng với đồng bảng anh gbp	ĐỒNG TIỀN CHÍNH THỨC CỦA FORTLAND LÀ ĐỒNG BẢNG FORTLAN F CÓ GIÁ TRỊ ĐƯỢC ẤN ĐỊNH BẰNG VỚI ĐỒNG BẢNG ANH V	ĐỒNG TIỀN CHÍNH THỨC CỦA FALKLANDS LÀ ĐỒNG BẢNG FALKLAND FKP CÓ GIÁ TRỊ ĐƯỢC ẤN ĐỊNH BẰNG VỚI ĐỒNG BẢNG ANH GBP
10751146797584417593-34	10751146797584417593.wav	SSL/download/paper_benchmark/fleurs/audio/10751146797584417593.wav	nó mỏng hơn dưới vùng maria biển và dày hơn ở vùng cao	NÓ MỎNG HƠN DƯỚI VÙNG MARINA BIỂN VÀ DÀY HƠN Ở VÙNG CAO	NÓ MỎNG HƠN DƯỚI VÙNG MARIA BIỂN VÀ DÀY HƠN Ở VÙNG CAO
1088021197531323436-42	1088021197531323436.wav	SSL/download/paper_benchmark/fleurs/audio/1088021197531323436.wav	phát hiện này cũng mang đến một cái nhìn sâu sắc cho sự tiến hóa đối với lông vũ của các loài chim	PHÁT HIỆN NÀY CŨNG MANG ĐẾN MỘT CÁI NHÌN SÂU SẮC CHO SỰ TIẾN HÓA ĐỐI VỚI LÔNG CỦA CÁC LOÀI CHIM	PHÁT HIỆN NÀY CŨNG MANG ĐẾN MỘT CÁI NHÌN SÂU SẮC CHO SỰ TIẾN HÓA ĐỐI VỚI LÔNG VŨ CỦA CÁC LOÀI CHIM
11073115628039396251-50	11073115628039396251.wav	SSL/download/paper_benchmark/fleurs/audio/11073115628039396251.wav	bởi vì lông vũ của khủng long không có thân lông phát triển tốt được gọi là thân ống lông nhưng lại có các đặc điểm khác của lông vũ tơ và lông tơ nên các nhà nghiên cứu cho rằng thân ống lông có thể là sự phát triển tiến hóa sau này với những đặc điểm khác này	BỞI VÌ LÔNG CỦA KHỦNG LONG KHÔNG CÓ THÂN LÔNG PHÁT TRIỂN TỐT ĐƯỢC GỌI LÀ THÂN ỐNG LÔNG NHƯNG LẠI CÓ CÁC ĐẶC ĐIỂM KHÁC CỦA LÔNG TƠ VÀ LÔNG TƠ NÊN CÁC NHÀ NGHIÊN CỨU CHO RẰNG THÂN ỐNG LÔNG CÓ THỂ LÀ SỰ PHÁT TRIỂN TIẾN HÓA SAU NÀY VỚI NHỮNG ĐẶC ĐIỂM KHÁC NÀY	BỞI VÌ LÔNG VŨ CỦA KHỦNG LONG KHÔNG CÓ THÂN LÔNG PHÁT TRIỂN TỐT ĐƯỢC GỌI LÀ THÂN ỐNG LÔNG NHƯNG LẠI CÓ CÁC ĐẶC ĐIỂM KHÁC CỦA LÔNG VŨ TƠ VÀ LÔNG TƠ NÊN CÁC NHÀ NGHIÊN CỨU CHO RẰNG THÂN ỐNG LÔNG CÓ THỂ LÀ SỰ PHÁT TRIỂN TIẾN HÓA SAU NÀY VỚI NHỮNG ĐẶC ĐIỂM KHÁC NÀY
11192011819506936629-58	11192011819506936629.wav	SSL/download/paper_benchmark/fleurs/audio/11192011819506936629.wav	thời đại mà các sự kiện này diễn ra thường được gọi là trung kỳ thời trung cổ một giai đoạn trong lịch sử châu âu vào thế kỷ thứ 11 12 và 13 năm 1000-1300 sau công nguyên	THỜI ĐẠI MÀ CÁC SỰ KIỆN NÀY DIỄN RA THƯỜNG ĐƯỢC GỌI LÀ TRUNG KỲ THỜI TRUNG CỔ MỘT GIAI ĐOẠN TRONG LỊCH SỬ CHÂU ÂU VÀ THẾ KỶ THỨ MƯỜI MỘT MƯỜI HAI VÀ MƯỜI BA NĂM MỘT NGÀN ĐẾN MỘT NGÀN BA TRĂM SAU CÔNG NGUYÊN	THỜI ĐẠI MÀ CÁC SỰ KIỆN NÀY DIỄN RA THƯỜNG ĐƯỢC GỌI LÀ TRUNG KỲ THỜI TRUNG CỔ MỘT GIAI ĐOẠN TRONG LỊCH SỬ CHÂU ÂU VÀO THẾ KỶ THỨ 11 12 VÀ 13 NĂM 1000 1300 SAU CÔNG NGUYÊN
11330537985623646875-66	11330537985623646875.wav	SSL/download/paper_benchmark/fleurs/audio/11330537985623646875.wav	các đề cử khác bao gồm phim đạo diễn quay phim thiết kế trang phục biên tập phim nhạc phim gốc thiết kế sản xuất biên tập âm thanh hòa âm và kịch bản gốc hay nhất	CÁC ĐỀ CỬ KHÁC BAO GỒM PHIM ĐẠO DIỄN QUAY PHIM THIẾT KẾ TRANG PHỤC BIÊN TẬP PHIM NHẠC PHIM GỐC THIẾT KẾ SẢN XUẤT BIÊN TẬP ÂM THANH HÒA ÂM VÀ KỊCH BẢN GỐC HAY NHẤT	CÁC ĐỀ CỬ KHÁC BAO GỒM PHIM ĐẠO DIỄN QUAY PHIM THIẾT KẾ TRANG PHỤC BIÊN TẬP PHIM NHẠC PHIM GỐC THIẾT KẾ SẢN XUẤT BIÊN TẬP ÂM THANH HÒA ÂM VÀ KỊCH BẢN GỐC HAY NHẤT
11489843034381096521-74	11489843034381096521.wav	SSL/download/paper_benchmark/fleurs/audio/11489843034381096521.wav	đây là những bãi biển gia đình đôi khi đông đúc có nhiều cửa hàng dọc theo bờ biển nơi đây có thể bơi lội an toàn	ĐÂY LÀ NHỮNG BÃI BIỂN GIA ĐÌNH ĐÔI KHI ĐÔNG ĐÚC CÓ NHIỀU CỬA HÀNG DỌC THEO BỜ BIỂN NƠI ĐÂY CÓ THỂ BƠI LỘI AN TOÀN	ĐÂY LÀ NHỮNG BÃI BIỂN GIA ĐÌNH ĐÔI KHI ĐÔNG ĐÚC CÓ NHIỀU CỬA HÀNG DỌC THEO BỜ BIỂN NƠI ĐÂY CÓ THỂ BƠI LỘI AN TOÀN
11662569108912717852-82	11662569108912717852.wav	SSL/download/paper_benchmark/fleurs/audio/11662569108912717852.wav	sự kỷ luật trong phòng thủ khả năng xử lý bóng và tính đồng đội tuyệt vời khiến họ khác biệt và rõ ràng đây là đội hình chiến thắng	SỰ KỶ LUẬT TRONG PHÒNG THỦ KHẢ NĂNG XỬ LÝ BÓNG VÀ TÍNH ĐỒNG ĐỘI TUYỆT VỜI KHIẾN HỌ KHÁC BIỆT VÀ RÕ RÀNG ĐÂY LÀ ĐỘI HÌNH CHIẾN THẮNG	SỰ KỶ LUẬT TRONG PHÒNG THỦ KHẢ NĂNG XỬ LÝ BÓNG VÀ TÍNH ĐỒNG ĐỘI TUYỆT VỜI KHIẾN HỌ KHÁC BIỆT VÀ RÕ RÀNG ĐÂY LÀ ĐỘI HÌNH CHIẾN THẮNG
11806133943011932690-90	11806133943011932690.wav	SSL/download/paper_benchmark/fleurs/audio/11806133943011932690.wav	"""đặc tính nhiệt của chúng không ổn định như các hang động lớn trên trái đất vốn thường duy trì nhiệt độ khá ổn định nhưng điều này phù hợp với các hố sâu trong lòng đất glen cushing thuộc toán địa chất học cơ quan thăm dò địa chất hoa kỳ usgs và trường northern arizona university ở flagstaff arizona cho biết"	ĐẶC TÍNH NHIỆT CỦA CHÚNG KHÔNG ỔN ĐỊNH NHƯ CÁC HANG ĐỘNG LỚN TRÊN TRÁI ĐẤT VỐN THƯỜNG DUY TRÌ NHIỆT ĐỘ KHÁ ỔN ĐỊNH NHƯNG ĐIỀU NÀY PHÙ HỢP VỚI CÁC HỐ TRONG LÒNG ĐẤT LAN THUỘC ĐỊA HỌC CƠ QUAN THĂM DÒ ĐỊA CHẤT HOA KỲ US VÀ TRƯỜNG NONA CIT Ở NATARNA CHO BIẾT	"""ĐẶC TÍNH NHIỆT CỦA CHÚNG KHÔNG ỔN ĐỊNH NHƯ CÁC HANG ĐỘNG LỚN TRÊN TRÁI ĐẤT VỐN THƯỜNG DUY TRÌ NHIỆT ĐỘ KHÁ ỔN ĐỊNH NHƯNG ĐIỀU NÀY PHÙ HỢP VỚI CÁC HỐ SÂU TRONG LÒNG ĐẤT GLEN CUSHING THUỘC TOÁN ĐỊA CHẤT HỌC CƠ QUAN THĂM DÒ ĐỊA CHẤT HOA KỲ USGS VÀ TRƯỜNG NORTHERN ARIZONA UNIVERSITY Ở FLAGSTAFF ARIZONA CHO BIẾT"
11991223819472939721-98	11991223819472939721.wav	SSL/download/paper_benchmark/fleurs/audio/11991223819472939721.wav	tại nhiều thành phố khác ở ý và khu vực khác trên thế giới đặc biệt là tại ba lan những hệ thống tương tự cũng được lắp đặt và được theo dõi qua màn hình bởi rất nhiều người xem	TẠI NHIỀU THÀNH PHỐ KHÁC Ở Ý VÀ KHU VỰC KHÁC TRÊN THẾ GIỚI ĐẶC BIỆT LÀ TẠI BA LAN NHỮNG HỆ THỐNG TƯƠNG TỰ CŨNG ĐƯỢC LẮP ĐẶT VÀ ĐƯỢC THEO DÕI QUA MÀN HÌNH BỞI RẤT NHIỀU NGƯỜI XEM	TẠI NHIỀU THÀNH PHỐ KHÁC Ở Ý VÀ KHU VỰC KHÁC TRÊN THẾ GIỚI ĐẶC BIỆT LÀ TẠI BA LAN NHỮNG HỆ THỐNG TƯƠNG TỰ CŨNG ĐƯỢC LẮP ĐẶT VÀ ĐƯỢC THEO DÕI QUA MÀN HÌNH BỞI RẤT NHIỀU NGƯỜI XEM
12156684650493583216-106	12156684650493583216.wav	SSL/download/paper_benchmark/fleurs/audio/12156684650493583216.wav	trong quần đảo và hồ bạn không nhất thiết phải cần đến thuyền buồm	TRONG QUẦN ĐẢO VÀ HỒ BẠN KHÔNG NHẤT THIẾT PHẢI CẦN ĐẾN THUYỀN	TRONG QUẦN ĐẢO VÀ HỒ BẠN KHÔNG NHẤT THIẾT PHẢI CẦN ĐẾN THUYỀN BUỒM
12294378439351664917-114	12294378439351664917.wav	SSL/download/paper_benchmark/fleurs/audio/12294378439351664917.wav	duvall đã kết hôn và có hai người con trưởng thành không để lại ấn tượng gì nhiều với miller người có liên quan tới câu chuyện	ĐUN ĐÃ KẾT HÔN VÀ CÓ HAI NGƯỜI CON TRƯỞNG THÀNH KHÔNG ĐỂ LẠI ẤN TƯỢNG GÌ NHIỀU VỚI MAILER NGƯỜI CÓ LIÊN QUAN ĐẾN CÂU CHUYỆN	DUVALL ĐÃ KẾT HÔN VÀ CÓ HAI NGƯỜI CON TRƯỞNG THÀNH KHÔNG ĐỂ LẠI ẤN TƯỢNG GÌ NHIỀU VỚI MILLER NGƯỜI CÓ LIÊN QUAN TỚI CÂU CHUYỆN
12432449224075523646-122	12432449224075523646.wav	SSL/download/paper_benchmark/fleurs/audio/12432449224075523646.wav	dịch vụ này thường được sử dụng bởi tàu thuyền gồm cả tàu du lịch cũng như các đoàn thám hiểm có nhu cầu trao đổi dữ liệu và giọng nói từ xa	DỊCH VỤ NÀY THƯỜNG ĐƯỢC SỬ DỤNG BỞI TÀU THUYỀN GỒM CẢ TÀU CŨNG NHƯ CÁC ĐOÀN THÁM HIỂM CÓ NHU CẦU TRAO ĐỔI DỮ LIỆU VÀ GIỌNG NÓI TỪ XA	DỊCH VỤ NÀY THƯỜNG ĐƯỢC SỬ DỤNG BỞI TÀU THUYỀN GỒM CẢ TÀU DU LỊCH CŨNG NHƯ CÁC ĐOÀN THÁM HIỂM CÓ NHU CẦU TRAO ĐỔI DỮ LIỆU VÀ GIỌNG NÓI TỪ XA
1253506738135262887-130	1253506738135262887.wav	SSL/download/paper_benchmark/fleurs/audio/1253506738135262887.wav	ông nói thêm tuy vậy không nên yêu cầu các em thực hiện những bổn phận không phù hợp với giai đoạn phát triển trách nhiệm và khả năng của mình	ÔNG NÓI THÊM TUY VẬY KHÔNG NÊN YÊU CẦU CÁC EM THỰC HIỆN NHỮNG BỘN PHẬN KHÔNG PHÙ HỢP VỚI GIAI ĐOẠN PHÁT TRIỂN TRÁCH NHIỆM VÀ KHẢ NĂNG CỦA MÌNH	ÔNG NÓI THÊM TUY VẬY KHÔNG NÊN YÊU CẦU CÁC EM THỰC HIỆN NHỮNG BỔN PHẬN KHÔNG PHÙ HỢP VỚI GIAI ĐOẠN PHÁT TRIỂN TRÁCH NHIỆM VÀ KHẢ NĂNG CỦA MÌNH
12706544329768734968-138	12706544329768734968.wav	SSL/download/paper_benchmark/fleurs/audio/12706544329768734968.wav	khi sự hiểu biết về hy lạp suy tàn phương tây nhận thấy mình bị cắt đứt khỏi nguồn gốc triết học và khoa học hy lạp	KHI SỰ HIỂU BIẾT VỀ HY LẠP SUYN PHƯƠNG TÂY NHẬN THẤY MÌNH BỊ CẮT ĐỨT KHỎI NGUỒN GỐC TRIẾT HỌC VÀ KHOA HỌC HY LẠP	KHI SỰ HIỂU BIẾT VỀ HY LẠP SUY TÀN PHƯƠNG TÂY NHẬN THẤY MÌNH BỊ CẮT ĐỨT KHỎI NGUỒN GỐC TRIẾT HỌC VÀ KHOA HỌC HY LẠP
12891647545009319241-146	12891647545009319241.wav	SSL/download/paper_benchmark/fleurs/audio/12891647545009319241.wav	việc quá nhiều người sở hữu xe hơi cũng dẫn đến sự gia tăng số vụ tai nạn giao thông dẫn tới phát minh kỹ thuật mới trong ngành y tế để phục hồi những tổn thương trên thân thể	VIỆC QUÁ NHIỀU NGƯỜI SỞ HỮU XE HƠI CŨNG DẪN ĐẾN SỰ GIA TĂNG SỐ VỤ TAI NẠN GIAO THÔNG DẪN ĐẾN PHÁT MINH KỸ THUẬT MỚI TRONG NGÀNH Y TẾ ĐỂ PHỤC HỒI NHỮNG TỔN THƯƠNG TRÊN THÂN THỂ	VIỆC QUÁ NHIỀU NGƯỜI SỞ HỮU XE HƠI CŨNG DẪN ĐẾN SỰ GIA TĂNG SỐ VỤ TAI NẠN GIAO THÔNG DẪN TỚI PHÁT MINH KỸ THUẬT MỚI TRONG NGÀNH Y TẾ ĐỂ PHỤC HỒI NHỮNG TỔN THƯƠNG TRÊN THÂN THỂ
13067300864250821326-154	13067300864250821326.wav	SSL/download/paper_benchmark/fleurs/audio/13067300864250821326.wav	kể từ khi thành lập asunción vào năm 1537 paraguay đã cố gắng duy trì những đặc điểm và bản sắc bản địa của mình	KỂ TỪ KHI THÀNH LẬP AMSUN KION VÀO NĂM MỘT NGÀN NĂM TRĂM BA MƯƠI BẢY BA GAGU A ĐÃ CỐ GẮNG DUY TRÌ NHỮNG ĐẶC ĐIỂM VÀ BẢN SẮC BẢN ĐỊA CỦA MÌNH	KỂ TỪ KHI THÀNH LẬP ASUNCIÓN VÀO NĂM 1537 PARAGUAY ĐÃ CỐ GẮNG DUY TRÌ NHỮNG ĐẶC ĐIỂM VÀ BẢN SẮC BẢN ĐỊA CỦA MÌNH
13184457588796752570-162	13184457588796752570.wav	SSL/download/paper_benchmark/fleurs/audio/13184457588796752570.wav	khi tất cả các nguồn lực hiện có được sử dụng một cách hiệu quả ở khắp các phòng ban có chức năng của một tổ chức khả năng sáng tạo và sự khôn khéo có thể được phát huy	KHI TẤT CẢ CÁC NGUỒN LỰC HIỆN CÓ ĐƯỢC SỬ DỤNG MỘT CÁCH HIỆU QUẢ Ở KHẮP CÁC PHÒNG BAN CÓ CHỨC NĂNG CỦA MỘT TỔ CHỨC KHẢ NĂNG SÁNG TẠO VÀ SỰ KHÔN KHÉO CÓ THỂ ĐƯỢC PHÁT HUY	KHI TẤT CẢ CÁC NGUỒN LỰC HIỆN CÓ ĐƯỢC SỬ DỤNG MỘT CÁCH HIỆU QUẢ Ở KHẮP CÁC PHÒNG BAN CÓ CHỨC NĂNG CỦA MỘT TỔ CHỨC KHẢ NĂNG SÁNG TẠO VÀ SỰ KHÔN KHÉO CÓ THỂ ĐƯỢC PHÁT HUY
13379028942642129694-170	13379028942642129694.wav	SSL/download/paper_benchmark/fleurs/audio/13379028942642129694.wav	hồ sơ theo vụ rò rỉ sẽ nhắc tới xung đột biên giới điều palestine muốn dựa trên đường biên giới trước cuộc chiến tranh trung đông 1967	HỒ SƠ THEO VỤ RÒ RỈ SẼ NHẮC TỚI XUNG ĐỘT BIÊN GIỚI ĐIỀU MUỐN DỰA TRÊN ĐƯỜNG BIÊN GIỚI TRƯỚC CUỘC CHIẾN TRANH TRUNG ĐÔNG MỘT CHÍN SÁU BẢY	HỒ SƠ THEO VỤ RÒ RỈ SẼ NHẮC TỚI XUNG ĐỘT BIÊN GIỚI ĐIỀU PALESTINE MUỐN DỰA TRÊN ĐƯỜNG BIÊN GIỚI TRƯỚC CUỘC CHIẾN TRANH TRUNG ĐÔNG 1967
13567970586915076160-178	13567970586915076160.wav	SSL/download/paper_benchmark/fleurs/audio/13567970586915076160.wav	blog là công cụ kích thích sự hợp tác và khuyến khích học sinh mở rộng việc học tập ra ngoài khuôn khổ lớp học truyền thống	BLOG LÀ CÔNG CỤ KÍCH THÍCH SỰ HỢP TÁC VÀ KHUYẾN KHÍCH HỌC SINH MỞ RỘNG VIỆC HỌC TẬP RA NGOÀI KHUÔN KHỔ LỚP HỌC TRUYỀN THỐNG	BLOG LÀ CÔNG CỤ KÍCH THÍCH SỰ HỢP TÁC VÀ KHUYẾN KHÍCH HỌC SINH MỞ RỘNG VIỆC HỌC TẬP RA NGOÀI KHUÔN KHỔ LỚP HỌC TRUYỀN THỐNG
1373727221235000306-186	1373727221235000306.wav	SSL/download/paper_benchmark/fleurs/audio/1373727221235000306.wav	trong giai đoạn xung đột dành độc lập do phong trào mau tổ chức một cuộc tụ họp hòa bình trong thành phố đã dẫn đến việc lãnh tụ tupua tamasese lealofi iii bị giết chết	TRONG GIAI ĐOẠN XUNG ĐỘT DO PHONG TRÀO TỔ CHỨC MỘT CUỘC TỤ HỌP HÒA BÌNH TRONG THÀNH PHỐ ĐÃ DẪN ĐẾN VIỆC LÃNH TỤ GU A TA MA XÊ LY PHI BA BỊ GIẾT CHẾT	TRONG GIAI ĐOẠN XUNG ĐỘT DÀNH ĐỘC LẬP DO PHONG TRÀO MAU TỔ CHỨC MỘT CUỘC TỤ HỌP HÒA BÌNH TRONG THÀNH PHỐ ĐÃ DẪN ĐẾN VIỆC LÃNH TỤ TUPUA TAMASESE LEALOFI III BỊ GIẾT CHẾT
13923303699486756878-194	13923303699486756878.wav	SSL/download/paper_benchmark/fleurs/audio/13923303699486756878.wav	loài người đã biết đến các nguyên tố hoá học cơ bản như vàng bạc và đồng từ thời cổ đại bởi tất cả các nguyên tố đó đều có thể được phát hiện trong tự nhiên ở dạng nguyên thể và tương đối dễ khai thác bằng các công cụ nguyên thuỷ	LOÀI NGƯỜI ĐÃ BIẾT ĐẾN CÁC NGUYÊN TỐ HÓA HỌC CƠ BẢN NHƯ VÀNG BẠC ĐỒNG TỪ THỜI CỔ ĐẠI BỞI TẤT CẢ CÁC NGUYÊN TỐ ĐÓ ĐỀU CÓ THỂ ĐƯỢC PHÁT TRIỂN TRONG TỰ NHIÊN Ở DẠNG NGUYÊN THỂ VÀ TƯƠNG ĐỐI DỄ KHAI THÁC BẰNG CÁC CÔNG CỤ NGUYÊN THỦY	LOÀI NGƯỜI ĐÃ BIẾT ĐẾN CÁC NGUYÊN TỐ HOÁ HỌC CƠ BẢN NHƯ VÀNG BẠC VÀ ĐỒNG TỪ THỜI CỔ ĐẠI BỞI TẤT CẢ CÁC NGUYÊN TỐ ĐÓ ĐỀU CÓ THỂ ĐƯỢC PHÁT HIỆN TRONG TỰ NHIÊN Ở DẠNG NGUYÊN THỂ VÀ TƯƠNG ĐỐI DỄ KHAI THÁC BẰNG CÁC CÔNG CỤ NGUYÊN THUỶ
14116357030870156037-202	14116357030870156037.wav	SSL/download/paper_benchmark/fleurs/audio/14116357030870156037.wav	có thể có nhiều lưu vực ảnh hưởng trên sườn kế cận bởi vì tầng vỏ mỏng hơn dung nham dễ trồi lên khỏi bề mặt hơn	CÓ THỂ CÓ NHIỀU LƯU VỰC ẢNH HƯỞNG TRÊN SƯỜN KẾ CẬN BỞI VÌ TẦNG VỎNG HƠN DUNG NHAM DỄ CHỒI LÊN KHỎI BỀ MẶT HƠN	CÓ THỂ CÓ NHIỀU LƯU VỰC ẢNH HƯỞNG TRÊN SƯỜN KẾ CẬN BỞI VÌ TẦNG VỎ MỎNG HƠN DUNG NHAM DỄ TRỒI LÊN KHỎI BỀ MẶT HƠN
14280569489574396815-210	14280569489574396815.wav	SSL/download/paper_benchmark/fleurs/audio/14280569489574396815.wav	hãy nhớ rằng dù âm nhạc trên sân khấu chính đã tắt thì vẫn có một số khu vực của lễ hội sẽ tiếp tục chơi nhạc cho đến tối muộn	HÃY NHỚ RẰNG DÙ ÂM NHẠC TRÊN SÂN KHẤU CHÍNH ĐÃ TẮT THÌ VẪN CÓ MỘT SỐ KHU VỰC CỦA LỄ HỘI SẼ TIẾP TỤC CHƠI NHẠC CHO ĐẾN TỐI MUỘN	HÃY NHỚ RẰNG DÙ ÂM NHẠC TRÊN SÂN KHẤU CHÍNH ĐÃ TẮT THÌ VẪN CÓ MỘT SỐ KHU VỰC CỦA LỄ HỘI SẼ TIẾP TỤC CHƠI NHẠC CHO ĐẾN TỐI MUỘN
14413014896850487502-218	14413014896850487502.wav	SSL/download/paper_benchmark/fleurs/audio/14413014896850487502.wav	mitchell gourley của australia về đích ở vị trí thứ mười một ở cuộc đua super-g đứng dành cho nam đối thủ đến từ séc oldrich jelinek về đích ở vị trí thứ mười sáu ở cuộc đua super-g ngồi dành cho nam	BIT TREO GOLAY CỦA AUSTRALIA VỀ ĐÍCH Ở VỊ TRÍ THỨ MƯỜI MỘT Ở CUỘC ĐUA SUPER ĐỨNG DÀNH CHO NAM ĐỐI THỦ ĐẾN TỪ SÉCRI VỀ ĐÍCH Ở VỊ TRÍ THỨ MƯỜI SÁU Ở CUỘC ĐUA SUPER DÀNH CHO NAM	MITCHELL GOURLEY CỦA AUSTRALIA VỀ ĐÍCH Ở VỊ TRÍ THỨ MƯỜI MỘT Ở CUỘC ĐUA SUPER G ĐỨNG DÀNH CHO NAM ĐỐI THỦ ĐẾN TỪ SÉC OLDRICH JELINEK VỀ ĐÍCH Ở VỊ TRÍ THỨ MƯỜI SÁU Ở CUỘC ĐUA SUPER G NGỒI DÀNH CHO NAM
14566257005506189223-226	14566257005506189223.wav	SSL/download/paper_benchmark/fleurs/audio/14566257005506189223.wav	lakkha singh cũng trình bày chhappan bhog bhajan ca kĩ raju khandelwal hát cùng ông	LAT KHA XIN CŨNG TRÌNH BÀY BAN HONG HAN CA SĨ GAIU KHAN DART HÁT CÙNG ÔNG	LAKKHA SINGH CŨNG TRÌNH BÀY CHHAPPAN BHOG BHAJAN CA KĨ RAJU KHANDELWAL HÁT CÙNG ÔNG
14666626076613521612-234	14666626076613521612.wav	SSL/download/paper_benchmark/fleurs/audio/14666626076613521612.wav	cơn bão được đặt tên thứ mười của mùa bão atlantic bão cận nhiệt đới jerry đã hình thành tại biển atlantic hôm nay	CƠN BÃO ĐƯỢC ĐẶT TÊN THỨ MƯỜI CỦA MÙA BÃO ATLAND BÃO CẬN NHIỆT ĐỚI ĐÃ HÌNH THÀNH TẠI BIỂN ATLANDIC HÔM NAY	CƠN BÃO ĐƯỢC ĐẶT TÊN THỨ MƯỜI CỦA MÙA BÃO ATLANTIC BÃO CẬN NHIỆT ĐỚI JERRY ĐÃ HÌNH THÀNH TẠI BIỂN ATLANTIC HÔM NAY
14798044245039786985-242	14798044245039786985.wav	SSL/download/paper_benchmark/fleurs/audio/14798044245039786985.wav	vậy là có khả năng chú thích được thêm vào đơn giản chỉ là nhãn đánh dấu	VẬY LÀ CÓ KHẢ NĂNG CHÚ THÍCH ĐƯỢC THÊM VÀO ĐƠN GIẢN CHỈ LÀ NHÃN ĐÁNH DẤU	VẬY LÀ CÓ KHẢ NĂNG CHÚ THÍCH ĐƯỢC THÊM VÀO ĐƠN GIẢN CHỈ LÀ NHÃN ĐÁNH DẤU
15048078677738670465-250	15048078677738670465.wav	SSL/download/paper_benchmark/fleurs/audio/15048078677738670465.wav	chủ nghĩa lãng mạn có một yếu tố lớn về quyết định văn hóa được rút ra từ những tác giả như goethe fichte và schlegel	CHỦ NGHĨA LÃNG MẠN CÓ MỘT YẾU TỐ LỚN VỀ QUYẾT ĐỊNH VĂN HÓA ĐƯỢC RÚT RA TỪ NHỮNG TÁC GIẢ NHƯ FITY VÀ SOR	CHỦ NGHĨA LÃNG MẠN CÓ MỘT YẾU TỐ LỚN VỀ QUYẾT ĐỊNH VĂN HÓA ĐƯỢC RÚT RA TỪ NHỮNG TÁC GIẢ NHƯ GOETHE FICHTE VÀ SCHLEGEL
15101581579134403534-258	15101581579134403534.wav	SSL/download/paper_benchmark/fleurs/audio/15101581579134403534.wav	chỉ các đột biến ở tế bào dòng vi khuẩn mới có thể di truyền sang con cái trong khi đột biến ở nơi khác có thể gây chết tế bào hay ung thư	CHỈ CÁC ĐỘT BIẾN Ở TẾ BÀO VI KHUẨN MỚI CÓ THỂ DI CHUYỂN SANG CON CÁI TRONG KHI ĐỘT BIẾN Ở NƠI KHÁC CÓ THỂ GÂY CHẾT TẾ BÀO HAY UNG THƯ	CHỈ CÁC ĐỘT BIẾN Ở TẾ BÀO DÒNG VI KHUẨN MỚI CÓ THỂ DI TRUYỀN SANG CON CÁI TRONG KHI ĐỘT BIẾN Ở NƠI KHÁC CÓ THỂ GÂY CHẾT TẾ BÀO HAY UNG THƯ
15261400524439885401-266	15261400524439885401.wav	SSL/download/paper_benchmark/fleurs/audio/15261400524439885401.wav	các nhiếp ảnh gia về sau đã chiếm vị trí của người phụ nữ cao niên khi bà cần nhà vệ sinh mendoza đã bị bắn hạ	CÁC NHIẾP ẢNH GIA VỀ SAU ĐÃ CHIẾM VỊ TRÍ CỦA NGƯỜI PHỤ NỮ CAO NIÊN NÊN BÀ CẦN VỆ SINH NÊN ĐƯA RA ĐÃ BỊ BẮN HẠ	CÁC NHIẾP ẢNH GIA VỀ SAU ĐÃ CHIẾM VỊ TRÍ CỦA NGƯỜI PHỤ NỮ CAO NIÊN KHI BÀ CẦN NHÀ VỆ SINH MENDOZA ĐÃ BỊ BẮN HẠ
15399944791182200435-274	15399944791182200435.wav	SSL/download/paper_benchmark/fleurs/audio/15399944791182200435.wav	nếu vượt biển bắc baltic vào mùa đông hãy kiểm tra lại buồng ngủ vì khi tàu phá băng sẽ tạo ra những tiếng ồn kinh khủng mà không phải ai cũng chịu đựng được	NẾU VƯỢT BIỂN BẮC VÀO MÙA ĐÔNG HÃY KIỂM TRA LẠI BUỒN NGỦ VÌ KHI TÀU PHÁ BĂNG SẼ TẠO RA NHỮNG TIẾNG ỒN KINH KHỦNG MÀ KHÔNG PHẢI AI CŨNG CHỊU ĐỰNG ĐƯỢC	NẾU VƯỢT BIỂN BẮC BALTIC VÀO MÙA ĐÔNG HÃY KIỂM TRA LẠI BUỒNG NGỦ VÌ KHI TÀU PHÁ BĂNG SẼ TẠO RA NHỮNG TIẾNG ỒN KINH KHỦNG MÀ KHÔNG PHẢI AI CŨNG CHỊU ĐỰNG ĐƯỢC
15513745189327004561-282	15513745189327004561.wav	SSL/download/paper_benchmark/fleurs/audio/15513745189327004561.wav	chỉ các đột biến ở tế bào dòng vi khuẩn mới có thể di truyền sang con cái trong khi đột biến ở nơi khác có thể gây chết tế bào hay ung thư	CHỈ CÁC ĐỘT BIẾN Ở TẾ BÀO DÒNG VI KHUẨN MỚI CÓ THỂ DI CHUYỂN SANG CON CÁI TRONG KHI ĐỘT BIẾN Ở NƠI KHÁC CÓ THỂ GÂY CHẾT TẾ BÀO HAY UNG THƯ	CHỈ CÁC ĐỘT BIẾN Ở TẾ BÀO DÒNG VI KHUẨN MỚI CÓ THỂ DI TRUYỀN SANG CON CÁI TRONG KHI ĐỘT BIẾN Ở NƠI KHÁC CÓ THỂ GÂY CHẾT TẾ BÀO HAY UNG THƯ
15569117735441653884-290	15569117735441653884.wav	SSL/download/paper_benchmark/fleurs/audio/15569117735441653884.wav	phòng quản lý tình trạng khẩn cấp miền bắc marianas cho biết không có báo cáo nào về tổn thất ở quốc gia này	PHÒNG QUẢN LÝ TÌNH TRẠNG KHẨN CẤP MIỀN BẮC MARIANA CHO BIẾT KHÔNG CÓ BÁO CÁO NÀO VỀ TỔN THẤT Ở QUỐC GIA NÀY	PHÒNG QUẢN LÝ TÌNH TRẠNG KHẨN CẤP MIỀN BẮC MARIANAS CHO BIẾT KHÔNG CÓ BÁO CÁO NÀO VỀ TỔN THẤT Ở QUỐC GIA NÀY
15649676027073048840-298	15649676027073048840.wav	SSL/download/paper_benchmark/fleurs/audio/15649676027073048840.wav	martelly đã tuyên thệ trong hội đồng bầu cử lâm thời provisional electoral council cep mới gồm chín thành viên vào ngày hôm qua	MÁC TÊ LI ĐÃ TUYÊN TRONG HỘI ĐỒNG BẦU CỬ LÂM THỜI LOÉT GON C MỚI GỒM CHÍN THÀNH VIÊN VÀO NGÀY HÔM QUA	MARTELLY ĐÃ TUYÊN THỆ TRONG HỘI ĐỒNG BẦU CỬ LÂM THỜI PROVISIONAL ELECTORAL COUNCIL CEP MỚI GỒM CHÍN THÀNH VIÊN VÀO NGÀY HÔM QUA
15803217730029158900-306	15803217730029158900.wav	SSL/download/paper_benchmark/fleurs/audio/15803217730029158900.wav	các cầu thủ đập bóng vị trí giữa sachin tendulkar và rahul dravid đã chơi tốt và là cặp đối tác ở đường chạy một trăm	CÁC CẦU THỦ ĐẬP BÓNG VỊ TRÍ GIỮA SACHIN TENDUNK VÀ RAODA ĐÃ CHƠI TỐT VÀ LÀ CẶP ĐỐI TÁC Ở ĐƯỜNG CHẠY MỘT TRĂM	CÁC CẦU THỦ ĐẬP BÓNG VỊ TRÍ GIỮA SACHIN TENDULKAR VÀ RAHUL DRAVID ĐÃ CHƠI TỐT VÀ LÀ CẶP ĐỐI TÁC Ở ĐƯỜNG CHẠY MỘT TRĂM
16029477743475246242-314	16029477743475246242.wav	SSL/download/paper_benchmark/fleurs/audio/16029477743475246242.wav	mối tương quan giữa bệnh lý não và cung cách ứng xử hỗ trợ cho các nhà khoa học trong quá trình nghiên cứu của họ	MỐI QUAN GIỮA BỆNH LÝ NÃO VÀ CUNG CÁCH ỨNG XỬ HỖ TRỢ CHO CÁC NHÀ KHOA HỌC TRONG QUÁ TRÌNH NGHIÊN CỨU CỦA HỌ	MỐI TƯƠNG QUAN GIỮA BỆNH LÝ NÃO VÀ CUNG CÁCH ỨNG XỬ HỖ TRỢ CHO CÁC NHÀ KHOA HỌC TRONG QUÁ TRÌNH NGHIÊN CỨU CỦA HỌ
16168406173655143575-322	16168406173655143575.wav	SSL/download/paper_benchmark/fleurs/audio/16168406173655143575.wav	quần đảo nằm cách bán đảo 120 km phía bắc peninsula đảo lớn nhất là king george với sự hiện diện của làng villa las estrellas	QUẦN ĐẢO NẰM CÁCH BÁN ĐẢO MỘT TRĂM HAI MƯƠI KI LÔ MÉT PHÍA BẮCLISURA LỚN NHẤT LÀ KINH VỚI SỰ HIỆN DIỆN CỦA LÀNG VILAS ATRAT	QUẦN ĐẢO NẰM CÁCH BÁN ĐẢO 120 KM PHÍA BẮC PENINSULA ĐẢO LỚN NHẤT LÀ KING GEORGE VỚI SỰ HIỆN DIỆN CỦA LÀNG VILLA LAS ESTRELLAS
16339552095716944510-330	16339552095716944510.wav	SSL/download/paper_benchmark/fleurs/audio/16339552095716944510.wav	công việc hoàn thành chủ yếu là lý thuyết nhưng chương trình được viết ra để mô phỏng sự quan sát của thiên hà nhân mã	CÔNG VIỆC HOÀN THÀNH CHỦ YẾU LÀ LÝ THUYẾT NHƯNG CHƯƠNG TRÌNH ĐƯỢC VIẾT RA ĐỂ MÔ PHỎNG SỰ QUAN SÁT CỦA THIÊN HÀ NHÂN MÃ	CÔNG VIỆC HOÀN THÀNH CHỦ YẾU LÀ LÝ THUYẾT NHƯNG CHƯƠNG TRÌNH ĐƯỢC VIẾT RA ĐỂ MÔ PHỎNG SỰ QUAN SÁT CỦA THIÊN HÀ NHÂN MÃ
16542059101578030386-338	16542059101578030386.wav	SSL/download/paper_benchmark/fleurs/audio/16542059101578030386.wav	số rossby càng nhỏ ngôi sao càng ít hoạt động liên quan tới nghịch đảo từ trường	SỐ ROT BI CÀNG NHỎ NGÔI SAO CÀNG ÍT HOẠT ĐỘNG LIÊN QUAN TỚI NGHỊCH ĐẢO TỪ TRƯỜNG	SỐ ROSSBY CÀNG NHỎ NGÔI SAO CÀNG ÍT HOẠT ĐỘNG LIÊN QUAN TỚI NGHỊCH ĐẢO TỪ TRƯỜNG
16754575632344442045-346	16754575632344442045.wav	SSL/download/paper_benchmark/fleurs/audio/16754575632344442045.wav	chấp nhận là quan điểm của aristotle về tất cả mọi vấn đề liên quan đến khoa học kể cả tâm lý học	CHẤP NHẬN LÀ QUAN ĐIỂM CỦA ARIS VỀ TẤT CẢ MỌI VẤN ĐỀ LIÊN QUAN ĐẾN KHOA HỌC KỂ CẢ TÂM LÝ HỌC	CHẤP NHẬN LÀ QUAN ĐIỂM CỦA ARISTOTLE VỀ TẤT CẢ MỌI VẤN ĐỀ LIÊN QUAN ĐẾN KHOA HỌC KỂ CẢ TÂM LÝ HỌC
16934866074782876098-354	16934866074782876098.wav	SSL/download/paper_benchmark/fleurs/audio/16934866074782876098.wav	triết gia aristotle đề ra giả thuyết rằng mọi vật đều được tạo ra từ sự kết hợp của một hoặc nhiều hơn bốn yếu tố đó là đất nước gió và lửa	TRIẾT GIA ARIC ĐỀ RA GIẢ THUYẾT RẰNG MỌI VẬT ĐỀU ĐƯỢC TẠO RA TỪ SỰ KẾT HỢP CỦA MỘT HOẶC NHIỀU HƠN BỐN YẾU TỐ ĐÓ LÀ ĐẤT NƯỚC GIÓ VÀ LỬA	TRIẾT GIA ARISTOTLE ĐỀ RA GIẢ THUYẾT RẰNG MỌI VẬT ĐỀU ĐƯỢC TẠO RA TỪ SỰ KẾT HỢP CỦA MỘT HOẶC NHIỀU HƠN BỐN YẾU TỐ ĐÓ LÀ ĐẤT NƯỚC GIÓ VÀ LỬA
17148815537104000281-362	17148815537104000281.wav	SSL/download/paper_benchmark/fleurs/audio/17148815537104000281.wav	khi sự hiểu biết về hy lạp suy tàn phương tây nhận thấy mình bị cắt đứt khỏi nguồn gốc triết học và khoa học hy lạp	KHI SỰ HIỂU BIẾT VỀ HY LẠP SUY PHƯƠNG TÂY NHẬN THẤY MÌNH BỊ CẮT ĐỨT KHỎI NGUỒN GỐC TRIẾT HỌC VÀ KHOA HỌC HY LẠP	KHI SỰ HIỂU BIẾT VỀ HY LẠP SUY TÀN PHƯƠNG TÂY NHẬN THẤY MÌNH BỊ CẮT ĐỨT KHỎI NGUỒN GỐC TRIẾT HỌC VÀ KHOA HỌC HY LẠP
17334392583590772802-370	17334392583590772802.wav	SSL/download/paper_benchmark/fleurs/audio/17334392583590772802.wav	triết gia aristotle đề ra giả thuyết rằng mọi vật đều được tạo ra từ sự kết hợp của một hoặc nhiều hơn bốn yếu tố đó là đất nước gió và lửa	CHIẾC XE ARICTO ĐỀ RA GIẢ THUYẾT RẰNG MỌI VẬT ĐỀU ĐƯỢC TẠO RA TỪ SỰ KẾT HỢP CỦA MỘT HOẶC NHIỀU HƠN BỐN YẾU TỐ ĐÓ LÀ ĐẤT NƯỚC GIÓ VÀ LỬA	TRIẾT GIA ARISTOTLE ĐỀ RA GIẢ THUYẾT RẰNG MỌI VẬT ĐỀU ĐƯỢC TẠO RA TỪ SỰ KẾT HỢP CỦA MỘT HOẶC NHIỀU HƠN BỐN YẾU TỐ ĐÓ LÀ ĐẤT NƯỚC GIÓ VÀ LỬA
1740799484992384327-378	1740799484992384327.wav	SSL/download/paper_benchmark/fleurs/audio/1740799484992384327.wav	trong thời gian làm việc tại bệnh viện liggins bắt đầu điều tra về tình trạng sinh non trong thời gian rảnh	TRONG THỜI GIAN LÀM VIỆC TẠI BỆNH VIỆN LIKE BẮT ĐẦU ĐIỀU TRA VỀ TÌNH TRẠNG SINH NON TRONG THỜI GIAN RẢNH	TRONG THỜI GIAN LÀM VIỆC TẠI BỆNH VIỆN LIGGINS BẮT ĐẦU ĐIỀU TRA VỀ TÌNH TRẠNG SINH NON TRONG THỜI GIAN RẢNH
17519217647858169947-386	17519217647858169947.wav	SSL/download/paper_benchmark/fleurs/audio/17519217647858169947.wav	vì vậy quá trình tổ chức làm việc cùng nhau để vượt qua một trở ngại nào đó có thể đưa đến quá trình cải tiến mới để phục vụ nhu cầu của khách hàng	VÌ VẬY QUÁ TRÌNH TỔ CHỨC LÀM VIỆC CÙNG NHAU ĐỂ VƯỢT QUA MỘT TRỞ NGẠI NÀO ĐÓ CÓ THỂ ĐƯA ĐẾN QUÁ TRÌNH CẢI TIẾN MỚI ĐỂ PHỤC VỤ NHU CẦU CỦA KHÁCH HÀNG	VÌ VẬY QUÁ TRÌNH TỔ CHỨC LÀM VIỆC CÙNG NHAU ĐỂ VƯỢT QUA MỘT TRỞ NGẠI NÀO ĐÓ CÓ THỂ ĐƯA ĐẾN QUÁ TRÌNH CẢI TIẾN MỚI ĐỂ PHỤC VỤ NHU CẦU CỦA KHÁCH HÀNG
17744191227320533043-394	17744191227320533043.wav	SSL/download/paper_benchmark/fleurs/audio/17744191227320533043.wav	đám cháy do các tù nhân gây ra trong sân trong khoảng 10:00 - 11:00 đêm theo giờ mdt	ĐÁM CHÁY DO CÁC TÙ NHÂN GÂY RA TRONG SÂN TRONG KHOẢNG MƯỜI GIỜ ĐẾN MƯỜI MỘT GIỜ ĐÊM THEO GIỜ M Đ T	ĐÁM CHÁY DO CÁC TÙ NHÂN GÂY RA TRONG SÂN TRONG KHOẢNG 10:00 11:00 ĐÊM THEO GIỜ MDT
1781237445726129934-402	1781237445726129934.wav	SSL/download/paper_benchmark/fleurs/audio/1781237445726129934.wav	nước rau bắp cải đổi màu theo nồng độ axit hoặc bazơ kiềm của hoá chất	NƯỚC DAO BẮP CẢI ĐỔI MÀU THEO NỒNG ĐỘ AXIT HOẶC BASER KÈM CỦA HÓA CHẤT	NƯỚC RAU BẮP CẢI ĐỔI MÀU THEO NỒNG ĐỘ AXIT HOẶC BAZƠ KIỀM CỦA HOÁ CHẤT
1811155534599407481-410	1811155534599407481.wav	SSL/download/paper_benchmark/fleurs/audio/1811155534599407481.wav	trong suốt thập niên 1960 brzezinski làm việc cho john f kennedy trong vai trò cố vấn và sau đó làm việc cho chính quyền lyndon b johnson	TRONG SUỐT THẬP NIÊN MỘT NGÀN CHÍN TRĂM SÁU MƯƠI REZINKI LÀM VIỆC CHON ÉP NE TRONG VAI TRÒ VÀ SAU ĐÓ LÀM VIỆC CHO CHÍNH QUYỀN LINDON BIN SON	TRONG SUỐT THẬP NIÊN 1960 BRZEZINSKI LÀM VIỆC CHO JOHN F KENNEDY TRONG VAI TRÒ CỐ VẤN VÀ SAU ĐÓ LÀM VIỆC CHO CHÍNH QUYỀN LYNDON B JOHNSON
18322658589474020646-418	18322658589474020646.wav	SSL/download/paper_benchmark/fleurs/audio/18322658589474020646.wav	trung hoa cổ đại có một cách thức độc đáo để trình bày những niên đại khác nhau mỗi một giai đoạn của trung hoa hoặc mỗi một gia tộc từng nắm giữ quyền lực tương ứng với một triều đại khác nhau	TRUNG HOA CỔ ĐẠI CÓ MỘT CÁCH THỨC ĐỘC ĐÁO ĐỂ TRÌNH BÀY NHỮNG NIÊN ĐẠI KHÁC NHAU MỖI MỘT GIAI ĐOẠN CỦA TRUNG HOA HOẶC MỘT GIA TỘC TỪNG NẮM GIỮ QUYỀN LỰC TƯƠNG ỨNG VỚI MỘT TRIỀU ĐẠI KHÁC NHAU	TRUNG HOA CỔ ĐẠI CÓ MỘT CÁCH THỨC ĐỘC ĐÁO ĐỂ TRÌNH BÀY NHỮNG NIÊN ĐẠI KHÁC NHAU MỖI MỘT GIAI ĐOẠN CỦA TRUNG HOA HOẶC MỖI MỘT GIA TỘC TỪNG NẮM GIỮ QUYỀN LỰC TƯƠNG ỨNG VỚI MỘT TRIỀU ĐẠI KHÁC NHAU
18424302639177086439-426	18424302639177086439.wav	SSL/download/paper_benchmark/fleurs/audio/18424302639177086439.wav	mitchell gourley của australia về đích ở vị trí thứ mười một ở cuộc đua super-g đứng dành cho nam đối thủ đến từ séc oldrich jelinek về đích ở vị trí thứ mười sáu ở cuộc đua super-g ngồi dành cho nam	MICEL VỀ ĐÍCH Ở VỊ TRÍ THỨ MƯỜI MỘT Ở CUỘC ĐUA SUPER G ĐỨNG DÀNH CHO NAM ĐỐI THỦ ĐẾN TỪ SÉCRI VỀ ĐÍCH Ở VỊ TRÍ THỨ MƯỜI SÁU Ở CUỘC ĐUA SUPER NGỒI DÀNH CHO NAM	MITCHELL GOURLEY CỦA AUSTRALIA VỀ ĐÍCH Ở VỊ TRÍ THỨ MƯỜI MỘT Ở CUỘC ĐUA SUPER G ĐỨNG DÀNH CHO NAM ĐỐI THỦ ĐẾN TỪ SÉC OLDRICH JELINEK VỀ ĐÍCH Ở VỊ TRÍ THỨ MƯỜI SÁU Ở CUỘC ĐUA SUPER G NGỒI DÀNH CHO NAM
1961827621484979026-434	1961827621484979026.wav	SSL/download/paper_benchmark/fleurs/audio/1961827621484979026.wav	perry tuyên bố ông sẽ quay lại texas để đánh giá kết quả của cuộc họp kín tối nay hầu xác định liệu có con đường nào ở phía trước dành cho tôi trong cuộc đua này hay không nhưng sau đó lại nói ông sẽ tiếp tục cuộc đua và tranh cử trong kỳ bầu cử sơ bộ ngày 21 tháng giêng của bang south carolina	PARIS TUYÊN BỐ ÔNG SẼ QUAY LẠI TEXT ĐỂ ĐÁNH GIÁ KẾT QUẢ CỦA CUỘC HỌP KÍN TỐI NAY HỌ XÁC ĐỊNH CÓ CON ĐƯỜNG NÀO Ở PHÍA TRƯỚC DÀNH CHO TÔI TRONG CUỘC ĐUA NÀY HAY KHÔNG NHƯNG SAU ĐÓ LẠI NÓI ÔNG SẼ TIẾP TỤC CUỘC ĐUA VÀO TRANH CỬ TRONG KỲ BẦU CỬ SƠ BỘ NGÀY HAI MƯƠI MỐT THÁNG RIÊNG CỦA BANG SAO KAROLINA	PERRY TUYÊN BỐ ÔNG SẼ QUAY LẠI TEXAS ĐỂ ĐÁNH GIÁ KẾT QUẢ CỦA CUỘC HỌP KÍN TỐI NAY HẦU XÁC ĐỊNH LIỆU CÓ CON ĐƯỜNG NÀO Ở PHÍA TRƯỚC DÀNH CHO TÔI TRONG CUỘC ĐUA NÀY HAY KHÔNG NHƯNG SAU ĐÓ LẠI NÓI ÔNG SẼ TIẾP TỤC CUỘC ĐUA VÀ TRANH CỬ TRONG KỲ BẦU CỬ SƠ BỘ NGÀY 21 THÁNG GIÊNG CỦA BANG SOUTH CAROLINA
2037577198604243548-442	2037577198604243548.wav	SSL/download/paper_benchmark/fleurs/audio/2037577198604243548.wav	chân của chúng có vảy và móng vuốt chúng đẻ trứng và đi lại bằng hai chân sau như những con t-rex	CHÂN CỦA CHÚNG CÓ VẨY VÀ MÓNG VÚT CHÚNG ĐẺ TRỨNG VÀ ĐI LẠI BẰNG HAI CHÂN SAU NHƯ NHỮNG CON TI RÉT	CHÂN CỦA CHÚNG CÓ VẢY VÀ MÓNG VUỐT CHÚNG ĐẺ TRỨNG VÀ ĐI LẠI BẰNG HAI CHÂN SAU NHƯ NHỮNG CON T REX
2152154044308669251-450	2152154044308669251.wav	SSL/download/paper_benchmark/fleurs/audio/2152154044308669251.wav	gió mạnh mưa đá lượng mưa nhiều và cháy rừng là các loại và sự ảnh hưởng của thời tiết khắc nghiệt cũng như bão tố lốc xoáy vòi rồng biển và bão lốc xoáy nhiệt đới	GIÓ MẠNH MƯA ĐÁ LƯỢNG MƯA NHIỀU VÀ CHÁY RỪNG LÀ CÁC LOẠI VÀ SỰ ẢNH HƯỞNG CỦA THỜI TIẾT KHẮC NGHIỆT CŨNG NHƯ BÃO TỐ LỐC XOÁY VÀ BÃO NHIỆT ĐỚI	GIÓ MẠNH MƯA ĐÁ LƯỢNG MƯA NHIỀU VÀ CHÁY RỪNG LÀ CÁC LOẠI VÀ SỰ ẢNH HƯỞNG CỦA THỜI TIẾT KHẮC NGHIỆT CŨNG NHƯ BÃO TỐ LỐC XOÁY VÒI RỒNG BIỂN VÀ BÃO LỐC XOÁY NHIỆT ĐỚI
2357934160500924110-458	2357934160500924110.wav	SSL/download/paper_benchmark/fleurs/audio/2357934160500924110.wav	vào năm 1990 nó được bổ sung vào danh sách những di sản thế giới đang bị đe dọa do sự xâm lấn của cát sa mạc	VÀO NĂM MỘT CHÍN CHÍN MƯƠI NÓ ĐƯỢC BỔ SUNG VÀO DANH SÁCH NHỮNG DI SẢN THẾ GIỚI ĐANG BỊ ĐE DỌA DO SỰ XÂM LẤN CỦA CÁC SA MẠC	VÀO NĂM 1990 NÓ ĐƯỢC BỔ SUNG VÀO DANH SÁCH NHỮNG DI SẢN THẾ GIỚI ĐANG BỊ ĐE DỌA DO SỰ XÂM LẤN CỦA CÁT SA MẠC
2528478009310588723-466	2528478009310588723.wav	SSL/download/paper_benchmark/fleurs/audio/2528478009310588723.wav	bến cảng này là nơi xảy ra một trận đình chiến hải quân khét tiếng vào năm 1889 khi bảy tàu từ đức hoa kỳ và anh từ chối rời bến cảng	BẾN CẢNG NÀY LÀ NƠI XẢY RA MỘT TRẬN ĐÌNH CHIẾN HẢI QUÂN KHÁT TIẾNG VÀO NĂM MỘT NGÀN TÁM TRĂM TÁM MƯƠI CHÍN KHI BẢY TÀU TỪ ĐỨC HOA KỲ VÀ ANH TỪ CHỐI RỜI	BẾN CẢNG NÀY LÀ NƠI XẢY RA MỘT TRẬN ĐÌNH CHIẾN HẢI QUÂN KHÉT TIẾNG VÀO NĂM 1889 KHI BẢY TÀU TỪ ĐỨC HOA KỲ VÀ ANH TỪ CHỐI RỜI BẾN CẢNG
2686283497284494382-474	2686283497284494382.wav	SSL/download/paper_benchmark/fleurs/audio/2686283497284494382.wav	những lý thuyết này xem xét điều gì thúc đẩy một số người làm được những việc mà họ muốn và có yếu tố nào trong môi trường sống khiến cho họ làm hay không làm một số việc nào đó không	NHỮNG LÝ THUYẾT NÀY XEM XÉT ĐIỀU GÌ THÚC ĐẨY MỘT SỐ NGƯỜI LÀM ĐƯỢC NHỮNG VIỆC MÀ HỌ MUỐN VÀ CÓ YẾU TỐ NÀO TRONG MÔI TRƯỜNG SỐNG KHIẾN CHO HỌ LÀM HAY KHÔNG LÀM MỘT SỐ VIỆC NÀO ĐÓ KHÔNG	NHỮNG LÝ THUYẾT NÀY XEM XÉT ĐIỀU GÌ THÚC ĐẨY MỘT SỐ NGƯỜI LÀM ĐƯỢC NHỮNG VIỆC MÀ HỌ MUỐN VÀ CÓ YẾU TỐ NÀO TRONG MÔI TRƯỜNG SỐNG KHIẾN CHO HỌ LÀM HAY KHÔNG LÀM MỘT SỐ VIỆC NÀO ĐÓ KHÔNG
2822490821223441437-482	2822490821223441437.wav	SSL/download/paper_benchmark/fleurs/audio/2822490821223441437.wav	tuyên bố được đưa ra sau khi ông trump có cuộc điện đàm với tổng thống thổ nhĩ kỳ recep tayyip erdoğan	TUYÊN BỐ ĐƯỢC ĐƯA RA SAU KHI ÔNG CÓ CUỘC ĐIỆN ĐÀM VỚI TỔNG THỐNG THỔ NHĨ KỲ REX TAIP EDUGAN	TUYÊN BỐ ĐƯỢC ĐƯA RA SAU KHI ÔNG TRUMP CÓ CUỘC ĐIỆN ĐÀM VỚI TỔNG THỐNG THỔ NHĨ KỲ RECEP TAYYIP ERDOĞAN
3002016465817434424-490	3002016465817434424.wav	SSL/download/paper_benchmark/fleurs/audio/3002016465817434424.wav	nhiều món bánh nướng của đức còn có hạnh nhân quả phỉ và các loại hạt khác bánh càng ngon hơn khi ăn kèm một tách cà phê đậm đà	NHIỀU MÓN NƯỚNG CỦA ĐỨC CÒN CÓ HÀNH NHÂN QUẢ PHÌ VÀ CÁC LOẠI HẠT KHÁC BÁNH CÀNG NGON HƠN KHI ĂN KÈM MỘT TÁCH CÀ PHÊ ĐẬM ĐÀ	NHIỀU MÓN BÁNH NƯỚNG CỦA ĐỨC CÒN CÓ HẠNH NHÂN QUẢ PHỈ VÀ CÁC LOẠI HẠT KHÁC BÁNH CÀNG NGON HƠN KHI ĂN KÈM MỘT TÁCH CÀ PHÊ ĐẬM ĐÀ
3158471575313865254-498	3158471575313865254.wav	SSL/download/paper_benchmark/fleurs/audio/3158471575313865254.wav	từ văn minh xuất phát từ civilis trong tiếng latinh nghĩa là thuộc nhân dân liên quan đến civis trong tiếng latinh nghĩa là công dân và civitas nghĩa là thành phố hay thành bang và nó cũng phần nào xác định quy mô của xã hội	TỪ VĂN MINH XUẤT PHÁT TỪ CLIAT TRONG TIẾNG LA TINH NGHĨA LÀ THUỘC NHÂN DÂN LIÊN QUAN ĐẾN SIT TRONG TIẾNG LA TINH NGHĨA LÀ CÔNG DÂN VÀ CVI LÀ THÀNH PHỐ HAY THÀNH BANG VÀ NÓ CŨNG PHẦN NÀO XÁC ĐỊNH QUY MÔ CỦA XÃ HỘI	TỪ VĂN MINH XUẤT PHÁT TỪ CIVILIS TRONG TIẾNG LATINH NGHĨA LÀ THUỘC NHÂN DÂN LIÊN QUAN ĐẾN CIVIS TRONG TIẾNG LATINH NGHĨA LÀ CÔNG DÂN VÀ CIVITAS NGHĨA LÀ THÀNH PHỐ HAY THÀNH BANG VÀ NÓ CŨNG PHẦN NÀO XÁC ĐỊNH QUY MÔ CỦA XÃ HỘI
3316406045259486409-506	3316406045259486409.wav	SSL/download/paper_benchmark/fleurs/audio/3316406045259486409.wav	bất kỳ ai muốn lái xe trên khu vực cao hoặc băng đèo đều cần cân khả năng có tuyết rơi băng hoặc nhiệt độ đóng băng	BẤT KỲ AI MUỐN LÁI XE TRÊN KHU VỰC SAU HOẶC BĂNG ĐÈO ĐỀU CẦN KHẢ NĂNG CÓ TUYẾT RƠI BĂNG HOẶC NHIỆT ĐỘ ĐÓNG BĂNG	BẤT KỲ AI MUỐN LÁI XE TRÊN KHU VỰC CAO HOẶC BĂNG ĐÈO ĐỀU CẦN CÂN KHẢ NĂNG CÓ TUYẾT RƠI BĂNG HOẶC NHIỆT ĐỘ ĐÓNG BĂNG
3529634337611788619-514	3529634337611788619.wav	SSL/download/paper_benchmark/fleurs/audio/3529634337611788619.wav	sau khi xảy ra tai nạn gibson đã được đưa vào bệnh viện nhưng mất không lâu sau đó	SAU KHI XẢY RA TAI NẠN XANH ĐÃ ĐƯỢC ĐƯA VÀO BỆNH VIỆN NHƯNG MẤT KHÔNG LÂU SAU ĐÓ	SAU KHI XẢY RA TAI NẠN GIBSON ĐÃ ĐƯỢC ĐƯA VÀO BỆNH VIỆN NHƯNG MẤT KHÔNG LÂU SAU ĐÓ
3642817470231242806-522	3642817470231242806.wav	SSL/download/paper_benchmark/fleurs/audio/3642817470231242806.wav	sáng hôm qua một quả bom cài trong xe hơi đã phát nổ tại trụ sở cảnh sát ở gaziantep thổ nhĩ kỳ làm hai cảnh sát viên thiệt mạng và hơn hai mươi người khác bị thương	SÁNG HÔM QUA MỘT QUẢ BOM CÀI TRONG XE HƠI ĐÃ PHÁT NỔ TẠI TRỤ SỞ CẢNH SÁT Ở GANTAG THỔ NHĨ KỲ LÀM HAI CẢNH SÁT VIÊN THIỆT MẠNG VÀ HƠN HAI MƯƠI NGƯỜI KHÁC BỊ THƯƠNG	SÁNG HÔM QUA MỘT QUẢ BOM CÀI TRONG XE HƠI ĐÃ PHÁT NỔ TẠI TRỤ SỞ CẢNH SÁT Ở GAZIANTEP THỔ NHĨ KỲ LÀM HAI CẢNH SÁT VIÊN THIỆT MẠNG VÀ HƠN HAI MƯƠI NGƯỜI KHÁC BỊ THƯƠNG
3770339934670673849-530	3770339934670673849.wav	SSL/download/paper_benchmark/fleurs/audio/3770339934670673849.wav	chiếc xe đã được đưa đi khỏi hiện trường tai nạn vào khoảng 12:00 giờ gmt cùng ngày hôm đó	CHIẾC XE ĐÃ ĐƯỢC ĐƯA ĐI KHỎI HIỆN TRƯỜNG TAI NẠN VÀO KHOẢNG MƯỜI HAI GIỜ G M T CÙNG NGÀY HÔM ĐÓ	CHIẾC XE ĐÃ ĐƯỢC ĐƯA ĐI KHỎI HIỆN TRƯỜNG TAI NẠN VÀO KHOẢNG 12:00 GIỜ GMT CÙNG NGÀY HÔM ĐÓ
3847147969948542870-538	3847147969948542870.wav	SSL/download/paper_benchmark/fleurs/audio/3847147969948542870.wav	việc sử dụng các trang blog một cách thích hợp có thể giúp học sinh nhạy bén hơn về khả năng phân tích và lý luận; qua những phản ứng tích cực với tài liệu trên internet học sinh có thể xác định vai trò của mình trong ngữ cảnh bài viết của người khác cũng như trình bày quan điểm của mình về những vấn đề cụ thể oravec 2002	VIỆC SỬ DỤNG CÁC TRANG BLOG MỘT CÁCH THÍCH HỢP CÓ THỂ GIÚP HỌC SINH NHẸ BÉN HƠN VỀ KHẢ NĂNG PHÂN TÍCH VÀ LÝ LUẬN QUA NHỮNG PHẢN ỨNG TÍCH CỰC VỚI TÀI LIỆU TRÊN INTERNET CÓ THỂ XÁC ĐỊNH VAI TRÒ CỦA MÌNH TRONG NGỮ CẢNH CỦA BÀI VIẾT CỦA NGƯỜI KHÁC CŨNG NHƯ TRÌNH BÀY QUAN ĐIỂM CỦA MÌNH VỀ NHỮNG VẤN ĐỀ CỤ THỂ ORAV HAI NGÀN KHÔNG TRĂM LINH HAI	VIỆC SỬ DỤNG CÁC TRANG BLOG MỘT CÁCH THÍCH HỢP CÓ THỂ GIÚP HỌC SINH NHẠY BÉN HƠN VỀ KHẢ NĂNG PHÂN TÍCH VÀ LÝ LUẬN; QUA NHỮNG PHẢN ỨNG TÍCH CỰC VỚI TÀI LIỆU TRÊN INTERNET HỌC SINH CÓ THỂ XÁC ĐỊNH VAI TRÒ CỦA MÌNH TRONG NGỮ CẢNH BÀI VIẾT CỦA NGƯỜI KHÁC CŨNG NHƯ TRÌNH BÀY QUAN ĐIỂM CỦA MÌNH VỀ NHỮNG VẤN ĐỀ CỤ THỂ ORAVEC 2002
3953688008265753452-546	3953688008265753452.wav	SSL/download/paper_benchmark/fleurs/audio/3953688008265753452.wav	hầu hết các tòa nhà ở ngoài rìa khu quần thể đều được tái tạo nhằm giúp du khách hình dung rõ nét hơn về diện mạo nguyên bản của chúng	HẦU HẾT CÁC TÒA NHÀ Ở NGOÀI RÌA KHU THỂ ĐỀU ĐƯỢC TÁI TẠO NHẰM GIÚP DU KHÁCH HÌNH DUNG RÕ NÉT HƠN VỀ DIỆN MẠO NGUYÊN BẢN CỦA CHÚNG	HẦU HẾT CÁC TÒA NHÀ Ở NGOÀI RÌA KHU QUẦN THỂ ĐỀU ĐƯỢC TÁI TẠO NHẰM GIÚP DU KHÁCH HÌNH DUNG RÕ NÉT HƠN VỀ DIỆN MẠO NGUYÊN BẢN CỦA CHÚNG
4015804109176838578-554	4015804109176838578.wav	SSL/download/paper_benchmark/fleurs/audio/4015804109176838578.wav	bạn có thể dùng boda-boda xe ôm để thăm thú goma. giá địa phương thông thường là ~500 franc congo cho chuyến đi ngắn đó	BẠN CÓ THỂ DÙNG BODA BODA XE ÔM ĐỂ THĂM THÚ RÔMA ĐỊA PHƯƠNG THÔNG THƯỜNG LÀ GẦN BẰNG NĂM TRĂM REN CONGO CHO CHUYẾN ĐI NGẮN ĐÓ	BẠN CÓ THỂ DÙNG BODA BODA XE ÔM ĐỂ THĂM THÚ GOMA GIÁ ĐỊA PHƯƠNG THÔNG THƯỜNG LÀ ~500 FRANC CONGO CHO CHUYẾN ĐI NGẮN ĐÓ
4092574453996171586-562	4092574453996171586.wav	SSL/download/paper_benchmark/fleurs/audio/4092574453996171586.wav	nước rau bắp cải đổi màu theo nồng độ axit hoặc bazơ kiềm của hoá chất	NƯỚC RA BẮP CẢI ĐỔI MÀU THEO NỒNG ĐỘ AXIT HOẶC BAR KÌM CỦA HÓA CHẤT	NƯỚC RAU BẮP CẢI ĐỔI MÀU THEO NỒNG ĐỘ AXIT HOẶC BAZƠ KIỀM CỦA HOÁ CHẤT
4195184402444303871-570	4195184402444303871.wav	SSL/download/paper_benchmark/fleurs/audio/4195184402444303871.wav	lớp vỏ có chiều dày khoảng 70 ki lô mét ở phía bên trái và khoảng 100 ki lô mét ở bề mặt che khuất của mặt trăng	LỚP VỎ CÓ CHIỀU DÀI KHOẢNG BẢY MƯƠI KILOMET Ở PHÍA BÊN TRÁI VÀ KHOẢNG MỘT TRĂM KILOMET Ở BỀ MẶT CHE KHUẤT CỦA MẶT TRĂNG	LỚP VỎ CÓ CHIỀU DÀY KHOẢNG 70 KI LÔ MÉT Ở PHÍA BÊN TRÁI VÀ KHOẢNG 100 KI LÔ MÉT Ở BỀ MẶT CHE KHUẤT CỦA MẶT TRĂNG
4336845137227565112-578	4336845137227565112.wav	SSL/download/paper_benchmark/fleurs/audio/4336845137227565112.wav	theo báo cáo thì cậu ấy đang ở độ tuổi đôi mươi trong một tuyên bố bieber nói rằng dù tôi không có mặt và cũng không liên quan trực tiếp đến vụ tai nạn thương tâm này tôi muốn gửi lời chia buồn và nguyện cầu đến gia đình nạn nhân	THEO BÁO CÁO THÌ CẬU ẤY ĐANG Ở ĐỘ TUỔI ĐÔI MƯƠI TRONG MỘT TUYÊN BỐ PI BƠ NÓI RẰNG DÙ TÔI KHÔNG CÓ MẶT VÀ CŨNG KHÔNG LIÊN QUAN TRỰC TIẾP ĐẾN VỤ TAI NẠN THƯƠNG TÂM NÀY TÔI MUỐN GỬI LỜI CHIA VÀ NGUYỆN CẦU ĐẾN GIA ĐÌNH NẠN NHÂN	THEO BÁO CÁO THÌ CẬU ẤY ĐANG Ở ĐỘ TUỔI ĐÔI MƯƠI TRONG MỘT TUYÊN BỐ BIEBER NÓI RẰNG DÙ TÔI KHÔNG CÓ MẶT VÀ CŨNG KHÔNG LIÊN QUAN TRỰC TIẾP ĐẾN VỤ TAI NẠN THƯƠNG TÂM NÀY TÔI MUỐN GỬI LỜI CHIA BUỒN VÀ NGUYỆN CẦU ĐẾN GIA ĐÌNH NẠN NHÂN
4541600503868418702-586	4541600503868418702.wav	SSL/download/paper_benchmark/fleurs/audio/4541600503868418702.wav	được xây dựng bởi người ai cập vào thế kỷ thứ ba trước công nguyên đại kim tự tháp là một trong nhiều kiến trúc kim tự tháp lớn được xây dựng để tưởng nhớ pharaoh đã băng hà	ĐƯỢC XÂY DỰNG BỞI NGƯỜI AI CẬP VÀO THẾ KỈ THỨ BA TRƯỚC CÔNG NGUYÊN ĐẠI KIM TỰ THÁP LÀ MỘT TRONG NHIỀU KIẾN TRÚC KIM TỬ THÁP LỚN ĐƯỢC XÂY DỰNG ĐỂ TƯỚNG NHỚ ÔNG LÃ VĂN HÀ	ĐƯỢC XÂY DỰNG BỞI NGƯỜI AI CẬP VÀO THẾ KỶ THỨ BA TRƯỚC CÔNG NGUYÊN ĐẠI KIM TỰ THÁP LÀ MỘT TRONG NHIỀU KIẾN TRÚC KIM TỰ THÁP LỚN ĐƯỢC XÂY DỰNG ĐỂ TƯỞNG NHỚ PHARAOH ĐÃ BĂNG HÀ
4644125398152819931-594	4644125398152819931.wav	SSL/download/paper_benchmark/fleurs/audio/4644125398152819931.wav	mặc dù goma vẫn trong giới hạn an toàn cho phép mọi chuyến ghé thăm từ bên ngoài thành phố này vẫn cần được nghiên cứu kỹ lưỡng để tìm hiểu về tình trạng chiến đấu hiện đang tồn tại ở tỉnh bắc kivu này	MẶC DÙ GOM MA VẪN TRONG GIỚI HẠN AN TOÀN CHO PHÉP MỖI CHUYẾN GHÉ THĂM TỪ BÊN NGOÀI THÀNH PHỐ NÀY VẪN CẦN ĐƯỢC NGHIÊN CỨU KỸ LƯỠNG ĐỂ TÌM HIỂU VỀ TÌNH TRẠNG CHIẾN ĐẤU HIỆN ĐANG TỒN TẠI Ở TỈNH BẮC KIVU NÀY	MẶC DÙ GOMA VẪN TRONG GIỚI HẠN AN TOÀN CHO PHÉP MỌI CHUYẾN GHÉ THĂM TỪ BÊN NGOÀI THÀNH PHỐ NÀY VẪN CẦN ĐƯỢC NGHIÊN CỨU KỸ LƯỠNG ĐỂ TÌM HIỂU VỀ TÌNH TRẠNG CHIẾN ĐẤU HIỆN ĐANG TỒN TẠI Ở TỈNH BẮC KIVU NÀY
482455610142757946-602	482455610142757946.wav	SSL/download/paper_benchmark/fleurs/audio/482455610142757946.wav	danielle lantagne một chuyên gia của liên hiệp quốc về căn bệnh này nói rằng việc bệnh dịch bùng phát có thể là do lực lượng gìn giữ hòa bình gây ra	DANIOLANTAN MỘT CHUYÊN GIA CỦA LIÊN HỢP QUỐC VỀ CĂN BỆNH NÀY NÓI RẰNG VIỆC BỆNH DỊCH BÙNG PHÁT CÓ THỂ LÀ DO LỰC LƯỢNG GÌN GIỮ HÒA BÌNH GÂY RA	DANIELLE LANTAGNE MỘT CHUYÊN GIA CỦA LIÊN HIỆP QUỐC VỀ CĂN BỆNH NÀY NÓI RẰNG VIỆC BỆNH DỊCH BÙNG PHÁT CÓ THỂ LÀ DO LỰC LƯỢNG GÌN GIỮ HÒA BÌNH GÂY RA
492198369644305970-610	492198369644305970.wav	SSL/download/paper_benchmark/fleurs/audio/492198369644305970.wav	hội thể dục dụng cụ hoa kỳ ủng hộ lá thư của ủy ban olympic hoa kỳ và chấp nhận yêu cầu tuyệt đối của gia đình olympic để phát triển một môi trường an toàn cho tất cả vận động viên của chúng ta	HỘI THỂ DỤC CỤ HOA KỲ ỦNG HỘ LÁ THƯ CỦA ỦY BAN OLYMPIC HOA KỲ VÀ CHẤP NHẬN YÊU CẦU TUYỆT ĐỐI CỦA GIA ĐÌNH OLYMPIC ĐỂ PHÁT TRIỂN MỘT MÔI TRƯỜNG AN TOÀN CHO TẤT CẢ CÁC VẬN ĐỘNG VIÊN CỦA CHÚNG TA	HỘI THỂ DỤC DỤNG CỤ HOA KỲ ỦNG HỘ LÁ THƯ CỦA ỦY BAN OLYMPIC HOA KỲ VÀ CHẤP NHẬN YÊU CẦU TUYỆT ĐỐI CỦA GIA ĐÌNH OLYMPIC ĐỂ PHÁT TRIỂN MỘT MÔI TRƯỜNG AN TOÀN CHO TẤT CẢ VẬN ĐỘNG VIÊN CỦA CHÚNG TA
5029792810284998980-618	5029792810284998980.wav	SSL/download/paper_benchmark/fleurs/audio/5029792810284998980.wav	trung tâm của thiền tây tạng là deity yoga thông qua việc hình dung hình dáng các vị thần khác nhau các trường năng lượng sạch các luân xa được khởi động và ý thức của sự giác ngộ được tạo ra	TRUNG TÂM CỦA THIỀN TÂY TẠNG LÀ DETIOGA THÔNG QUA VIỆC HÌNH DUNG HÌNH DÁNG CỦA CÁC VỊ KHÁC NHAU CÁC TRƯỜNG NĂNG LƯỢNG SẠCH ĐƯỢC KHỞI ĐỘNG VÀ Ý THỨC CỦA SỰ GIÁC NGỘ ĐƯỢC TẠO RA	TRUNG TÂM CỦA THIỀN TÂY TẠNG LÀ DEITY YOGA THÔNG QUA VIỆC HÌNH DUNG HÌNH DÁNG CÁC VỊ THẦN KHÁC NHAU CÁC TRƯỜNG NĂNG LƯỢNG SẠCH CÁC LUÂN XA ĐƯỢC KHỞI ĐỘNG VÀ Ý THỨC CỦA SỰ GIÁC NGỘ ĐƯỢC TẠO RA
519535077649032343-626	519535077649032343.wav	SSL/download/paper_benchmark/fleurs/audio/519535077649032343.wav	những cặp đôi này đã quyết định lên kế hoạch nhận con nuôi	NHỮNG CẶP ĐÔI NÀY ĐÃ QUYẾT ĐỊNH LÊN KẾ HOẠCH NHẬN CON NUÔI	NHỮNG CẶP ĐÔI NÀY ĐÃ QUYẾT ĐỊNH LÊN KẾ HOẠCH NHẬN CON NUÔI
5359107873945014405-634	5359107873945014405.wav	SSL/download/paper_benchmark/fleurs/audio/5359107873945014405.wav	hiển nhiên nếu bạn biết một ngôn ngữ la mã bạn sẽ dễ dàng học tiếng bồ đào nha	HIỂN NHIÊN NẾU BẠN BIẾT MỘT NGÔN NGỮ LA MÃ BẠN SẼ DỄ DÀNG HỌC TIẾNG BỒ ĐÀO NHA	HIỂN NHIÊN NẾU BẠN BIẾT MỘT NGÔN NGỮ LA MÃ BẠN SẼ DỄ DÀNG HỌC TIẾNG BỒ ĐÀO NHA
5501416278223276715-642	5501416278223276715.wav	SSL/download/paper_benchmark/fleurs/audio/5501416278223276715.wav	cái này gọi là độ ph của hóa chất bạn có thể tạo ra chất chỉ thị bằng nước ép bắp cải đỏ	CÁI NÀY GỌI LÀ ĐỘ P CỦA HÓA CHẤT BẠN CÓ THỂ TẠO RA CHẤT CHỈ THỊ BẰNG NƯỚC ÉP BẮP CẢI ĐỎ	CÁI NÀY GỌI LÀ ĐỘ PH CỦA HÓA CHẤT BẠN CÓ THỂ TẠO RA CHẤT CHỈ THỊ BẰNG NƯỚC ÉP BẮP CẢI ĐỎ
5639283735614882675-650	5639283735614882675.wav	SSL/download/paper_benchmark/fleurs/audio/5639283735614882675.wav	để được ngắm nhìn hồng kông từ góc độ đẹp nhất hãy rời hòn đảo và đến thẳng bờ sông kowloon đối diện	ĐỂ ĐƯỢC NGẮM NHÌN HỒNG KÔNG TỪ GÓC ĐỘ ĐẸP NHẤT HÃY RỜI HÒN ĐẢO VÀ ĐẾN THẲNG BỜ SÔNG LON ĐỐI DIỆN	ĐỂ ĐƯỢC NGẮM NHÌN HỒNG KÔNG TỪ GÓC ĐỘ ĐẸP NHẤT HÃY RỜI HÒN ĐẢO VÀ ĐẾN THẲNG BỜ SÔNG KOWLOON ĐỐI DIỆN
5785071290941988414-658	5785071290941988414.wav	SSL/download/paper_benchmark/fleurs/audio/5785071290941988414.wav	ngoài ra sau cuộc cách mạng các nghề nghiệp đã mở cửa cho tất cả nam giới đi xin việc giúp cho những người nhiều tham vọng nhất được thành công	NGOÀI RA SAU CUỘC CÁCH MẠNG CÁC NGHỀ NGHIỆP ĐÃ MỞ CỬA CHO TẤT CẢ NAM GIỚI ĐI XIN VIỆC GIÚP CHO NHỮNG NGƯỜI NHIỀU THAM VỌNG NHẤT ĐƯỢC THÀNH CÔNG	NGOÀI RA SAU CUỘC CÁCH MẠNG CÁC NGHỀ NGHIỆP ĐÃ MỞ CỬA CHO TẤT CẢ NAM GIỚI ĐI XIN VIỆC GIÚP CHO NHỮNG NGƯỜI NHIỀU THAM VỌNG NHẤT ĐƯỢC THÀNH CÔNG
5923926592019131286-666	5923926592019131286.wav	SSL/download/paper_benchmark/fleurs/audio/5923926592019131286.wav	greenland có dân cư thưa thớt thần thoại bắc âu kể rằng erik red bị trục xuất khỏi iceland vì tội giết người và khi đang đi về hướng tây ông đã tìm ra greenland và đặt tên vùng đất là greenland	GREEN LAN CÓ DÂN CƯ THỪA THỚT THẦN THOẠI BẮC ÂU KỂ RẰNG ERIS BỊ TRỤC XUẤT KHỎI ISAL VÌ TỘI GIẾT NGƯỜI VÀ KHI ĐANG ĐI VỀ HƯỚNG TÂY ÔNG ĐÃ TÌM RA GREENLAND VÀ TÊN VÙNG ĐẤT LÀ RING LAN	GREENLAND CÓ DÂN CƯ THƯA THỚT THẦN THOẠI BẮC ÂU KỂ RẰNG ERIK RED BỊ TRỤC XUẤT KHỎI ICELAND VÌ TỘI GIẾT NGƯỜI VÀ KHI ĐANG ĐI VỀ HƯỚNG TÂY ÔNG ĐÃ TÌM RA GREENLAND VÀ ĐẶT TÊN VÙNG ĐẤT LÀ GREENLAND
6081686765559608813-674	6081686765559608813.wav	SSL/download/paper_benchmark/fleurs/audio/6081686765559608813.wav	cũng có lợi cho ai đó mua thẻ wild vì nó có thể cho phép bạn tiến vào hoặc các công viên ở nam phi hoặc tất cả các công viên quốc gia ở nam phi	CŨNG CÓ LỢI CHO AI ĐÓ MUA THẺ VÌ NÓ CÓ THỂ CHO PHÉP BẠN TIẾN VÀO HOẶC CÁC CÔNG VIÊN Ở NAM PHI HOẶC TẤT CẢ CÁC CÔNG VIÊN QUỐC GIA Ở NAM PHI	CŨNG CÓ LỢI CHO AI ĐÓ MUA THẺ WILD VÌ NÓ CÓ THỂ CHO PHÉP BẠN TIẾN VÀO HOẶC CÁC CÔNG VIÊN Ở NAM PHI HOẶC TẤT CẢ CÁC CÔNG VIÊN QUỐC GIA Ở NAM PHI
6190190246804528225-682	6190190246804528225.wav	SSL/download/paper_benchmark/fleurs/audio/6190190246804528225.wav	mối tương quan giữa bệnh lý não và cung cách ứng xử hỗ trợ cho các nhà khoa học trong quá trình nghiên cứu của họ	MỐI QUAN GIỮA BỆNH LÝ NÃO VÀ CUNG CÁCH ỨNG XỬ HỖ TRỢ CHO CÁC NHÀ KHOA HỌC TRONG QUÁ TRÌNH NGHIÊN CỨU CỦA HỌ	MỐI TƯƠNG QUAN GIỮA BỆNH LÝ NÃO VÀ CUNG CÁCH ỨNG XỬ HỖ TRỢ CHO CÁC NHÀ KHOA HỌC TRONG QUÁ TRÌNH NGHIÊN CỨU CỦA HỌ
6293098331617038671-690	6293098331617038671.wav	SSL/download/paper_benchmark/fleurs/audio/6293098331617038671.wav	trong bài viết diễn văn của tổng thống của mình oliver sacks chỉ ra làm thế nào những người không thể hiểu bài diễn văn vì bị tổn thương não lại có thể đánh giá chính xác sự trung thực	TRONG BÀI VIẾT DIỄN VĂN CỦA TỔNG THỐNG CỦA MÌNH OL LIVER SÉC CHỈ RA LÀM THẾ NÀO NHỮNG NGƯỜI KHÔNG THỂ HIỂU BÀI DIỄN VĂN VÌ BỊ TỔN THƯƠNG NÃO LẠI CÓ THỂ ĐÁNH GIÁ CHÍNH XÁC SỰ TRUNG THỰC	TRONG BÀI VIẾT DIỄN VĂN CỦA TỔNG THỐNG CỦA MÌNH OLIVER SACKS CHỈ RA LÀM THẾ NÀO NHỮNG NGƯỜI KHÔNG THỂ HIỂU BÀI DIỄN VĂN VÌ BỊ TỔN THƯƠNG NÃO LẠI CÓ THỂ ĐÁNH GIÁ CHÍNH XÁC SỰ TRUNG THỰC
6531085926842500279-698	6531085926842500279.wav	SSL/download/paper_benchmark/fleurs/audio/6531085926842500279.wav	danielle lantagne một chuyên gia của liên hiệp quốc về căn bệnh này nói rằng việc bệnh dịch bùng phát có thể là do lực lượng gìn giữ hòa bình gây ra	GA NINTA MỘT CHUYÊN GIA CỦA LIÊN HỢP QUỐC VỀ CĂN BỆNH NÀY NÓI RẰNG VIỆC BỆNH DỊCH BÙNG PHÁT CÓ THỂ LÀ DO LỰC LƯỢNG GÌN GIỮ HÒA BÌNH GÂY RA	DANIELLE LANTAGNE MỘT CHUYÊN GIA CỦA LIÊN HIỆP QUỐC VỀ CĂN BỆNH NÀY NÓI RẰNG VIỆC BỆNH DỊCH BÙNG PHÁT CÓ THỂ LÀ DO LỰC LƯỢNG GÌN GIỮ HÒA BÌNH GÂY RA
6766457086612963634-706	6766457086612963634.wav	SSL/download/paper_benchmark/fleurs/audio/6766457086612963634.wav	tiếng gầm của cọp không giống tiếng gầm rống của sư tử mà giống như một chuỗi những tiếng gầm gừ trong cổ họng	TIẾNG RẰM CỦA CẶP KHÔNG GIỐNG TIẾNG GẦM GỐM CỦA SƯ TỬ MÀ GIỐNG NHƯ MỘT CHUỖI NHỮNG TIẾNG GẦM GỪ TRONG CỔ HỌNG	TIẾNG GẦM CỦA CỌP KHÔNG GIỐNG TIẾNG GẦM RỐNG CỦA SƯ TỬ MÀ GIỐNG NHƯ MỘT CHUỖI NHỮNG TIẾNG GẦM GỪ TRONG CỔ HỌNG
7010634734664870882-714	7010634734664870882.wav	SSL/download/paper_benchmark/fleurs/audio/7010634734664870882.wav	sau khi xảy ra tai nạn gibson đã được đưa vào bệnh viện nhưng mất không lâu sau đó	SAU KHI XẢY RA TAI NẠN GÚP XANH ĐÃ ĐƯỢC ĐƯA VÀO BỆNH VIỆN NHƯNG MẤT KHÔNG LÂU SAU ĐÓ	SAU KHI XẢY RA TAI NẠN GIBSON ĐÃ ĐƯỢC ĐƯA VÀO BỆNH VIỆN NHƯNG MẤT KHÔNG LÂU SAU ĐÓ
7178345466715301914-722	7178345466715301914.wav	SSL/download/paper_benchmark/fleurs/audio/7178345466715301914.wav	số rossby càng nhỏ ngôi sao càng ít hoạt động liên quan tới nghịch đảo từ trường	SORS CÀNG NHỎ NGÔI SAO CÀNG ÍT HOẠT ĐỘNG LIÊN QUAN TỚI NGHỊCH ĐẢO TỪ TRƯỜNG	SỐ ROSSBY CÀNG NHỎ NGÔI SAO CÀNG ÍT HOẠT ĐỘNG LIÊN QUAN TỚI NGHỊCH ĐẢO TỪ TRƯỜNG
7423711098972663093-730	7423711098972663093.wav	SSL/download/paper_benchmark/fleurs/audio/7423711098972663093.wav	các nguyên tố như canxi và kali được coi là kim loại dĩ nhiên cũng có các kim loại như vàng và bạc	CÁC NGUYÊN TỐ NHƯ CANXI VÀ KALI ĐƯỢC COI LÀ KIM LOẠI DĨ NHIÊN CŨNG CÓ CÁC KIM LOẠI NHƯ VÀNG VÀ BẠC	CÁC NGUYÊN TỐ NHƯ CANXI VÀ KALI ĐƯỢC COI LÀ KIM LOẠI DĨ NHIÊN CŨNG CÓ CÁC KIM LOẠI NHƯ VÀNG VÀ BẠC
7605699630513979019-738	7605699630513979019.wav	SSL/download/paper_benchmark/fleurs/audio/7605699630513979019.wav	vì vào thời kỳ cực thịnh của chúng ô nhiễm ánh sáng không phải là vấn đề lớn như hiện nay chúng thường được đặt ở các thành phố hoặc các khu trường sở dễ tiếp cập hơn những các được xây ở thời hiện đại	VÌ VÀO THỜI KỲ CỰC THỊNH CỦA CHÚNG Ô NHIỄM ÁNH SÁNG KHÔNG PHẢI LÀ VẤN ĐỀ LỚN NHƯ HIỆN NAY CHÚNG THƯỜNG ĐƯỢC ĐẶT Ở CÁC THÀNH PHỐ HOẶC CÁC KHU TRƯỜNG SỞ DỄ TIẾP CẬN HƠN NHỮNG CÁT ĐƯỢC XÂY Ở THỜI HIỆN ĐẠI	VÌ VÀO THỜI KỲ CỰC THỊNH CỦA CHÚNG Ô NHIỄM ÁNH SÁNG KHÔNG PHẢI LÀ VẤN ĐỀ LỚN NHƯ HIỆN NAY CHÚNG THƯỜNG ĐƯỢC ĐẶT Ở CÁC THÀNH PHỐ HOẶC CÁC KHU TRƯỜNG SỞ DỄ TIẾP CẬP HƠN NHỮNG CÁC ĐƯỢC XÂY Ở THỜI HIỆN ĐẠI
7777625010460801495-746	7777625010460801495.wav	SSL/download/paper_benchmark/fleurs/audio/7777625010460801495.wav	tuy nhiên những kế hoạch này sụp đổ gần như chỉ sau một đêm khi hơn 800.000 hồng quân liên xô đã tiến vào và tạo nên mặt trận belarus và ukraine sau khi xâm lược các vùng phía đông ba lan vi phạm hiệp ước hòa bình riga công ước không xâm phạm giữa liên xô và ba lan và các hiệp ước quốc tế khác cả song phương lẫn đa phương	TUY NHIÊN NHỮNG KẾ HOẠCH NÀY SỤP ĐỔ GẦN NHƯ CHỈ SAU MỘT ĐÊM KHI HƠN TÁM TRĂM NGÀN HỒNG QUÂN LIÊN XÔ ĐÃ TIẾN VÀO VÀ TẠO NÊN MẶT TRẬN BILAT VÀ GUE NE SAU KHI XÂM LƯỢC CÁC VÙNG PHÍA ĐÔNG BA LAN VI PHẠM HIỆP ƯỚC HÒA BÌNH GHA CÔNG ƯỚC KHÔNG XÂM PHẠM GIỮA LIÊN XÔ VÀ BA LAN VÀ CÁC HIỆP ƯỚC QUỐC TẾ KHÁC CẢ SONG PHƯƠNG LẪN ĐA PHƯƠNG	TUY NHIÊN NHỮNG KẾ HOẠCH NÀY SỤP ĐỔ GẦN NHƯ CHỈ SAU MỘT ĐÊM KHI HƠN 800 000 HỒNG QUÂN LIÊN XÔ ĐÃ TIẾN VÀO VÀ TẠO NÊN MẶT TRẬN BELARUS VÀ UKRAINE SAU KHI XÂM LƯỢC CÁC VÙNG PHÍA ĐÔNG BA LAN VI PHẠM HIỆP ƯỚC HÒA BÌNH RIGA CÔNG ƯỚC KHÔNG XÂM PHẠM GIỮA LIÊN XÔ VÀ BA LAN VÀ CÁC HIỆP ƯỚC QUỐC TẾ KHÁC CẢ SONG PHƯƠNG LẪN ĐA PHƯƠNG
7891017784103763965-754	7891017784103763965.wav	SSL/download/paper_benchmark/fleurs/audio/7891017784103763965.wav	xe buýt xuất phát từ trạm xe buýt liên huyện dọc con sông chạy cả ngày dù chủ yếu đặc biệt là các xe đến phía đông và jakar/bumthang sẽ xuất phát từ lúc 06:30 đến 07:30	XE BUÝT XUẤT PHÁT TỪ TRẠM XE BUÝT LIÊN HUYỆN DỌC CON SÔNG CHẠY CẢ NGÀY DÙ CHỦ YẾU ĐẶC BIỆT LÀ CÁC XE ĐẾN PHÍA ĐÔNG VÀ CÁT SẼ XUẤT PHÁT TỪ LÚC SÁU GIỜ BA MƯƠI ĐẾN BẢY GIỜ BA MƯƠI	XE BUÝT XUẤT PHÁT TỪ TRẠM XE BUÝT LIÊN HUYỆN DỌC CON SÔNG CHẠY CẢ NGÀY DÙ CHỦ YẾU ĐẶC BIỆT LÀ CÁC XE ĐẾN PHÍA ĐÔNG VÀ JAKAR/BUMTHANG SẼ XUẤT PHÁT TỪ LÚC 06:30 ĐẾN 07:30
8006405911050181851-762	8006405911050181851.wav	SSL/download/paper_benchmark/fleurs/audio/8006405911050181851.wav	cụ thể người ta cho rằng một người có thể phát hiện ai đó đang nói dối bằng việc giải nghĩa chính xác từng biểu hiện rất nhỏ	CỤ THỂ NGƯỜI TA CHO RẰNG MỘT NGƯỜI CÓ THỂ PHÁT HIỆN AI ĐÓ ĐANG NÓI DỐI BẰNG VIỆC GIẢI NGHĨA CHÍNH XÁC TỪNG BIỂU HIỆN RẤT NHỎ	CỤ THỂ NGƯỜI TA CHO RẰNG MỘT NGƯỜI CÓ THỂ PHÁT HIỆN AI ĐÓ ĐANG NÓI DỐI BẰNG VIỆC GIẢI NGHĨA CHÍNH XÁC TỪNG BIỂU HIỆN RẤT NHỎ
8205038766779636209-770	8205038766779636209.wav	SSL/download/paper_benchmark/fleurs/audio/8205038766779636209.wav	sô-cô-la nóng tùy vào tiêu chuẩn bỉ nước ép trái cây đắt tiền nhưng tuyệt vời	OCOLA NÓNG TÙY VÀO TIÊU CHUẨN BỈ NƯỚC ÉP TRÁI CÂY ĐẮT TIỀN NHƯNG TUYỆT VỜI	SÔ CÔ LA NÓNG TÙY VÀO TIÊU CHUẨN BỈ NƯỚC ÉP TRÁI CÂY ĐẮT TIỀN NHƯNG TUYỆT VỜI
8345174753480550785-778	8345174753480550785.wav	SSL/download/paper_benchmark/fleurs/audio/8345174753480550785.wav	các môn thể thao phổ biến gồm có bóng đá bóng rổ bóng chuyền bóng nước đấu kiếm rugby đạp xe khúc côn cầu trên băng khúc côn cầu patin và đua mô tô f1	CÁC MÔN THỂ THAO PHỔ BIẾN GỒM CÓ BÓNG ĐÁ BÓNG RỔ BÓNG CHUYỀN BÓNG NƯỚC ĐẤU KIẾM XE KHÚC CUNG CẦU TRÊN BĂNG KHÚC CUNG CẦU BA ĐUA F MỘT	CÁC MÔN THỂ THAO PHỔ BIẾN GỒM CÓ BÓNG ĐÁ BÓNG RỔ BÓNG CHUYỀN BÓNG NƯỚC ĐẤU KIẾM RUGBY ĐẠP XE KHÚC CÔN CẦU TRÊN BĂNG KHÚC CÔN CẦU PATIN VÀ ĐUA MÔ TÔ F1
848473010474508270-786	848473010474508270.wav	SSL/download/paper_benchmark/fleurs/audio/848473010474508270.wav	hầu hết kính viễn vọng hiện đại dùng cho nghiên cứu đều là những thiết bị khổng lồ được đặt ở những khu vực hẻo lánh có điều kiện khí hậu thuận lợi	HẦU HẾT KÍNH VIỄN HIỆN ĐẠI DÙNG CHO NGHIÊN CỨU ĐỀU LÀ NHỮNG THIẾT BỊ KHỔNG LỒ ĐƯỢC ĐẶT Ở NHỮNG KHU VỰC LẺO LÁNH CÓ ĐIỀU KIỆN KHÍ HẬU THUẬN LỢI	HẦU HẾT KÍNH VIỄN VỌNG HIỆN ĐẠI DÙNG CHO NGHIÊN CỨU ĐỀU LÀ NHỮNG THIẾT BỊ KHỔNG LỒ ĐƯỢC ĐẶT Ở NHỮNG KHU VỰC HẺO LÁNH CÓ ĐIỀU KIỆN KHÍ HẬU THUẬN LỢI
8672968089401070141-794	8672968089401070141.wav	SSL/download/paper_benchmark/fleurs/audio/8672968089401070141.wav	mối tương quan giữa bệnh lý não và cung cách ứng xử hỗ trợ cho các nhà khoa học trong quá trình nghiên cứu của họ	MỐI QUAN GIỮA BỆNH LÝ NÃO VÀ CUNG CÁCH ỨNG XỬ HỖ TRỢ CHO CÁC NHÀ KHOA HỌC TRONG QUÁ TRÌNH NGHIÊN CỨU CỦA HỌ	MỐI TƯƠNG QUAN GIỮA BỆNH LÝ NÃO VÀ CUNG CÁCH ỨNG XỬ HỖ TRỢ CHO CÁC NHÀ KHOA HỌC TRONG QUÁ TRÌNH NGHIÊN CỨU CỦA HỌ
874113589141411447-802	874113589141411447.wav	SSL/download/paper_benchmark/fleurs/audio/874113589141411447.wav	tại nhiều thành phố khác ở ý và khu vực khác trên thế giới đặc biệt là tại ba lan những hệ thống tương tự cũng được lắp đặt và được theo dõi qua màn hình bởi rất nhiều người xem	TẠI NHIỀU THÀNH PHỐ KHÁC Ở Ý VÀ KHU VỰC KHÁC TRÊN THẾ GIỚI ĐẶC BIỆT LÀ TẠI BA LAN NHỮNG HỆ THỐNG TƯƠNG TỰ CŨNG ĐƯỢC LẮP ĐẶT VÀ ĐƯỢC THEO DÕI QUA MÀN HÌNH BỞI RẤT NHIỀU NGƯỜI XEM	TẠI NHIỀU THÀNH PHỐ KHÁC Ở Ý VÀ KHU VỰC KHÁC TRÊN THẾ GIỚI ĐẶC BIỆT LÀ TẠI BA LAN NHỮNG HỆ THỐNG TƯƠNG TỰ CŨNG ĐƯỢC LẮP ĐẶT VÀ ĐƯỢC THEO DÕI QUA MÀN HÌNH BỞI RẤT NHIỀU NGƯỜI XEM
9030879651488261615-810	9030879651488261615.wav	SSL/download/paper_benchmark/fleurs/audio/9030879651488261615.wav	những cặp đôi này đã quyết định lên kế hoạch nhận con nuôi	NHỮNG CẶP ĐÔI NÀY ĐÃ QUYẾT ĐỊNH LÊN KẾ HOẠCH NHẬN CON NUÔI	NHỮNG CẶP ĐÔI NÀY ĐÃ QUYẾT ĐỊNH LÊN KẾ HOẠCH NHẬN CON NUÔI
9064225371189883255-818	9064225371189883255.wav	SSL/download/paper_benchmark/fleurs/audio/9064225371189883255.wav	dòng xoáy là dòng nước chảy ngược lại từ những con sóng xô vào bãi biển thông thường là ở dải đá ngầm hay nơi tương tự	DÒNG SUỐI LÀ DÒNG NƯỚC CHẢY NGƯỢC LẠI TỪ NHỮNG CON SÓNG XÔ VÀ BÃI BIỂN THÔNG THƯỜNG LÀ Ở DÃY ĐÁ HAY NƠI TƯƠNG TỰ	DÒNG XOÁY LÀ DÒNG NƯỚC CHẢY NGƯỢC LẠI TỪ NHỮNG CON SÓNG XÔ VÀO BÃI BIỂN THÔNG THƯỜNG LÀ Ở DẢI ĐÁ NGẦM HAY NƠI TƯƠNG TỰ
9214200957588648961-826	9214200957588648961.wav	SSL/download/paper_benchmark/fleurs/audio/9214200957588648961.wav	trong thập niên 1920 quan điểm phổ biến của hầu hết mọi công dân và quốc gia là theo khuynh hướng của chủ nghĩa hòa bình và cô lập	TRONG THẬP NIÊN MỘT NGÀN CHÍN TRĂM HAI MƯƠI QUAN ĐIỂM PHỔ BIẾN CỦA HẦU HẾT MỌI CÔNG DÂN VÀ QUỐC GIA LÀ THEO KHUYNH HƯỚNG CỦA CHỦ NGHĨA HÒA BÌNH VÀ CÔ LẬP	TRONG THẬP NIÊN 1920 QUAN ĐIỂM PHỔ BIẾN CỦA HẦU HẾT MỌI CÔNG DÂN VÀ QUỐC GIA LÀ THEO KHUYNH HƯỚNG CỦA CHỦ NGHĨA HÒA BÌNH VÀ CÔ LẬP
9326415616662239989-834	9326415616662239989.wav	SSL/download/paper_benchmark/fleurs/audio/9326415616662239989.wav	quần đảo nằm cách bán đảo 120 km phía bắc peninsula đảo lớn nhất là king george với sự hiện diện của làng villa las estrellas	QUẦN ĐẢO NẰM CÁCH BÁN ĐẢO MỘT TRĂM HAI MƯƠI KI LÔ MÉT PHÍA BẮCLISULA LỚN NHẤT LÀ KINH VỚI SỰ HIỆN DIỆN CỦA LÀNG VINAT ESTRA	QUẦN ĐẢO NẰM CÁCH BÁN ĐẢO 120 KM PHÍA BẮC PENINSULA ĐẢO LỚN NHẤT LÀ KING GEORGE VỚI SỰ HIỆN DIỆN CỦA LÀNG VILLA LAS ESTRELLAS
9577506608353998520-842	9577506608353998520.wav	SSL/download/paper_benchmark/fleurs/audio/9577506608353998520.wav	mạng internet kết hợp những yếu tố của cả giao tiếp cộng đồng và giao tiếp cá nhân	MẠNG INTERNET KẾT HỢP NHỮNG YẾU TỐ CỦA CẢ GIAO TIẾP CỘNG ĐỒNG VÀ GIAO TIẾP CÁ NHÂN	MẠNG INTERNET KẾT HỢP NHỮNG YẾU TỐ CỦA CẢ GIAO TIẾP CỘNG ĐỒNG VÀ GIAO TIẾP CÁ NHÂN
9867936965399304731-850	9867936965399304731.wav	SSL/download/paper_benchmark/fleurs/audio/9867936965399304731.wav	trên những hòn đảo xa xôi thẻ tín dụng có khả năng sẽ không được chấp nhận mặc dù tiền anh hoặc tiền mỹ có thể được hãy kiểm tra với chủ trước để biết phương thức thanh toán nào được chấp nhận	TRÊN NHỮNG HÒN ĐẢO XA XÔI THẺ TÍN DỤNG CÓ KHẢ NĂNG SẼ KHÔNG ĐƯỢC CHẤP NHẬN MẶC DÙ TIỀN ANH HOẶC TIỀN MỸ CÓ THỂ ĐƯỢC HÃY KIỂM TRA VỚI CHỦ TRƯỚC ĐỂ BIẾT PHƯƠNG THỨC THANH TOÁN NÀO ĐƯỢC CHẤP NHẬN	TRÊN NHỮNG HÒN ĐẢO XA XÔI THẺ TÍN DỤNG CÓ KHẢ NĂNG SẼ KHÔNG ĐƯỢC CHẤP NHẬN MẶC DÙ TIỀN ANH HOẶC TIỀN MỸ CÓ THỂ ĐƯỢC HÃY KIỂM TRA VỚI CHỦ TRƯỚC ĐỂ BIẾT PHƯƠNG THỨC THANH TOÁN NÀO ĐƯỢC CHẤP NHẬN
10093159547857080890-3	10093159547857080890.wav	SSL/download/paper_benchmark/fleurs/audio/10093159547857080890.wav	số người có mặt quá lớn nên việc mọi người tới được nơi tổ chức lễ tang tại quảng trường thánh peter là không thể	SỐ NGƯỜI CÓ MẶT QUÁ LỚN NÊN VIỆC MỌI NGƯỜI TỚI ĐƯỢC NƠI TỔ CHỨC LỄ TANG TẠI QUẢNG TRƯỜNG THÁNH BITER LÀ KHÔNG THỂ	SỐ NGƯỜI CÓ MẶT QUÁ LỚN NÊN VIỆC MỌI NGƯỜI TỚI ĐƯỢC NƠI TỔ CHỨC LỄ TANG TẠI QUẢNG TRƯỜNG THÁNH PETER LÀ KHÔNG THỂ
10241630228065064831-11	10241630228065064831.wav	SSL/download/paper_benchmark/fleurs/audio/10241630228065064831.wav	cụ thể người ta cho rằng một người có thể phát hiện ai đó đang nói dối bằng việc giải nghĩa chính xác từng biểu hiện rất nhỏ	CỤ THỂ NGƯỜI TA CHO RẰNG MỘT NGƯỜI CÓ THỂ PHÁT HIỆN AI ĐÓ ĐANG NÓI DỐI BẰNG VIỆC GIẢI NGHĨA CHÍNH XÁC TỪNG BIỂU HIỆN RẤT NHỎ	CỤ THỂ NGƯỜI TA CHO RẰNG MỘT NGƯỜI CÓ THỂ PHÁT HIỆN AI ĐÓ ĐANG NÓI DỐI BẰNG VIỆC GIẢI NGHĨA CHÍNH XÁC TỪNG BIỂU HIỆN RẤT NHỎ
10402105561395439139-19	10402105561395439139.wav	SSL/download/paper_benchmark/fleurs/audio/10402105561395439139.wav	cuối cùng có nhiều loài mèo nhỏ gồm cả mèo nuôi trong nhà ăn những con mồi nhỏ có số lượng lớn như côn trùng các loài gặm nhấm thằn lằn và chim	CUỐI CÙNG CÓ NHIỀU LOẠI MÈO NHỎ GỒM CẢ MÈO NUÔI TRONG NHÀ ĂN NHỮNG CON MÈO NHỎ CÓ SỐ LƯỢNG LỚN NHƯ CÔN TRÙNG CÁC LOẠI GẬM NHẮM THẰNG LẰN VÀ CHIM	CUỐI CÙNG CÓ NHIỀU LOÀI MÈO NHỎ GỒM CẢ MÈO NUÔI TRONG NHÀ ĂN NHỮNG CON MỒI NHỎ CÓ SỐ LƯỢNG LỚN NHƯ CÔN TRÙNG CÁC LOÀI GẶM NHẤM THẰN LẰN VÀ CHIM
10618648079469862393-27	10618648079469862393.wav	SSL/download/paper_benchmark/fleurs/audio/10618648079469862393.wav	trong những ngày đầu chương trình chỉ được giới thiệu trên trang web phát thanh dài hạn internet toginet radio một trang web tập trung vào chương trình truyền thanh đối thoại	TRONG NHỮNG NGÀY ĐẦU CHƯƠNG TRÌNH CHỈ ĐƯỢC GIỚI THIỆU TRÊN TRANG WEB PHÁT THANH DÀI HẠN INTERNET RADIO MỘT TRANG WEB TẬP TRUNG VÀO CHƯƠNG TRÌNH TRUYỀN THANH ĐỐI THOẠI	TRONG NHỮNG NGÀY ĐẦU CHƯƠNG TRÌNH CHỈ ĐƯỢC GIỚI THIỆU TRÊN TRANG WEB PHÁT THANH DÀI HẠN INTERNET TOGINET RADIO MỘT TRANG WEB TẬP TRUNG VÀO CHƯƠNG TRÌNH TRUYỀN THANH ĐỐI THOẠI
10751579734990864351-35	10751579734990864351.wav	SSL/download/paper_benchmark/fleurs/audio/10751579734990864351.wav	chiều cao tĩnh không dưới cầu là 15 mét việc xây dựng được hoàn thành vào tháng 8 năm 2011 nhưng đến tháng 3 năm 2017 cầu mới được khai thông	CHIỀU CAO KHÔNG DƯỚI CẦU LÀ MƯỜI LĂM MÉT VIỆC XÂY DỰNG ĐƯỢC HOÀN THÀNH VÀO THÁNG TÁM NĂM HAI KHÔNG MƯỜI MỘT NHƯNG ĐẾN THÁNG BA NĂM HAI KHÔNG MƯỜI BẢY CẦU MỚI ĐƯỢC KHAI THÔNG	CHIỀU CAO TĨNH KHÔNG DƯỚI CẦU LÀ 15 MÉT VIỆC XÂY DỰNG ĐƯỢC HOÀN THÀNH VÀO THÁNG 8 NĂM 2011 NHƯNG ĐẾN THÁNG 3 NĂM 2017 CẦU MỚI ĐƯỢC KHAI THÔNG
10934091967051776880-43	10934091967051776880.wav	SSL/download/paper_benchmark/fleurs/audio/10934091967051776880.wav	del potro có ưu thế sớm trong set thứ hai tuy nhiên thời gian nghỉ giải lao khá ít sau khi đạt tỷ số 6-6	DE BO CÓ ƯU THẾ SỚM TRONG SET THỨ HAI TUY NHIÊN THỜI GIAN NGHỈ GIẢI LAO KHÁ SAU KHI ĐẠT TỶ SỐ SÁU SÁU	DEL POTRO CÓ ƯU THẾ SỚM TRONG SET THỨ HAI TUY NHIÊN THỜI GIAN NGHỈ GIẢI LAO KHÁ ÍT SAU KHI ĐẠT TỶ SỐ 6 6
11087041613949188337-51	11087041613949188337.wav	SSL/download/paper_benchmark/fleurs/audio/11087041613949188337.wav	huhne đã từ chức và ed davey mp sẽ thay thế vào vị trí của ông trong nội các norman lamb mp được kỳ vọng sẽ đảm nhận công việc bộ trưởng kinh tế của davey đang còn trống	HIL ĐÃ TỪ CHỨC VÀ DEVI SẼ THAY THẾ VÀO VỊ TRÍ CỦA ÔNG TRONG NỘI CÁC NOMA ĐƯỢC KỲ VỌNG SẼ ĐẢM NHẬN CÔNG VIỆC BỘ TRƯỞNG KINH TẾ CỦA DAVI ĐANG CÒN TRỐNG	HUHNE ĐÃ TỪ CHỨC VÀ ED DAVEY MP SẼ THAY THẾ VÀO VỊ TRÍ CỦA ÔNG TRONG NỘI CÁC NORMAN LAMB MP ĐƯỢC KỲ VỌNG SẼ ĐẢM NHẬN CÔNG VIỆC BỘ TRƯỞNG KINH TẾ CỦA DAVEY ĐANG CÒN TRỐNG
11223416143121672391-59	11223416143121672391.wav	SSL/download/paper_benchmark/fleurs/audio/11223416143121672391.wav	hồ sơ theo vụ rò rỉ sẽ nhắc tới xung đột biên giới điều palestine muốn dựa trên đường biên giới trước cuộc chiến tranh trung đông 1967	HỒ SƠ THEO VỤ RÒ RỈ SẼ NHẮC TỚI XUNG ĐỘT BIÊN GIỚI BA LÉT TIN NE MUỐN DỰA TRÊN ĐƯỜNG BIÊN GIỚI TRƯỚC CUỘC CHIẾN TRANH TRUNG ĐÔNG MỘT NGÀN CHÍN TRĂM SÁU BẢY	HỒ SƠ THEO VỤ RÒ RỈ SẼ NHẮC TỚI XUNG ĐỘT BIÊN GIỚI ĐIỀU PALESTINE MUỐN DỰA TRÊN ĐƯỜNG BIÊN GIỚI TRƯỚC CUỘC CHIẾN TRANH TRUNG ĐÔNG 1967
11341242076987383094-67	11341242076987383094.wav	SSL/download/paper_benchmark/fleurs/audio/11341242076987383094.wav	can thiệp giấc ngủ là quá trình cố tình đánh thức một người trong thời gian ngủ bình thường của người đó và ngủ lại một lát sau đó 10-60 phút	CAN THIỆP GIẤC NGỦ LÀ QUÁ TRÌNH CỐ TÌNH ĐÁNH THỨC MỘT NGƯỜI TRONG THỜI GIAN NGỦ BÌNH THƯỜNG CỦA NGƯỜI ĐÓ VÀ NGỦ LẠI MỘT LÁT SAU ĐÓ MƯỜI TỚI SÁU MƯƠI PHÚT	CAN THIỆP GIẤC NGỦ LÀ QUÁ TRÌNH CỐ TÌNH ĐÁNH THỨC MỘT NGƯỜI TRONG THỜI GIAN NGỦ BÌNH THƯỜNG CỦA NGƯỜI ĐÓ VÀ NGỦ LẠI MỘT LÁT SAU ĐÓ 10 60 PHÚT
11538048669768928262-75	11538048669768928262.wav	SSL/download/paper_benchmark/fleurs/audio/11538048669768928262.wav	độ ẩm trên tay của bạn sẽ phản ứng với các lớp bên ngoài tạo cảm giác là lạ và nặn thành một loại vỏ	ĐỘ ẨM TRÊN TAY CỦA BẠN SẼ PHẢN ỨNG VỚI CÁC LỚP BÊN NGOÀI TẠO CẢM GIÁC LÀ LẠ VÀ NẶN THÀNH MỘT LOẠI VỎ	ĐỘ ẨM TRÊN TAY CỦA BẠN SẼ PHẢN ỨNG VỚI CÁC LỚP BÊN NGOÀI TẠO CẢM GIÁC LÀ LẠ VÀ NẶN THÀNH MỘT LOẠI VỎ
11672619076350815814-83	11672619076350815814.wav	SSL/download/paper_benchmark/fleurs/audio/11672619076350815814.wav	ông ta sau đó được chuyển đến bệnh viện addenbrooke ở cambridge	ÔNG TA SAU ĐÓ ĐƯỢC CHUYỂN ĐẾN BỆNH VIỆN A ĐEN Ở CAM R	ÔNG TA SAU ĐÓ ĐƯỢC CHUYỂN ĐẾN BỆNH VIỆN ADDENBROOKE Ở CAMBRIDGE
11839499744584457445-91	11839499744584457445.wav	SSL/download/paper_benchmark/fleurs/audio/11839499744584457445.wav	người ta có thể không lường trước được rằng sự kiên nhẫn và thấu hiểu cũng rất cần thiết cho việc hồi hương	NGƯỜI TA CÓ THỂ KHÔNG LƯỜNG TRƯỚC ĐƯỢC RẰNG SỰ KIÊN NHẪN VÀ THẤU HIỂU CŨNG RẤT CẦN THIẾT CHO VIỆC HỒI HƯƠNG	NGƯỜI TA CÓ THỂ KHÔNG LƯỜNG TRƯỚC ĐƯỢC RẰNG SỰ KIÊN NHẪN VÀ THẤU HIỂU CŨNG RẤT CẦN THIẾT CHO VIỆC HỒI HƯƠNG
12013948925764266263-99	12013948925764266263.wav	SSL/download/paper_benchmark/fleurs/audio/12013948925764266263.wav	mặc dù trí tuệ nhân tạo ai có ý nghĩa rất lớn trong ngành khoa học viễn tưởng ai cũng định hình một nhánh vô cùng quan trọng trong khoa học máy tính xử lý các hành vi có khả năng học tập và nhạy và mô phỏng trí thông minh trong máy móc	MẶC DÙ TRÍ TUỆ NHÂN TẠO A CÓ Ý NGHĨA RẤT LỚN TRONG NGÀNH KHOA HỌC VIỄN TƯỞNG A Y CŨNG ĐỊNH HÌNH MỘT NHÁNH VÔ CÙNG QUAN TRỌNG TRONG KHOA HỌC MÁY TÍNH XỬ LÝ CÁC HÀNH VI CÓ KHẢ NĂNG HỌC TẬP VÀ DẠY VÀ MÔ PHỎNG TRÍ THÔNG MINH TRONG MÁY MÓC	MẶC DÙ TRÍ TUỆ NHÂN TẠO AI CÓ Ý NGHĨA RẤT LỚN TRONG NGÀNH KHOA HỌC VIỄN TƯỞNG AI CŨNG ĐỊNH HÌNH MỘT NHÁNH VÔ CÙNG QUAN TRỌNG TRONG KHOA HỌC MÁY TÍNH XỬ LÝ CÁC HÀNH VI CÓ KHẢ NĂNG HỌC TẬP VÀ NHẠY VÀ MÔ PHỎNG TRÍ THÔNG MINH TRONG MÁY MÓC
1216952660621922687-107	1216952660621922687.wav	SSL/download/paper_benchmark/fleurs/audio/1216952660621922687.wav	cũng như những nhiếp ảnh gia người phi-líp-pin sáu con tin gồm trẻ em và người già đã được thả sớm	CŨNG NHƯ NHỮNG NHIẾP ẢNH GIA NGƯỜI PHILIPPINES SÁU CON TIN GỒM TRẺ EM VÀ NGƯỜI GIÀ ĐÃ ĐƯỢC THẢ	CŨNG NHƯ NHỮNG NHIẾP ẢNH GIA NGƯỜI PHI LÍP PIN SÁU CON TIN GỒM TRẺ EM VÀ NGƯỜI GIÀ ĐÃ ĐƯỢC THẢ SỚM
12307827640123726254-115	12307827640123726254.wav	SSL/download/paper_benchmark/fleurs/audio/12307827640123726254.wav	chúng tôi đồng ý với tuyên bố của usoc là quyền lợi của các câu lạc bộ và vận động viên của chúng tôi cũng như môn thể thao của họ có thể được phục vụ tốt hơn bằng cách tiến lên cùng sự thay đổi có ý nghĩa bên trong tổ chức của chúng tôi thay vì rút lại và bác bỏ điều đó	CHÚNG TÔI ĐỒNG Ý VỚI TUYÊN BỐ CỦA USOC LÀ QUYỀN LỢI CỦA CÁC CÂU LẠC BỘ VÀ VẬN ĐỘNG VIÊN CỦA CHÚNG TÔI CŨNG NHƯ MÔN THỂ THAO CỦA HỌ CÓ THỂ ĐƯỢC PHỤC VỤ TỐT HƠN BẰNG CÁCH TIẾN LÊN CÙNG SỰ THAY ĐỔI CÓ Ý NGHĨA BÊN TRONG TỔ CHỨC CỦA CHÚNG TÔI THAY VÌ RÚT LẠI VÀ BÁC BỎ ĐIỀU ĐÓ	CHÚNG TÔI ĐỒNG Ý VỚI TUYÊN BỐ CỦA USOC LÀ QUYỀN LỢI CỦA CÁC CÂU LẠC BỘ VÀ VẬN ĐỘNG VIÊN CỦA CHÚNG TÔI CŨNG NHƯ MÔN THỂ THAO CỦA HỌ CÓ THỂ ĐƯỢC PHỤC VỤ TỐT HƠN BẰNG CÁCH TIẾN LÊN CÙNG SỰ THAY ĐỔI CÓ Ý NGHĨA BÊN TRONG TỔ CHỨC CỦA CHÚNG TÔI THAY VÌ RÚT LẠI VÀ BÁC BỎ ĐIỀU ĐÓ
12458508812011896602-123	12458508812011896602.wav	SSL/download/paper_benchmark/fleurs/audio/12458508812011896602.wav	nói chung có hai lối ứng xử có thể xuất hiện khi nhà quản lý bắt đầu lãnh đạo các đồng nghiệp cũ lối thứ nhất là cố gắng duy trì quan hệ thân thiết	NÓI CHUNG CÓ HAI LỐI ỨNG XỬ CÓ THỂ XUẤT HIỆN KHI NHÀ QUẢN LÝ BẮT ĐẦU LÃNH ĐẠO CÁC ĐỒNG NGHIỆP CŨ THỨ NHẤT LÀ CỐ GẮNG DUY TRÌ QUAN HỆ THIẾT	NÓI CHUNG CÓ HAI LỐI ỨNG XỬ CÓ THỂ XUẤT HIỆN KHI NHÀ QUẢN LÝ BẮT ĐẦU LÃNH ĐẠO CÁC ĐỒNG NGHIỆP CŨ LỐI THỨ NHẤT LÀ CỐ GẮNG DUY TRÌ QUAN HỆ THÂN THIẾT
12566628545795661139-131	12566628545795661139.wav	SSL/download/paper_benchmark/fleurs/audio/12566628545795661139.wav	sử dụng tàu thuyền để vận chuyển hàng hóa là cách làm hiệu quả nhất ở thời điểm hiện tại để vận chuyển số lượng lớn con người và hàng hóa qua biển	SỬ DỤNG TÀU THUYỀN ĐỂ VẬN CHUYỂN HÀNG HÓA LÀ CÁCH LÀM HIỆU QUẢ NHẤT Ở THỜI ĐIỂM HIỆN TẠI ĐỂ VẬN CHUYỂN SỐ LƯỢNG LỚN CON NGƯỜI VÀ HÀNG HÓA QUA BIỂN	SỬ DỤNG TÀU THUYỀN ĐỂ VẬN CHUYỂN HÀNG HÓA LÀ CÁCH LÀM HIỆU QUẢ NHẤT Ở THỜI ĐIỂM HIỆN TẠI ĐỂ VẬN CHUYỂN SỐ LƯỢNG LỚN CON NGƯỜI VÀ HÀNG HÓA QUA BIỂN
12740622559749389835-139	12740622559749389835.wav	SSL/download/paper_benchmark/fleurs/audio/12740622559749389835.wav	sau khi đập được xây vào năm 1963 lũ theo mùa bình thường sẽ đưa phù sa đi hết chiều dài sông đã bị chặn lại	SAU KHI ĐẬP ĐƯỢC XÂY VÀO NĂM MỘT NGÀN CHÍN TRĂM SÁU BA LŨ THEO MÙA BÌNH THƯỜNG SẼ ĐƯA PHÙ SA ĐI HẾT CHIỀU DÀI SÔNG ĐÃ BỊ CHẶN LẠI	SAU KHI ĐẬP ĐƯỢC XÂY VÀO NĂM 1963 LŨ THEO MÙA BÌNH THƯỜNG SẼ ĐƯA PHÙ SA ĐI HẾT CHIỀU DÀI SÔNG ĐÃ BỊ CHẶN LẠI
12900897414071603774-147	12900897414071603774.wav	SSL/download/paper_benchmark/fleurs/audio/12900897414071603774.wav	cây cối tạo ra khí oxy mà con người hít thở và chúng tiếp nhận khí cacbonic con người thải ra đó là việc thở ra	CÂY CỐI TẠO RA KHÍ OXY MÀ CON NGƯỜI THÍCH THỞ VÀ CHÚNG TIẾP NHẬN KHÍ CACBONIC CON NGƯỜI THẢI RA ĐÓ LÀ VIỆC THỞ RA	CÂY CỐI TẠO RA KHÍ OXY MÀ CON NGƯỜI HÍT THỞ VÀ CHÚNG TIẾP NHẬN KHÍ CACBONIC CON NGƯỜI THẢI RA ĐÓ LÀ VIỆC THỞ RA
13071793295520314636-155	13071793295520314636.wav	SSL/download/paper_benchmark/fleurs/audio/13071793295520314636.wav	ông được phó thủ tướng singapore wong kan seng tiếp đón và thảo luận về các vấn đề thương mại và khủng bố với thủ tướng singapore lý hiển long	ÔNG ĐƯỢC PHÓ THỦ TƯỚNG WANK TIẾP ĐÓN VÀ THẢO LUẬN VỀ CÁC VẤN ĐỀ THƯƠNG MẠI VÀ KHỦNG BỐ VỚI THỦ TƯỚNG LÝ HIỂN LONG	ÔNG ĐƯỢC PHÓ THỦ TƯỚNG SINGAPORE WONG KAN SENG TIẾP ĐÓN VÀ THẢO LUẬN VỀ CÁC VẤN ĐỀ THƯƠNG MẠI VÀ KHỦNG BỐ VỚI THỦ TƯỚNG SINGAPORE LÝ HIỂN LONG
13255430539007159451-163	13255430539007159451.wav	SSL/download/paper_benchmark/fleurs/audio/13255430539007159451.wav	bác sĩ malar balasubramanian 29 tuổi được phát hiện nằm trên mặt đất ven đường trong trang phục áo thun và đồ lót nồng nặc thuốc ở blue ash một vùng ngoại ô cách cincinnati 15 dặm về phía bắc	BÁC SĨ MALASU RAMIN HAI MƯƠI CHÍN TUỔI ĐƯỢC PHÁT HIỆN NẰM TRÊN MẶT ĐẤT VEN ĐƯỜNG TRONG TRANG PHỤC ÁO THUNG VÀ ĐỒ LÓT NỒNG NẶT THUỐC Ở LUT MỘT VÙNG NGOẠI Ô CÁCH SINNATI MƯỜI LĂM DẶM VỀ PHÍA BẮC	BÁC SĨ MALAR BALASUBRAMANIAN 29 TUỔI ĐƯỢC PHÁT HIỆN NẰM TRÊN MẶT ĐẤT VEN ĐƯỜNG TRONG TRANG PHỤC ÁO THUN VÀ ĐỒ LÓT NỒNG NẶC THUỐC Ở BLUE ASH MỘT VÙNG NGOẠI Ô CÁCH CINCINNATI 15 DẶM VỀ PHÍA BẮC
13403078694091345315-171	13403078694091345315.wav	SSL/download/paper_benchmark/fleurs/audio/13403078694091345315.wav	công viên quốc gia plitvice lakes có khu rừng rậm rạp chủ yếu là cây sồi cây vân sam và cây linh sam và cùng với sự pha trộn thảm thực vật của vùng alps và địa trung hải	CÔNG VIÊN QUỐC GIA ISBAK CÓ KHU RỪNG RẬM RẠP CHỦ YẾU LÀ CÂY SÒI CÂY VÂN SAM VÀ CÂY LINH SAM VÀ CÙNG VỚI SỰ PHA TRỘN THỰC VẬT CỦA VÙNG OL VÀ ĐỊA TRUNG HẢI	CÔNG VIÊN QUỐC GIA PLITVICE LAKES CÓ KHU RỪNG RẬM RẠP CHỦ YẾU LÀ CÂY SỒI CÂY VÂN SAM VÀ CÂY LINH SAM VÀ CÙNG VỚI SỰ PHA TRỘN THẢM THỰC VẬT CỦA VÙNG ALPS VÀ ĐỊA TRUNG HẢI
13587116175398975727-179	13587116175398975727.wav	SSL/download/paper_benchmark/fleurs/audio/13587116175398975727.wav	nó mỏng hơn dưới vùng maria biển và dày hơn ở vùng cao	NÓ MỎNG HƠN DƯỚI VÙNGIA BIỂN VÀ DÀY HƠN Ở VÙNG CAO	NÓ MỎNG HƠN DƯỚI VÙNG MARIA BIỂN VÀ DÀY HƠN Ở VÙNG CAO
13748819425763206032-187	13748819425763206032.wav	SSL/download/paper_benchmark/fleurs/audio/13748819425763206032.wav	quốc hội bắt đầu cấp kinh phí cho đề xướng chống khiêu dâm trong năm tài khóa 2005 và quy định rằng fbi phải dành 10 đặc vụ cho nội dung khiêu dâm người lớn	QUỐC HỘI BẮT ĐẦU CẤP KINH PHÍ CHO ĐỀ XƯỚNG CHỐNG KHIÊU TRONG NĂM TÀI KHÓA HAI KHÔNG NĂM VÀ QUY ĐỊNH RẰNG FPI PHẢI DÀNH MƯỜI ĐẶC VỤ CHO NỘI DUNG KHIÊU NGƯỜI LỚN	QUỐC HỘI BẮT ĐẦU CẤP KINH PHÍ CHO ĐỀ XƯỚNG CHỐNG KHIÊU DÂM TRONG NĂM TÀI KHÓA 2005 VÀ QUY ĐỊNH RẰNG FBI PHẢI DÀNH 10 ĐẶC VỤ CHO NỘI DUNG KHIÊU DÂM NGƯỜI LỚN
1394307856637077878-195	1394307856637077878.wav	SSL/download/paper_benchmark/fleurs/audio/1394307856637077878.wav	phát hiện này cũng mang đến một cái nhìn sâu sắc cho sự tiến hóa đối với lông vũ của các loài chim	PHÁT HIỆN NÀY CŨNG MANG ĐẾN MỘT CÁI NHÌN SÂU SẮC CHO SỰ TIẾN HÓA ĐỐI VỚI LÔNG CỦA CÁC LOÀI CHIM	PHÁT HIỆN NÀY CŨNG MANG ĐẾN MỘT CÁI NHÌN SÂU SẮC CHO SỰ TIẾN HÓA ĐỐI VỚI LÔNG VŨ CỦA CÁC LOÀI CHIM
14117020288073941718-203	14117020288073941718.wav	SSL/download/paper_benchmark/fleurs/audio/14117020288073941718.wav	"""anh ta [wales] từ đầu đã nói dối chúng tôi. đầu tiên bằng việc làm như thể vì những lý do hợp pháp. thứ nữa bằng việc giả bộ như đang lắng nghe chúng tôi anh ta đã có màn xóa dấu vết đầy ngoạn mục."	ANH TA LÉT TỪ ĐẦU ĐÃ NÓI DỐI CHÚNG TÔI ĐẦU TIÊN BẰNG VIỆC LÀM NHƯ THỂ VÌ NHỮNG LÝ DO HỢP PHÁP THỨ NỮA BẰNG VIỆC GIẢ BỘ NHƯ ĐANG LẮNG NGHE CHÚNG TÔI ANH TA ĐÃ CÓ MÀN XÓA DẤU VẾT ĐẦY	"""ANH TA [WALES] TỪ ĐẦU ĐÃ NÓI DỐI CHÚNG TÔI ĐẦU TIÊN BẰNG VIỆC LÀM NHƯ THỂ VÌ NHỮNG LÝ DO HỢP PHÁP THỨ NỮA BẰNG VIỆC GIẢ BỘ NHƯ ĐANG LẮNG NGHE CHÚNG TÔI ANH TA ĐÃ CÓ MÀN XÓA DẤU VẾT ĐẦY NGOẠN MỤC"
14299477144607833771-211	14299477144607833771.wav	SSL/download/paper_benchmark/fleurs/audio/14299477144607833771.wav	ở một số nơi chỉ cần đun nước sôi một phút là đủ trong khi ở những nơi khác cần phải đun sôi vài phút	Ở MỘT SỐ NƠI CHỈ CẦN ĐUN NƯỚC SÔI MỘT PHÚT LÀ ĐỦ TRONG KHI Ở NHỮNG NƠI KHÁC CẦN PHẢI ĐUN SOI VÀI PHÚT	Ở MỘT SỐ NƠI CHỈ CẦN ĐUN NƯỚC SÔI MỘT PHÚT LÀ ĐỦ TRONG KHI Ở NHỮNG NƠI KHÁC CẦN PHẢI ĐUN SÔI VÀI PHÚT
14462714589663659786-219	14462714589663659786.wav	SSL/download/paper_benchmark/fleurs/audio/14462714589663659786.wav	bản báo cáo chỉ trích nặng nề hầu như tất cả mọi khía cạnh trong chính sách hiện hành mà cơ quan hành pháp dành cho iraq và kêu gọi sự chuyển hướng ngay lập tức	BẢN BÁO CÁO CHỈ TRÍCH NẶNG NỀ TRONG CHÍNH SÁCH HIỆN HÀNH MÀ CƠ QUAN HÀNH PHÁP DÀNH CHO IRAK VÀ KÊU GỌI SỰ CHUYỂN HƯỚNG NGAY LẬP TỨC	BẢN BÁO CÁO CHỈ TRÍCH NẶNG NỀ HẦU NHƯ TẤT CẢ MỌI KHÍA CẠNH TRONG CHÍNH SÁCH HIỆN HÀNH MÀ CƠ QUAN HÀNH PHÁP DÀNH CHO IRAQ VÀ KÊU GỌI SỰ CHUYỂN HƯỚNG NGAY LẬP TỨC
14571437264490701635-227	14571437264490701635.wav	SSL/download/paper_benchmark/fleurs/audio/14571437264490701635.wav	hãy nhớ rằng dù âm nhạc trên sân khấu chính đã tắt thì vẫn có một số khu vực của lễ hội sẽ tiếp tục chơi nhạc cho đến tối muộn	PHẢI NHỚ RẰNG DÙ ÂM NHẠC TRÊN SÂN KHẤU CHÍNH ĐÃ TẮT THÌ VẪN CÓ MỘT SỐ KHU VỰC CỦA LỄ HỘI SẼ TIẾP TỤC CHƠI NHẠC CHO ĐẾN TỐI MUỘN	HÃY NHỚ RẰNG DÙ ÂM NHẠC TRÊN SÂN KHẤU CHÍNH ĐÃ TẮT THÌ VẪN CÓ MỘT SỐ KHU VỰC CỦA LỄ HỘI SẼ TIẾP TỤC CHƠI NHẠC CHO ĐẾN TỐI MUỘN
14672569917796988429-235	14672569917796988429.wav	SSL/download/paper_benchmark/fleurs/audio/14672569917796988429.wav	mọi thứ trong vũ trụ đều được tạo thành bởi vật chất tất cả vật chất được tạo nên bởi các hạt cực nhỏ gọi là nguyên tử	MỌI THỨ TRONG VŨ TRỤ ĐỀU ĐƯỢC TẠO THÀNH BỞI VẬT CHẤT TẤT CẢ VẬT CHẤT ĐƯỢC TẠO NÊN BỞI CÁC HẠT NHỎ GỌI LÀ NGUYÊN TỬ	MỌI THỨ TRONG VŨ TRỤ ĐỀU ĐƯỢC TẠO THÀNH BỞI VẬT CHẤT TẤT CẢ VẬT CHẤT ĐƯỢC TẠO NÊN BỞI CÁC HẠT CỰC NHỎ GỌI LÀ NGUYÊN TỬ
14805740756137284647-243	14805740756137284647.wav	SSL/download/paper_benchmark/fleurs/audio/14805740756137284647.wav	ngoài buổi tổ chức hôm thứ tư carpanedo đã thi đấu trong 2 chặng đua riêng biệt trong giải vô địch	NGOÀI BUỔI TỔ CHỨC HÔM THỨ TƯ NEO ĐÃ THI ĐẤU TRONG HAI TRẬN ĐUA RIÊNG BIỆT TRONG GIẢI VÔ ĐỊCH	NGOÀI BUỔI TỔ CHỨC HÔM THỨ TƯ CARPANEDO ĐÃ THI ĐẤU TRONG 2 CHẶNG ĐUA RIÊNG BIỆT TRONG GIẢI VÔ ĐỊCH
15051285700679915567-251	15051285700679915567.wav	SSL/download/paper_benchmark/fleurs/audio/15051285700679915567.wav	nhiều người không nghĩ loài vật này là khủng long vì chúng có lông vũ và biết bay	NHIỀU NGƯỜI KHÔNG NGHĨ LOÀI VẬT NÀY LÀ KHỦNG LONG VÌ CHÚNG CÓ LÔNG VÀ BIẾT BAY	NHIỀU NGƯỜI KHÔNG NGHĨ LOÀI VẬT NÀY LÀ KHỦNG LONG VÌ CHÚNG CÓ LÔNG VŨ VÀ BIẾT BAY
15108824651185199519-259	15108824651185199519.wav	SSL/download/paper_benchmark/fleurs/audio/15108824651185199519.wav	bệnh đa xơ cứng ảnh hưởng hệ thần kinh trung ương được tạo thành từ bộ não tủy sống và dây thần kinh thị giác	BỆNH ĐA XƠ CỨNG ẢNH HƯỞNG HỆ THẦN KINH TRUNG ƯƠNG ĐƯỢC TẠO THÀNH TỪ BỘ NÃO TỦY SỐNG VÀ DÂY THẦN KINH THỊ GIÁC	BỆNH ĐA XƠ CỨNG ẢNH HƯỞNG HỆ THẦN KINH TRUNG ƯƠNG ĐƯỢC TẠO THÀNH TỪ BỘ NÃO TỦY SỐNG VÀ DÂY THẦN KINH THỊ GIÁC
15264939732356739462-267	15264939732356739462.wav	SSL/download/paper_benchmark/fleurs/audio/15264939732356739462.wav	nằm về phía bắc và thuận tiện về giao thông là thị trấn sintra lãng mạn và hấp dẫn nổi tiếng với người nước ngoài sau một bài thơ ca ngợi của lord byron	NẰM VỀ PHÍA BẮC VÀ THUẬN TIỆN VỀ GIAO THÔNG LÀ THỊ TRẤNA LÃNG MẠN VÀ HẤP DẪN NỔI TIẾNG VỚI NGƯỜI NƯỚC NGOÀI SAU MỘT BÀI THƠ CA NGỢI CỔ LO BIN	NẰM VỀ PHÍA BẮC VÀ THUẬN TIỆN VỀ GIAO THÔNG LÀ THỊ TRẤN SINTRA LÃNG MẠN VÀ HẤP DẪN NỔI TIẾNG VỚI NGƯỜI NƯỚC NGOÀI SAU MỘT BÀI THƠ CA NGỢI CỦA LORD BYRON
15407878866023757436-275	15407878866023757436.wav	SSL/download/paper_benchmark/fleurs/audio/15407878866023757436.wav	chiến lược này đã chứng minh tính hiệu quả thông qua việc cắt đứt đường tiếp viện quân sự và dân sự mặc dù sự phong tỏa này đã vi phạm luật pháp quốc tế được chấp nhận rộng rãi quy ước bởi nhiều thỏa thuận quốc tế trong hai thế kỷ qua	CHIẾN LƯỢC NÀY ĐÃ CHỨNG MINH TÍNH HIỆU QUẢ THÔNG QUA VIỆC CẮT ĐỨT ĐƯỜNG TIẾP VIỆN QUÂN SỰ VÀ DÂN SỰ MẶC DÙ SỰ PHONG TỎA NÀY ĐÃ VI PHẠM LUẬT PHÁP QUỐC TẾ ĐƯỢC CHẤP NHẬN RỘNG RÃI BỞI NHIỀU THỎA THUẬN QUỐC TẾ TRONG HAI THẾ KỶ QUA	CHIẾN LƯỢC NÀY ĐÃ CHỨNG MINH TÍNH HIỆU QUẢ THÔNG QUA VIỆC CẮT ĐỨT ĐƯỜNG TIẾP VIỆN QUÂN SỰ VÀ DÂN SỰ MẶC DÙ SỰ PHONG TỎA NÀY ĐÃ VI PHẠM LUẬT PHÁP QUỐC TẾ ĐƯỢC CHẤP NHẬN RỘNG RÃI QUY ƯỚC BỞI NHIỀU THỎA THUẬN QUỐC TẾ TRONG HAI THẾ KỶ QUA
15521543905177361253-283	15521543905177361253.wav	SSL/download/paper_benchmark/fleurs/audio/15521543905177361253.wav	bệnh viện này đã làm theo quy trình kiểm soát lây nhiễm bao gồm cách ly bệnh nhân với các bệnh nhân khác để ngăn ngừa lây nhiễm có thể có cho những người khác	BỆNH VIỆN NÀY ĐÃ LÀM THEO QUY TRÌNH KIỂM SOÁT BAO GỒM CÁCH LY BỆNH NHÂN VỚI CÁC BỆNH NHÂN KHÁC ĐỂ NGĂN NGỪA LÂY NHIỄM CÓ THỂ CÓ CHO NHỮNG NGƯỜI KHÁC	BỆNH VIỆN NÀY ĐÃ LÀM THEO QUY TRÌNH KIỂM SOÁT LÂY NHIỄM BAO GỒM CÁCH LY BỆNH NHÂN VỚI CÁC BỆNH NHÂN KHÁC ĐỂ NGĂN NGỪA LÂY NHIỄM CÓ THỂ CÓ CHO NHỮNG NGƯỜI KHÁC
15589888555401605921-291	15589888555401605921.wav	SSL/download/paper_benchmark/fleurs/audio/15589888555401605921.wav	mặt khác băng và tuyết là hiện tượng bình thường ở nhiều nước và quanh năm giao thông gần như không bị gián đoạn	MẶT KHÁC BĂNG VÀ TUYẾT LÀ HIỆN TƯỢNG BÌNH THƯỜNG Ở NHIỀU NƯỚC VÀ QUANH NĂM GIAO THÔNG GẦN NHƯ KHÔNG BỊ GIÁN ĐOẠN	MẶT KHÁC BĂNG VÀ TUYẾT LÀ HIỆN TƯỢNG BÌNH THƯỜNG Ở NHIỀU NƯỚC VÀ QUANH NĂM GIAO THÔNG GẦN NHƯ KHÔNG BỊ GIÁN ĐOẠN
15668879375392102063-299	15668879375392102063.wav	SSL/download/paper_benchmark/fleurs/audio/15668879375392102063.wav	thông báo thông thường trong khu metro chỉ được phát bằng tiếng catalunya tuy nhiên với những sự cố bất ngờ thì thông báo sẽ được thực hiên qua hệ thống tự động bằng nhiều thứ tiếng gồm tiếng tây ban nha tiếng anh tiếng pháp tiếng ả rập và tiếng nhật	THÔNG BÁO THÔNG THƯỜNG TRONG KHU METRO CHỈ ĐƯỢC PHÁT BẰNG TIẾNG NI TUY NHIÊN VỚI NHỮNG SỰ CỐ BẤT NGỜ THÌ THÔNG BÁO SẼ ĐƯỢC THỰC HIỆN QUA HỆ THỐNG TỰ ĐỘNG BẰNG NHIỀU THỨ TIẾNG GỒM TIẾNG TÂY BAN NHA TIẾNG ANH TIẾNG PHÁP TIẾNG Ả RẬP VÀ TIẾNG NHẬT	THÔNG BÁO THÔNG THƯỜNG TRONG KHU METRO CHỈ ĐƯỢC PHÁT BẰNG TIẾNG CATALUNYA TUY NHIÊN VỚI NHỮNG SỰ CỐ BẤT NGỜ THÌ THÔNG BÁO SẼ ĐƯỢC THỰC HIÊN QUA HỆ THỐNG TỰ ĐỘNG BẰNG NHIỀU THỨ TIẾNG GỒM TIẾNG TÂY BAN NHA TIẾNG ANH TIẾNG PHÁP TIẾNG Ả RẬP VÀ TIẾNG NHẬT
15851893001023065616-307	15851893001023065616.wav	SSL/download/paper_benchmark/fleurs/audio/15851893001023065616.wav	không hề có một định nghĩa cụ thể nào để xác định một món đồ sản xuất là đồ cổ hay không một số cơ quan thuế quy định hàng hóa trên 100 tuổi là đồ cổ	KHÔNG HỀ CÓ MỘT ĐỊNH NGHĨA CỤ THỂ NÀO ĐỂ XÁC ĐỊNH MỘT MÓN ĐỒ SẢN XUẤT LÀ ĐỒ CỔ HAY KHÔNG MỘT SỐ CƠ QUAN THUẾ QUY ĐỊNH HÀNG HÓA TRÊN MỘT TRĂM TUỔI LÀ ĐỒ CỔ	KHÔNG HỀ CÓ MỘT ĐỊNH NGHĨA CỤ THỂ NÀO ĐỂ XÁC ĐỊNH MỘT MÓN ĐỒ SẢN XUẤT LÀ ĐỒ CỔ HAY KHÔNG MỘT SỐ CƠ QUAN THUẾ QUY ĐỊNH HÀNG HÓA TRÊN 100 TUỔI LÀ ĐỒ CỔ
16049491291355587797-315	16049491291355587797.wav	SSL/download/paper_benchmark/fleurs/audio/16049491291355587797.wav	phát hiện này cũng mang đến một cái nhìn sâu sắc cho sự tiến hóa đối với lông vũ của các loài chim	PHÁT HIỆN NÀY CŨNG MANG ĐẾN MỘT CÁI NHÌN SÂU SẮC CHO SỰ TIẾN HÓA ĐỐI VỚI LÔNG CỦA CÁC LOÀI CHIM	PHÁT HIỆN NÀY CŨNG MANG ĐẾN MỘT CÁI NHÌN SÂU SẮC CHO SỰ TIẾN HÓA ĐỐI VỚI LÔNG VŨ CỦA CÁC LOÀI CHIM
16170348564799110796-323	16170348564799110796.wav	SSL/download/paper_benchmark/fleurs/audio/16170348564799110796.wav	du khách được khuyến cáo nên đề phòng mọi rủi ro thời tiết khắc nghiệt ảnh hưởng đến khu vực của họ vì thời tiết khắc nghiệt có thể ảnh hưởng đến bất kỳ kế hoạch du lịch nào	DU KHÁCH ĐƯỢC KHUYẾN CÁO NÊN ĐỀ PHÒNG MỌI RỦI RO THỜI TIẾT KHẮC NGHIỆT ẢNH HƯỞNG ĐẾN KHU VỰC CỦA HỌ VÌ THỜI TIẾT KHẮC NGHIỆT CÓ THỂ ẢNH HƯỞNG ĐẾN BẤT KỲ KẾ HOẠCH DU LỊCH NÀO	DU KHÁCH ĐƯỢC KHUYẾN CÁO NÊN ĐỀ PHÒNG MỌI RỦI RO THỜI TIẾT KHẮC NGHIỆT ẢNH HƯỞNG ĐẾN KHU VỰC CỦA HỌ VÌ THỜI TIẾT KHẮC NGHIỆT CÓ THỂ ẢNH HƯỞNG ĐẾN BẤT KỲ KẾ HOẠCH DU LỊCH NÀO
16344260888675970186-331	16344260888675970186.wav	SSL/download/paper_benchmark/fleurs/audio/16344260888675970186.wav	trong khoảng 150 đến 200 bản in đã được tạo ra xuyên đêm ngày nay được biết tới là bản in dunlap	TRONG KHOẢNG MỘT TRĂM NĂM MƯƠI ĐẾN HAI TRĂM BẢN IN ĐÃ ĐƯỢC TẠO RA XUYÊN ĐÊM NGÀY NAY ĐƯỢC BIẾT TỚI LÀ BẢN TIN JUN LA	TRONG KHOẢNG 150 ĐẾN 200 BẢN IN ĐÃ ĐƯỢC TẠO RA XUYÊN ĐÊM NGÀY NAY ĐƯỢC BIẾT TỚI LÀ BẢN IN DUNLAP
16549699395519595656-339	16549699395519595656.wav	SSL/download/paper_benchmark/fleurs/audio/16549699395519595656.wav	trong khi một vắc-xin thử nghiệm có vẻ như có khả năng làm giảm tỷ lệ tử vong do ebola cho tới nay chưa có loại thuốc nào được chứng minh rõ ràng là phù hợp cho việc điều trị căn bệnh lây nhiễm này	TRONG KHI MỘT VẮC XIN THỬ NGHIỆM CÓ VẺ NHƯ CÓ KHẢ NĂNG LÀM GIẢM TỶ LỆ TỬ VONG DOLA CHO TỚI NAY CHƯA CÓ LOẠI THUỐC NÀO ĐƯỢC CHỨNG MINH RÕ RÀNG LÀ PHÙ HỢP CHO VIỆC ĐIỀU TRỊ CĂN BỆNH LÂY NHIỄM NÀY	TRONG KHI MỘT VẮC XIN THỬ NGHIỆM CÓ VẺ NHƯ CÓ KHẢ NĂNG LÀM GIẢM TỶ LỆ TỬ VONG DO EBOLA CHO TỚI NAY CHƯA CÓ LOẠI THUỐC NÀO ĐƯỢC CHỨNG MINH RÕ RÀNG LÀ PHÙ HỢP CHO VIỆC ĐIỀU TRỊ CĂN BỆNH LÂY NHIỄM NÀY
16802725889904809484-347	16802725889904809484.wav	SSL/download/paper_benchmark/fleurs/audio/16802725889904809484.wav	ngôn ngữ chính thức của barcelona là tiếng catalan và tiếng tây ban nha khoảng một nửa dân số thích nói tiếng catalan hơn và đại đa số người dân hiểu thứ tiếng này hầu như ai cũng biết tiếng tây ba nha	NGÔN NGỮ CHÍNH THỨC CỔ BAELONA LÀ TIẾNG KATALAN VÀ TIẾNG TÂY BAN NHA KHOẢNG MỘT NỬA DÂN SỐ THÍCH NÓI TIẾNG KATALAN HƠN VÀ ĐẠI ĐA SỐ NGƯỜI DÂN HIỂU THỨ TIẾNG NÀY HẦU NHƯ AI CŨNG BIẾT TIẾNG TÂY BAN NHA	NGÔN NGỮ CHÍNH THỨC CỦA BARCELONA LÀ TIẾNG CATALAN VÀ TIẾNG TÂY BAN NHA KHOẢNG MỘT NỬA DÂN SỐ THÍCH NÓI TIẾNG CATALAN HƠN VÀ ĐẠI ĐA SỐ NGƯỜI DÂN HIỂU THỨ TIẾNG NÀY HẦU NHƯ AI CŨNG BIẾT TIẾNG TÂY BA NHA
16977389746262848935-355	16977389746262848935.wav	SSL/download/paper_benchmark/fleurs/audio/16977389746262848935.wav	cơ quan năng lượng hạt nhân nhật bản thông báo đã phát hiện chất xê-zi và i-ốt phóng xạ tại nhà máy này	CƠ QUAN NĂNG LƯỢNG HẠT NHÂN NHẬT BẢN THÔNG BÁO ĐÃ PHÁT HIỆN CHẤT CRI VÀ IOD PHÓNG XẠ TẠI NHÀ MÁY NÀY	CƠ QUAN NĂNG LƯỢNG HẠT NHÂN NHẬT BẢN THÔNG BÁO ĐÃ PHÁT HIỆN CHẤT XÊ ZI VÀ I ỐT PHÓNG XẠ TẠI NHÀ MÁY NÀY
17153446361659074904-363	17153446361659074904.wav	SSL/download/paper_benchmark/fleurs/audio/17153446361659074904.wav	đối với springboks trận này đã giúp đội tuyển kết thúc chuỗi thua 5 trận liền	ĐỐI VỚI RING BOX NÀY ĐÃ GIÚP ĐỘI TUYỂN KẾT THÚC CHUỖI THUA NĂM TRẬN LIỀN	ĐỐI VỚI SPRINGBOKS TRẬN NÀY ĐÃ GIÚP ĐỘI TUYỂN KẾT THÚC CHUỖI THUA 5 TRẬN LIỀN
17340956117121510753-371	17340956117121510753.wav	SSL/download/paper_benchmark/fleurs/audio/17340956117121510753.wav	vụ rơi trực thăng diễn ra trên địa hình núi cao và được quy cho hỏa lực của quân địch gây ra	VỤ RƠI TRỰC THĂNG DIỄN RA TRÊN ĐỊA HÌNH NÚI CAO VÀ ĐƯỢC HUY DO HỎA LỰC CỦA QUÂN ĐỊCH GÂY RA	VỤ RƠI TRỰC THĂNG DIỄN RA TRÊN ĐỊA HÌNH NÚI CAO VÀ ĐƯỢC QUY CHO HỎA LỰC CỦA QUÂN ĐỊCH GÂY RA
17421566876877669207-379	17421566876877669207.wav	SSL/download/paper_benchmark/fleurs/audio/17421566876877669207.wav	nó mang đến cho chúng ta xe lửa xe hơi và nhiều phương tiện di chuyển khác	NÓ MANG ĐẾN CHO CHÚNG TA XE LỬA XE HƠI VÀ NHIỀU PHƯƠNG TIỆN DI CHUYỂN KHÁC	NÓ MANG ĐẾN CHO CHÚNG TA XE LỬA XE HƠI VÀ NHIỀU PHƯƠNG TIỆN DI CHUYỂN KHÁC
17547339604127250707-387	17547339604127250707.wav	SSL/download/paper_benchmark/fleurs/audio/17547339604127250707.wav	bác sĩ malar balasubramanian 29 tuổi được phát hiện nằm trên mặt đất ven đường trong trang phục áo thun và đồ lót nồng nặc thuốc ở blue ash một vùng ngoại ô cách cincinnati 15 dặm về phía bắc	BÁC SĨ MALASU BRAMIN HAI MƯƠI CHÍN TUỔI ĐƯỢC PHÁT HIỆN NẰM TRÊN MẶT ĐẤT VEN ĐƯỜNG TRONG TRANG PHỤC ÁO THUNG VÀ ĐỒ LỐT NỒNG NẠC THUỐC Ở LUHAT MỘT VÙNG NGOẠI Ô CÁCH SINCINA TI MƯỜI LĂM DẶM VỀ PHÍA BẮC	BÁC SĨ MALAR BALASUBRAMANIAN 29 TUỔI ĐƯỢC PHÁT HIỆN NẰM TRÊN MẶT ĐẤT VEN ĐƯỜNG TRONG TRANG PHỤC ÁO THUN VÀ ĐỒ LÓT NỒNG NẶC THUỐC Ở BLUE ASH MỘT VÙNG NGOẠI Ô CÁCH CINCINNATI 15 DẶM VỀ PHÍA BẮC
17744918915672998950-395	17744918915672998950.wav	SSL/download/paper_benchmark/fleurs/audio/17744918915672998950.wav	chuẩn 802.11n hoạt động trên cả hai tần số 2.4 ghz và 5.0 ghz	CHUẨN TÁM KHÔNG HAI CHẤM MỘT MỘT N HOẠT ĐỘNG TRÊN CẢ HAI TẦN SỐ HAI CHẤM BỐN GHI GAT VÀ NĂM CHẤM KHÔNG GHI GAT	CHUẨN 802 11N HOẠT ĐỘNG TRÊN CẢ HAI TẦN SỐ 2 4 GHZ VÀ 5 0 GHZ
1784661495166495146-403	1784661495166495146.wav	SSL/download/paper_benchmark/fleurs/audio/1784661495166495146.wav	theo kundalini yoga năng lượng kundalini năng lượng giác ngộ được đánh thức thông qua những tư thế yoga các bài tập thở những câu thần chú và sự hình dung	THEO KUNDA NĂNG LƯỢNG KUNDA NĂNG LƯỢNG GIÁC NGỘ ĐƯỢC ĐÁNH THỨC THÔNG QUA NHỮNG TƯ THẾ YOGA CÁC BÀI TẬP THỞ NHỮNG CÂU THẦN CHÚ VÀ SỰ HÌNH DUNG	THEO KUNDALINI YOGA NĂNG LƯỢNG KUNDALINI NĂNG LƯỢNG GIÁC NGỘ ĐƯỢC ĐÁNH THỨC THÔNG QUA NHỮNG TƯ THẾ YOGA CÁC BÀI TẬP THỞ NHỮNG CÂU THẦN CHÚ VÀ SỰ HÌNH DUNG
18128407156748531096-411	18128407156748531096.wav	SSL/download/paper_benchmark/fleurs/audio/18128407156748531096.wav	layton đã đòi hỏi một số thay đổi trong dự luật môi sinh của phe bảo thủ trong cuộc họp với thủ tướng yêu cầu viết lại kỹ lưỡng và hoàn chỉnh dự luật môi sinh của đảng bảo thủ	LÊ TÔNG ĐÃ ĐÒI HỎI MỘT SỐ THAY ĐỔI TRONG DỰ LUẬT SINH CỦA PHE BẢO THỦ TRONG CUỘC HỌP VỚI THỦ TƯỚNG YÊU CẦU VIẾT LẠI KỸ LƯỠNG VÀ HOÀN CHỈNH DỰ LUẬT SINH CỦA ĐẢNG BẢO THỦ	LAYTON ĐÃ ĐÒI HỎI MỘT SỐ THAY ĐỔI TRONG DỰ LUẬT MÔI SINH CỦA PHE BẢO THỦ TRONG CUỘC HỌP VỚI THỦ TƯỚNG YÊU CẦU VIẾT LẠI KỸ LƯỠNG VÀ HOÀN CHỈNH DỰ LUẬT MÔI SINH CỦA ĐẢNG BẢO THỦ
18387272006897122973-419	18387272006897122973.wav	SSL/download/paper_benchmark/fleurs/audio/18387272006897122973.wav	tuy nhiên sau khi thua gôn của đội trưởng ấn độ chỉ thực hiện được 36 lần chạy và thua 7 gôn trước khi kết thúc hiệp thi đấu	TUY NHIÊN SAU KHI THU GOM CỦA ĐỘI TRƯỞNG ĐỘI CHỈ THỰC HIỆN ĐƯỢC BA MƯƠI SÁU LẦN CHẠY VÀ THUA BẢY GON TRƯỚC KHI KẾT THÚC HIỆP THI ĐẤU	TUY NHIÊN SAU KHI THUA GÔN CỦA ĐỘI TRƯỞNG ẤN ĐỘ CHỈ THỰC HIỆN ĐƯỢC 36 LẦN CHẠY VÀ THUA 7 GÔN TRƯỚC KHI KẾT THÚC HIỆP THI ĐẤU
18427498331999622260-427	18427498331999622260.wav	SSL/download/paper_benchmark/fleurs/audio/18427498331999622260.wav	vặn hai cục bột khô với nhau rồi bóp chúng thành một viên cầu bằng tay ướt sạch	VẶN HAI CỤC BỘT KHÔ VỚI NHAU RỒI BÓP CHÚNG THÀNH MỘT VIÊN CẦU BẰNG TAY ƯỚT SẠCH	VẶN HAI CỤC BỘT KHÔ VỚI NHAU RỒI BÓP CHÚNG THÀNH MỘT VIÊN CẦU BẰNG TAY ƯỚT SẠCH
1966349450864503883-435	1966349450864503883.wav	SSL/download/paper_benchmark/fleurs/audio/1966349450864503883.wav	aerosmith đã huỷ các buổi trình diễn còn lại trong chuyến lưu diễn của họ	A EOS MIC ĐÃ HỦY CÁC BUỔI TRÌNH DIỄN CÒN LẠI TRONG CHUYẾN LƯU DIỄN CỦA HỌ	AEROSMITH ĐÃ HUỶ CÁC BUỔI TRÌNH DIỄN CÒN LẠI TRONG CHUYẾN LƯU DIỄN CỦA HỌ
2038167404924633032-443	2038167404924633032.wav	SSL/download/paper_benchmark/fleurs/audio/2038167404924633032.wav	sau khi chiến sự nổ ra nước anh đã triển khai phong tỏa ngay hải quân đức	SAU KHI CHIẾN SỰ NỔ RA NƯỚC ANH ĐÃ TRIỂN KHAI PHONG TỎA NGAY HẢI QUÂN ĐỨC	SAU KHI CHIẾN SỰ NỔ RA NƯỚC ANH ĐÃ TRIỂN KHAI PHONG TỎA NGAY HẢI QUÂN ĐỨC
2160985265696758514-451	2160985265696758514.wav	SSL/download/paper_benchmark/fleurs/audio/2160985265696758514.wav	kể từ khi thành lập asunción vào năm 1537 paraguay đã cố gắng duy trì những đặc điểm và bản sắc bản địa của mình	KỂ TỪ KHI THÀNH LẬP ASON FION VÀO NĂM MỘT NGÀN NĂM TRĂM BA MƯƠI BẢY ĐÃ CỐ GẮNG DUY TRÌ NHỮNG ĐẶC ĐIỂM VÀ BẢN SẮC BẢN ĐỊA CỦA MÌNH	KỂ TỪ KHI THÀNH LẬP ASUNCIÓN VÀO NĂM 1537 PARAGUAY ĐÃ CỐ GẮNG DUY TRÌ NHỮNG ĐẶC ĐIỂM VÀ BẢN SẮC BẢN ĐỊA CỦA MÌNH
2424620174247423076-459	2424620174247423076.wav	SSL/download/paper_benchmark/fleurs/audio/2424620174247423076.wav	tuyên bố được đưa ra sau khi ông trump có cuộc điện đàm với tổng thống thổ nhĩ kỳ recep tayyip erdoğan	TUYÊN BỐ ĐƯỢC ĐƯA RA SAU KHI ÔNG TRƠM CÓ CUỘC ĐIỆN ĐÀM VỚI TỔNG THỐNG THỔ NHĨ KỲ REX TAIPO	TUYÊN BỐ ĐƯỢC ĐƯA RA SAU KHI ÔNG TRUMP CÓ CUỘC ĐIỆN ĐÀM VỚI TỔNG THỐNG THỔ NHĨ KỲ RECEP TAYYIP ERDOĞAN
2541390039431631318-467	2541390039431631318.wav	SSL/download/paper_benchmark/fleurs/audio/2541390039431631318.wav	greenland có dân cư thưa thớt thần thoại bắc âu kể rằng erik red bị trục xuất khỏi iceland vì tội giết người và khi đang đi về hướng tây ông đã tìm ra greenland và đặt tên vùng đất là greenland	GHENLAND CÓ DÂN CƯ THỪA THỚT THẦN THOẠI BẮC ÂU KỂ RẰNG ERIK BỊ TRỤC XUẤT KHỎI ILAND VÌ TỘI GIẾT NGƯỜI VÀ KHI ĐANG ĐI VỀ HƯỚNG TÂY ÔNG ĐÃ TÌM RA RI LANG VÀ ĐẶT TÊN VÙNG ĐẤT LÀ RIN	GREENLAND CÓ DÂN CƯ THƯA THỚT THẦN THOẠI BẮC ÂU KỂ RẰNG ERIK RED BỊ TRỤC XUẤT KHỎI ICELAND VÌ TỘI GIẾT NGƯỜI VÀ KHI ĐANG ĐI VỀ HƯỚNG TÂY ÔNG ĐÃ TÌM RA GREENLAND VÀ ĐẶT TÊN VÙNG ĐẤT LÀ GREENLAND
2725896975287179101-475	2725896975287179101.wav	SSL/download/paper_benchmark/fleurs/audio/2725896975287179101.wav	bạn cũng có thể muốn tham khảo lời khuyên của các chính phủ khác ngoài chính phủ của bạn nhưng lời khuyên của họ là dành cho công dân của họ	BẠN CŨNG CÓ THỂ MUỐN THAM KHẢO LỜI KHUYÊN CỦA CÁC CHÍNH PHỦ KHÁC NGOÀI CHÍNH PHỦ CỦA BẠN NHƯNG LỜI KHUYÊN CỦA HỌ LÀ DÀNH CHO CÔNG DÂN CỦA HỌ	BẠN CŨNG CÓ THỂ MUỐN THAM KHẢO LỜI KHUYÊN CỦA CÁC CHÍNH PHỦ KHÁC NGOÀI CHÍNH PHỦ CỦA BẠN NHƯNG LỜI KHUYÊN CỦA HỌ LÀ DÀNH CHO CÔNG DÂN CỦA HỌ
2824088831273526438-483	2824088831273526438.wav	SSL/download/paper_benchmark/fleurs/audio/2824088831273526438.wav	tuy nhiên do các kênh liên lạc chậm trễ phong cách ở phía tây có thể bị tụt lại từ 25 đến 30 năm	TUY NHIÊN DO CÁC KÊNH LIÊN LẠC CHẬM TRỄ PHONG CÁCH Ở PHÍA TÂY CÓ THỂ BỊ TRỤ LẠI TỪ HAI MƯƠI LĂM ĐẾN BA MƯƠI NĂM	TUY NHIÊN DO CÁC KÊNH LIÊN LẠC CHẬM TRỄ PHONG CÁCH Ở PHÍA TÂY CÓ THỂ BỊ TỤT LẠI TỪ 25 ĐẾN 30 NĂM
3028241735247464460-491	3028241735247464460.wav	SSL/download/paper_benchmark/fleurs/audio/3028241735247464460.wav	đến năm 1976 ba mươi phần trăm của machu picchu đã được phục hồi và công việc phục hồi vẫn tiếp diễn cho đến ngày nay	ĐẾN NĂM MỘT NGÀN CHÍN TRĂM BẢY MƯƠI SÁU BA MƯƠI PHẦN TRĂM CỦA MARTU BITU ĐÃ ĐƯỢC PHỤC HỒI VÀ CÔNG VIỆC PHỤC HỒI VẪN TIẾP DIỄN CHO ĐẾN NGÀY NAY	ĐẾN NĂM 1976 BA MƯƠI PHẦN TRĂM CỦA MACHU PICCHU ĐÃ ĐƯỢC PHỤC HỒI VÀ CÔNG VIỆC PHỤC HỒI VẪN TIẾP DIỄN CHO ĐẾN NGÀY NAY
315968779387989758-499	315968779387989758.wav	SSL/download/paper_benchmark/fleurs/audio/315968779387989758.wav	máy tính asus eee được ra mắt trên toàn thế giới trước đó với các yếu tố tiết kiệm chi phí và tính năng trở thành chủ đề nóng trong năm 2007 tại tháng cntt đài bắc	MÁY TÍNH AS IN ĐƯỢC RA MẮT TRÊN TOÀN THẾ GIỚI TRƯỚC ĐÓ VỚI CÁC YẾU TỐ TIẾT KIỆM CHI PHÍ VÀ TÍNH NĂNG TRỞ THÀNH CHỦ ĐỀ NÓNG TRONG NĂM HAI KHÔNG BẢY TẠI THÁNG CÔNG NGHỆ THÔNG TIN ĐÀI BẮC	MÁY TÍNH ASUS EEE ĐƯỢC RA MẮT TRÊN TOÀN THẾ GIỚI TRƯỚC ĐÓ VỚI CÁC YẾU TỐ TIẾT KIỆM CHI PHÍ VÀ TÍNH NĂNG TRỞ THÀNH CHỦ ĐỀ NÓNG TRONG NĂM 2007 TẠI THÁNG CNTT ĐÀI BẮC
3329507737992008242-507	3329507737992008242.wav	SSL/download/paper_benchmark/fleurs/audio/3329507737992008242.wav	mặc dù goma vẫn trong giới hạn an toàn cho phép mọi chuyến ghé thăm từ bên ngoài thành phố này vẫn cần được nghiên cứu kỹ lưỡng để tìm hiểu về tình trạng chiến đấu hiện đang tồn tại ở tỉnh bắc kivu này	MẶC DÙ RÔ MA VẪN TRONG GIỚI HẠN AN TOÀN CHO PHÉP MỌI CHUYẾN GHÉ THĂM TỪ BÊN NGOÀI THÀNH PHỐ NÀY VẪN CẦN ĐƯỢC NGHIÊN CỨU KỸ LƯỠNG ĐỂ TÌM HIỂU VỀ TÌNH TRẠNG CHIẾN ĐẤU HIỆN ĐANG TỒN TẠI Ở TỈNH BẮC KIVU NÀY	MẶC DÙ GOMA VẪN TRONG GIỚI HẠN AN TOÀN CHO PHÉP MỌI CHUYẾN GHÉ THĂM TỪ BÊN NGOÀI THÀNH PHỐ NÀY VẪN CẦN ĐƯỢC NGHIÊN CỨU KỸ LƯỠNG ĐỂ TÌM HIỂU VỀ TÌNH TRẠNG CHIẾN ĐẤU HIỆN ĐANG TỒN TẠI Ở TỈNH BẮC KIVU NÀY
3554133691873810691-515	3554133691873810691.wav	SSL/download/paper_benchmark/fleurs/audio/3554133691873810691.wav	nói chung có hai lối ứng xử có thể xuất hiện khi nhà quản lý bắt đầu lãnh đạo các đồng nghiệp cũ lối thứ nhất là cố gắng duy trì quan hệ thân thiết	NÓI CHUNG CÓ HAI LỐI ĐỐI XỬ CÓ THỂ XUẤT HIỆN KHI NHÀ QUẢN LÝ BẮT ĐẦU LÃNH ĐẠO CÁC ĐỒNG NGHIỆP CŨ THỨ NHẤT LÀ CỐ GẮNG DUY TRÌ QUAN HỆ THIẾT	NÓI CHUNG CÓ HAI LỐI ỨNG XỬ CÓ THỂ XUẤT HIỆN KHI NHÀ QUẢN LÝ BẮT ĐẦU LÃNH ĐẠO CÁC ĐỒNG NGHIỆP CŨ LỐI THỨ NHẤT LÀ CỐ GẮNG DUY TRÌ QUAN HỆ THÂN THIẾT
3643792461020452045-523	3643792461020452045.wav	SSL/download/paper_benchmark/fleurs/audio/3643792461020452045.wav	thống đốc bang california arnold schwarzenegger đã ký thành luật cấm bán hoặc cho thuê trò chơi video mang tính chất bạo lực	THỐNG ĐỐC BANG CALIFOR ĐÃ KÝ THÀNH LUẬT CẤM BÁN HOẶC CHO THUÊ TRÒ CHƠI VIDEO MANG TÍNH CHẤT BẠO LỰC	THỐNG ĐỐC BANG CALIFORNIA ARNOLD SCHWARZENEGGER ĐÃ KÝ THÀNH LUẬT CẤM BÁN HOẶC CHO THUÊ TRÒ CHƠI VIDEO MANG TÍNH CHẤT BẠO LỰC
3770458745111860265-531	3770458745111860265.wav	SSL/download/paper_benchmark/fleurs/audio/3770458745111860265.wav	các chính sách huỷ có khác nhau tuy nhiên tính đến cuối tháng 3 hầu hết các chính sách huỷ do vi-rút corona đều không cho phép gia hạn đến tháng 7 năm 2020 - thời điểm diễn ra thế vận hội theo kế hoạch	CÁC CHÍNH SÁCH HỦY CÓ KHÁC NHAU TUY NHIÊN TÍNH TỚI CUỐI THÁNG BA HẦU HẾT CÁC CHÍNH SÁCH HỦY DO VIRUS CORONA ĐỀU KHÔNG CHO PHÉP GIA HẠN ĐẾN THÁNG BẢY NĂM HAI NGÀN KHÔNG TRĂM HAI MƯƠI THỜI ĐIỂM DIỄN RA THẾ VẬN HỘI THEO KẾ HOẠCH	CÁC CHÍNH SÁCH HUỶ CÓ KHÁC NHAU TUY NHIÊN TÍNH ĐẾN CUỐI THÁNG 3 HẦU HẾT CÁC CHÍNH SÁCH HUỶ DO VI RÚT CORONA ĐỀU KHÔNG CHO PHÉP GIA HẠN ĐẾN THÁNG 7 NĂM 2020 THỜI ĐIỂM DIỄN RA THẾ VẬN HỘI THEO KẾ HOẠCH
3871112945104721129-539	3871112945104721129.wav	SSL/download/paper_benchmark/fleurs/audio/3871112945104721129.wav	đây là một cơ hội tốt để ngắm nhìn hiện tượng cực quang vì bầu trời sẽ ít nhiều tối hơn trong cả ngày	ĐÂY LÀ MỘT CƠ HỘI TỐT ĐỂ NGẮM NHÌN HIỆN TƯỢNG CỰC VÌ BẦU TRỜI SẼ ÍT NHIỀU TỐI HƠN TRONG CẢ NGÀY	ĐÂY LÀ MỘT CƠ HỘI TỐT ĐỂ NGẮM NHÌN HIỆN TƯỢNG CỰC QUANG VÌ BẦU TRỜI SẼ ÍT NHIỀU TỐI HƠN TRONG CẢ NGÀY
397388263370720788-547	397388263370720788.wav	SSL/download/paper_benchmark/fleurs/audio/397388263370720788.wav	trong thập niên 1920 quan điểm phổ biến của hầu hết mọi công dân và quốc gia là theo khuynh hướng của chủ nghĩa hòa bình và cô lập	TRONG THẬP NIÊN MỘT NGÀN CHÍN TRĂM HAI MƯƠI QUAN ĐIỂM PHỔ BIẾN CỦA HẦU HẾT MỌI CÔNG DÂN VÀ QUỐC GIA LÀ THEO KHUYNH HƯỚNG CỦA CHỦ NGHĨA HÒA BÌNH VÀ CÔ LẬP	TRONG THẬP NIÊN 1920 QUAN ĐIỂM PHỔ BIẾN CỦA HẦU HẾT MỌI CÔNG DÂN VÀ QUỐC GIA LÀ THEO KHUYNH HƯỚNG CỦA CHỦ NGHĨA HÒA BÌNH VÀ CÔ LẬP
4027161558790294685-555	4027161558790294685.wav	SSL/download/paper_benchmark/fleurs/audio/4027161558790294685.wav	cuối chủ nhật tổng thống hoa kỳ donald trump trong một tuyên bố đã gửi thông qua thư ký báo chí thông báo quân đội mỹ sẽ rút quân khỏi syria	CUỐI CHỦ NHẬT TỔNG THỐNG HOA KỲ DONALD TRUMP TRONG MỘT TUYÊN BỐ ĐÃ GỬI THÔNG QUA THƯ KÝ BÁO CHÍ THÔNG BÁO QUÂN ĐỘI MỸ SẼ RÚT QUÂN KHỎI XY	CUỐI CHỦ NHẬT TỔNG THỐNG HOA KỲ DONALD TRUMP TRONG MỘT TUYÊN BỐ ĐÃ GỬI THÔNG QUA THƯ KÝ BÁO CHÍ THÔNG BÁO QUÂN ĐỘI MỸ SẼ RÚT QUÂN KHỎI SYRIA
4095008396928444401-563	4095008396928444401.wav	SSL/download/paper_benchmark/fleurs/audio/4095008396928444401.wav	nếu bạn đã xem bộ phim kho báu quốc gia bạn có thể nghĩ bản đồ kho báu được viết trên mặt sau của bản tuyên ngôn độc lập	NẾU BẠN ĐÃ XEM BỘ PHIM KHO BÁO QUỐC GIA BẠN CÓ THỂ NGHĨ BẢN ĐỒ KHO BÁO ĐƯỢC VIẾT TRÊN MẶT SAU CỦA BẢN TUYÊN ĐỘC LẬP	NẾU BẠN ĐÃ XEM BỘ PHIM KHO BÁU QUỐC GIA BẠN CÓ THỂ NGHĨ BẢN ĐỒ KHO BÁU ĐƯỢC VIẾT TRÊN MẶT SAU CỦA BẢN TUYÊN NGÔN ĐỘC LẬP
4219246322685361571-571	4219246322685361571.wav	SSL/download/paper_benchmark/fleurs/audio/4219246322685361571.wav	nhiều món bánh nướng của đức còn có hạnh nhân quả phỉ và các loại hạt khác bánh càng ngon hơn khi ăn kèm một tách cà phê đậm đà	NHIỀU MÓN NƯỚNG CỦA ĐỨC CÒN CÓ HẠN NHÂN QUẢ PHÌ VÀ CÁC LOẠI HẠT KHÁC BÁNH CÀNG NGON HƠN KHI ĂN KÈM MỘT TÁCH CÀ PHÊ ĐẬM ĐÀ	NHIỀU MÓN BÁNH NƯỚNG CỦA ĐỨC CÒN CÓ HẠNH NHÂN QUẢ PHỈ VÀ CÁC LOẠI HẠT KHÁC BÁNH CÀNG NGON HƠN KHI ĂN KÈM MỘT TÁCH CÀ PHÊ ĐẬM ĐÀ
4368152913429460578-579	4368152913429460578.wav	SSL/download/paper_benchmark/fleurs/audio/4368152913429460578.wav	trong giai đoạn xung đột dành độc lập do phong trào mau tổ chức một cuộc tụ họp hòa bình trong thành phố đã dẫn đến việc lãnh tụ tupua tamasese lealofi iii bị giết chết	TRONG GIAI ĐOẠN XUNG ĐỘT DO PHONG TRÀO TỔ CHỨC MỘT CUỘC TỤ HỌP HÒA BÌNH TRONG THÀNH PHỐ ĐÃ DẪN ĐẾN VIỆC LÃNH TỤ MA XI LE BA BỊ GIẾT CHẾT	TRONG GIAI ĐOẠN XUNG ĐỘT DÀNH ĐỘC LẬP DO PHONG TRÀO MAU TỔ CHỨC MỘT CUỘC TỤ HỌP HÒA BÌNH TRONG THÀNH PHỐ ĐÃ DẪN ĐẾN VIỆC LÃNH TỤ TUPUA TAMASESE LEALOFI III BỊ GIẾT CHẾT
4551708558638431625-587	4551708558638431625.wav	SSL/download/paper_benchmark/fleurs/audio/4551708558638431625.wav	bạn cũng có thể muốn tham khảo lời khuyên của các chính phủ khác ngoài chính phủ của bạn nhưng lời khuyên của họ là dành cho công dân của họ	BẠN CŨNG CÓ THỂ MUỐN THAM KHẢO LỜI KHUYÊN CỦA CÁC CHÍNH PHỦ KHÁC NGOÀI CHÍNH PHỦ CỦA BẠN NHƯNG LỜI KHUYÊN CỦA HỌ LÀ DÀNH CHO CÔNG DÂN CỦA HỌ	BẠN CŨNG CÓ THỂ MUỐN THAM KHẢO LỜI KHUYÊN CỦA CÁC CHÍNH PHỦ KHÁC NGOÀI CHÍNH PHỦ CỦA BẠN NHƯNG LỜI KHUYÊN CỦA HỌ LÀ DÀNH CHO CÔNG DÂN CỦA HỌ
4662580241051498679-595	4662580241051498679.wav	SSL/download/paper_benchmark/fleurs/audio/4662580241051498679.wav	tuyên bố được đưa ra sau khi ông trump có cuộc điện đàm với tổng thống thổ nhĩ kỳ recep tayyip erdoğan	TUYÊN BỐ ĐƯỢC ĐƯA RA SAU KHI ÔNG CÓ CUỘC ĐIỆN ĐÀM VỚI TỔNG THỐNG THỔ NHĨ KỲ REX TAI	TUYÊN BỐ ĐƯỢC ĐƯA RA SAU KHI ÔNG TRUMP CÓ CUỘC ĐIỆN ĐÀM VỚI TỔNG THỐNG THỔ NHĨ KỲ RECEP TAYYIP ERDOĞAN
4826803853630616752-603	4826803853630616752.wav	SSL/download/paper_benchmark/fleurs/audio/4826803853630616752.wav	ngày 15 tháng 8 năm 1940 quân đồng minh mở chiến dịch dragoon xâm chiếm miền nam nước pháp	NGÀY MƯỜI LĂM THÁNG TÁM NĂM MỘT NGÀN CHÍN TRĂM BỐN MƯƠI QUÂN ĐỒNG MINH MỞ CHIẾN DỊCH RARONG XÂM CHIẾM MIỀN NAM NƯỚC PHÁP	NGÀY 15 THÁNG 8 NĂM 1940 QUÂN ĐỒNG MINH MỞ CHIẾN DỊCH DRAGOON XÂM CHIẾM MIỀN NAM NƯỚC PHÁP
4964944306457223638-611	4964944306457223638.wav	SSL/download/paper_benchmark/fleurs/audio/4964944306457223638.wav	cuối cùng có nhiều loài mèo nhỏ gồm cả mèo nuôi trong nhà ăn những con mồi nhỏ có số lượng lớn như côn trùng các loài gặm nhấm thằn lằn và chim	CUỐI CÙNG CÓ NHIỀU LOÀI MÈO NHỎ GỒM CÁ MÈO NUÔI TRONG NHÀ ĂN NHỮNG CON MỒI NHỎ CÓ SỐ LƯỢNG LỚN NHƯ CÔN TRÙNG CÁC LOÀI GẪM NHẮM THẰNG LẰNG VÀ CHIM	CUỐI CÙNG CÓ NHIỀU LOÀI MÈO NHỎ GỒM CẢ MÈO NUÔI TRONG NHÀ ĂN NHỮNG CON MỒI NHỎ CÓ SỐ LƯỢNG LỚN NHƯ CÔN TRÙNG CÁC LOÀI GẶM NHẤM THẰN LẰN VÀ CHIM
5080253653527714871-619	5080253653527714871.wav	SSL/download/paper_benchmark/fleurs/audio/5080253653527714871.wav	họ thường cung cấp những thức ăn đồ uống và giải trí đặc biệt để giữ khách hàng thoải mái và giữ họ ở lại	HỌ THƯỜNG CUNG CẤP NHỮNG THỨC ĂN ĐỒ UỐNG VÀ GIẢI TRÍ ĐẶC BIỆT ĐỂ GIỮ KHÁCH HÀNG THOẢI MÁI VÀ GIỮ HỌ Ở LẠI	HỌ THƯỜNG CUNG CẤP NHỮNG THỨC ĂN ĐỒ UỐNG VÀ GIẢI TRÍ ĐẶC BIỆT ĐỂ GIỮ KHÁCH HÀNG THOẢI MÁI VÀ GIỮ HỌ Ở LẠI
5206702828567462364-627	5206702828567462364.wav	SSL/download/paper_benchmark/fleurs/audio/5206702828567462364.wav	hãy nghĩ hành trình trượt tuyết tương tự như một hành trình đi bộ đường dài	HÃY NGHĨ HÀNH TRÌNH TRƯỢT TUYẾT TƯƠNG TỰ NHƯ MỘT HÀNH TRÌNH ĐI BỘ ĐƯỜNG DÀI	HÃY NGHĨ HÀNH TRÌNH TRƯỢT TUYẾT TƯƠNG TỰ NHƯ MỘT HÀNH TRÌNH ĐI BỘ ĐƯỜNG DÀI
5361893334692211584-635	5361893334692211584.wav	SSL/download/paper_benchmark/fleurs/audio/5361893334692211584.wav	thường bạn luôn nghe tiếng của các du khách và người bán hàng rong câu chuyện về âm thanh và ánh sáng giống như một quyển sách truyện	THƯỜNG BẠN LUÔN NGHE TIẾNG CỦA CÁC DU KHÁCH VÀ NGƯỜI BÁN HÀNG RONG CÂU CHUYỆN VỀ ÂM THANH VÀ ÁNH SÁNG GIỐNG NHƯ MỘT QUYỂN SÁCH TRUYỆN	THƯỜNG BẠN LUÔN NGHE TIẾNG CỦA CÁC DU KHÁCH VÀ NGƯỜI BÁN HÀNG RONG CÂU CHUYỆN VỀ ÂM THANH VÀ ÁNH SÁNG GIỐNG NHƯ MỘT QUYỂN SÁCH TRUYỆN
5511848976208206186-643	5511848976208206186.wav	SSL/download/paper_benchmark/fleurs/audio/5511848976208206186.wav	dự kiến cây cầu sẽ hoạt động chính thức vào tháng chín năm 2017 khi các trạm hải quan brazil được hoàn tất theo dự kiến	DỰ KIẾN CÂY CẦU SẼ HOẠT ĐỘNG CHÍNH THỨC VÀO THÁNG CHÍN NĂM HAI NGHÌN KHÔNG TRĂM MƯỜI BẢY KHI CÁC TRẠM HẢI QUAN BRAZIO ĐƯỢC HOÀN TẤT DỰ KIẾN	DỰ KIẾN CÂY CẦU SẼ HOẠT ĐỘNG CHÍNH THỨC VÀO THÁNG CHÍN NĂM 2017 KHI CÁC TRẠM HẢI QUAN BRAZIL ĐƯỢC HOÀN TẤT THEO DỰ KIẾN
5657892329199938143-651	5657892329199938143.wav	SSL/download/paper_benchmark/fleurs/audio/5657892329199938143.wav	đến cuối thời trung cổ tây âu bắt đầu phát triển phong cách của riêng mình kết quả của cuộc thập tự chinh mang đến một trong những phát triển quan trọng nhất vào thời điểm đó là người dân bắt đầu sử dụng nút áo	ĐẾN CUỐI THỜI TRUNG CỔ TÂY ÂU BẮT ĐẦU PHÁT TRIỂN PHONG CÁCH CỦA RIÊNG MÌNH KẾT QUẢ CỦA CUỘC TẬP TỰ TRINH MANG ĐẾN MỘT TRONG NHỮNG PHÁT TRIỂN QUAN TRỌNG NHẤT VÀO THỜI ĐIỂM ĐÓ LÀ NGƯỜI DÂN BẮT ĐẦU SỬ DỤNG NÚT	ĐẾN CUỐI THỜI TRUNG CỔ TÂY ÂU BẮT ĐẦU PHÁT TRIỂN PHONG CÁCH CỦA RIÊNG MÌNH KẾT QUẢ CỦA CUỘC THẬP TỰ CHINH MANG ĐẾN MỘT TRONG NHỮNG PHÁT TRIỂN QUAN TRỌNG NHẤT VÀO THỜI ĐIỂM ĐÓ LÀ NGƯỜI DÂN BẮT ĐẦU SỬ DỤNG NÚT ÁO
5866642086143290144-659	5866642086143290144.wav	SSL/download/paper_benchmark/fleurs/audio/5866642086143290144.wav	trên những hòn đảo xa xôi thẻ tín dụng có khả năng sẽ không được chấp nhận mặc dù tiền anh hoặc tiền mỹ có thể được hãy kiểm tra với chủ trước để biết phương thức thanh toán nào được chấp nhận	TRÊN NHỮNG HÒN ĐẢO XA XÔI THẺ TÍN DỤNG CÓ KHẢ NĂNG SẼ KHÔNG ĐƯỢC CHẤP NHẬN MẶC DÙ TIỀN ANH HOẶC TIỀN MỸ CÓ THỂ ĐƯỢC HÃY KIỂM TRA VỚI CHỦ TRƯỚC ĐỂ BIẾT PHƯƠNG THỨC THANH TOÁN NÀO ĐƯỢC CHẤP NHẬN	TRÊN NHỮNG HÒN ĐẢO XA XÔI THẺ TÍN DỤNG CÓ KHẢ NĂNG SẼ KHÔNG ĐƯỢC CHẤP NHẬN MẶC DÙ TIỀN ANH HOẶC TIỀN MỸ CÓ THỂ ĐƯỢC HÃY KIỂM TRA VỚI CHỦ TRƯỚC ĐỂ BIẾT PHƯƠNG THỨC THANH TOÁN NÀO ĐƯỢC CHẤP NHẬN
5938204963866282239-667	5938204963866282239.wav	SSL/download/paper_benchmark/fleurs/audio/5938204963866282239.wav	bản tin truyền hình cho thấy có khói trắng bốc ra từ nhà máy	BẢN TIN TRUYỀN HÌNH CHO THẤY CÓ KHÓI TRẮNG BỐC RA TỪ NHÀ MÁY	BẢN TIN TRUYỀN HÌNH CHO THẤY CÓ KHÓI TRẮNG BỐC RA TỪ NHÀ MÁY
6082406607561833773-675	6082406607561833773.wav	SSL/download/paper_benchmark/fleurs/audio/6082406607561833773.wav	thường bạn luôn nghe tiếng của các du khách và người bán hàng rong câu chuyện về âm thanh và ánh sáng giống như một quyển sách truyện	THƯỜNG BẠN LUÔN NGHE TIẾNG CỦA CÁC DU KHÁCH VÀ NGƯỜI BÁN HÀNG RONG CÂU CHUYỆN VỀ ÂM THANH VÀ ÁNH SÁNG GIỐNG NHƯ MỘT QUYỂN SÁCH TRUYỆN	THƯỜNG BẠN LUÔN NGHE TIẾNG CỦA CÁC DU KHÁCH VÀ NGƯỜI BÁN HÀNG RONG CÂU CHUYỆN VỀ ÂM THANH VÀ ÁNH SÁNG GIỐNG NHƯ MỘT QUYỂN SÁCH TRUYỆN
6199155605829224385-683	6199155605829224385.wav	SSL/download/paper_benchmark/fleurs/audio/6199155605829224385.wav	thành phần của các tinh thể này khớp với những gì được tìm thấy trong nước tiểu của thú cưng bị mắc bệnh khi so sánh bằng quang phổ hồng ngoại ftir	THÀNH PHẦN CỦA CÁC TINH THỂ NÀY KHỚP VỚI NHỮNG GÌ ĐƯỢC TÌM THẤY TRONG NƯỚC TIỂU CỦA THÚ CƯNG BỊ MẮC BỆNH KHI SO SÁNH PHỔ HỒNG NGOẠI R	THÀNH PHẦN CỦA CÁC TINH THỂ NÀY KHỚP VỚI NHỮNG GÌ ĐƯỢC TÌM THẤY TRONG NƯỚC TIỂU CỦA THÚ CƯNG BỊ MẮC BỆNH KHI SO SÁNH BẰNG QUANG PHỔ HỒNG NGOẠI FTIR
6295493789025372394-691	6295493789025372394.wav	SSL/download/paper_benchmark/fleurs/audio/6295493789025372394.wav	buổi trình diễn âm thanh và ánh sáng trên kim tự tháp là một trong những điều thú vị nhất đối với trẻ nhỏ trong khu vực	BUỔI TRÌNH DIỄN ÂM THANH VÀ ÁNH SÁNG TRÊN KIM TỰ THÁP LÀ MỘT TRONG NHỮNG ĐIỀU THÚ VỊ NHẤT ĐỐI VỚI TRẺ NHỎ TRONG KHU VỰC	BUỔI TRÌNH DIỄN ÂM THANH VÀ ÁNH SÁNG TRÊN KIM TỰ THÁP LÀ MỘT TRONG NHỮNG ĐIỀU THÚ VỊ NHẤT ĐỐI VỚI TRẺ NHỎ TRONG KHU VỰC
6565310023034085855-699	6565310023034085855.wav	SSL/download/paper_benchmark/fleurs/audio/6565310023034085855.wav	một số nguyên tử có hạt nhân không ổn định đồng nghĩa với việc chúng có khuynh hướng vỡ ra với ít hoặc không ảnh hưởng	MỘT SỐ NGUYÊN TỬ CÓ HẠT NHÂN KHÔNG ỔN ĐỊNH ĐỒNG NGHĨA VỚI VIỆC CHÚNG CÓ KHUYNH HƯỚNG RA VỚI ÍT HOẶC KHÔNG ẢNH HƯỞNG	MỘT SỐ NGUYÊN TỬ CÓ HẠT NHÂN KHÔNG ỔN ĐỊNH ĐỒNG NGHĨA VỚI VIỆC CHÚNG CÓ KHUYNH HƯỚNG VỠ RA VỚI ÍT HOẶC KHÔNG ẢNH HƯỞNG
6776156396250922182-707	6776156396250922182.wav	SSL/download/paper_benchmark/fleurs/audio/6776156396250922182.wav	bản báo cáo chỉ trích nặng nề hầu như tất cả mọi khía cạnh trong chính sách hiện hành mà cơ quan hành pháp dành cho iraq và kêu gọi sự chuyển hướng ngay lập tức	BẢN BÁO CÁO CHỈ TRÍCH NẶNG NỀ TRONG CHÍNH SÁCH HIỆN HÀNH MÀ CƠ QUAN HÀNH PHÁP DÀNH CHO I RẮC VÀ KÊU GỌI SỰ CHUYỂN HƯỚNG NGAY LẬP TỨC	BẢN BÁO CÁO CHỈ TRÍCH NẶNG NỀ HẦU NHƯ TẤT CẢ MỌI KHÍA CẠNH TRONG CHÍNH SÁCH HIỆN HÀNH MÀ CƠ QUAN HÀNH PHÁP DÀNH CHO IRAQ VÀ KÊU GỌI SỰ CHUYỂN HƯỚNG NGAY LẬP TỨC
7022646943449956857-715	7022646943449956857.wav	SSL/download/paper_benchmark/fleurs/audio/7022646943449956857.wav	nền văn minh là một nền văn hóa nổi bật được chia sẻ bởi một nhóm người đông đảo sống và làm việc theo tập thể một xã hội	NỀN VĂN MINH LÀ MỘT NỀN VĂN HÓA NỔI BẬT ĐƯỢC CHIA SẺ BỞI MỘT NHÓM NGƯỜI ĐÔNG ĐẢO SỐNG VÀ LÀM VIỆC THEO TẬP THỂ MỘT XÃ HỘI	NỀN VĂN MINH LÀ MỘT NỀN VĂN HÓA NỔI BẬT ĐƯỢC CHIA SẺ BỞI MỘT NHÓM NGƯỜI ĐÔNG ĐẢO SỐNG VÀ LÀM VIỆC THEO TẬP THỂ MỘT XÃ HỘI
7187307849496974356-723	7187307849496974356.wav	SSL/download/paper_benchmark/fleurs/audio/7187307849496974356.wav	thuật ngữ safari được sử dụng phổ biến để chỉ việc du lịch đường bộ để chiêm ngưỡng cuộc sống hoang dã tại châu phi đặc biệt là savanna	THUẬT NGỮ SAY ĐƯỢC SỬ DỤNG PHỔ BIẾN ĐỂ CHỈ VIỆC DU LỊCH ĐƯỜNG BỘ ĐỂ CHIÊM NGƯỠNG CUỘC SỐNG HOANG DÃ TẠI CHÂU PHI ĐẶC BIỆT LÀ SAPA	THUẬT NGỮ SAFARI ĐƯỢC SỬ DỤNG PHỔ BIẾN ĐỂ CHỈ VIỆC DU LỊCH ĐƯỜNG BỘ ĐỂ CHIÊM NGƯỠNG CUỘC SỐNG HOANG DÃ TẠI CHÂU PHI ĐẶC BIỆT LÀ SAVANNA
7457323887295319115-731	7457323887295319115.wav	SSL/download/paper_benchmark/fleurs/audio/7457323887295319115.wav	tương tự như mặt trăng tác động lực hấp dẫn lên trái đất và gây ra thủy triều dải ngân hà cũng tác động lực lên thiên hà nhân mã	TƯƠNG TỰ NHƯ MẶT TRĂNG TÁC ĐỘNG LỰC HẤP DẪN LÊN TRÁI ĐẤT VÀ GÂY RA THỦY TRIỀU DẢI NGÂN HÀ CŨNG TÁC ĐỘNG LỰC LÊN THIÊN HÀ NHÂN MÃ	TƯƠNG TỰ NHƯ MẶT TRĂNG TÁC ĐỘNG LỰC HẤP DẪN LÊN TRÁI ĐẤT VÀ GÂY RA THỦY TRIỀU DẢI NGÂN HÀ CŨNG TÁC ĐỘNG LỰC LÊN THIÊN HÀ NHÂN MÃ
7702082596424665893-739	7702082596424665893.wav	SSL/download/paper_benchmark/fleurs/audio/7702082596424665893.wav	mặt khác băng và tuyết là hiện tượng bình thường ở nhiều nước và quanh năm giao thông gần như không bị gián đoạn	MẶT KHÁC BĂNG VÀ TUYẾT LÀ HIỆN TƯỢNG BÌNH THƯỜNG Ở NHIỀU NƯỚC VÀ QUANH NĂM GIAO THÔNG GẦN NHƯ KHÔNG BỊ GIÁN ĐOẠN	MẶT KHÁC BĂNG VÀ TUYẾT LÀ HIỆN TƯỢNG BÌNH THƯỜNG Ở NHIỀU NƯỚC VÀ QUANH NĂM GIAO THÔNG GẦN NHƯ KHÔNG BỊ GIÁN ĐOẠN
7787612048177189380-747	7787612048177189380.wav	SSL/download/paper_benchmark/fleurs/audio/7787612048177189380.wav	loài người đã biết đến các nguyên tố hoá học cơ bản như vàng bạc và đồng từ thời cổ đại bởi tất cả các nguyên tố đó đều có thể được phát hiện trong tự nhiên ở dạng nguyên thể và tương đối dễ khai thác bằng các công cụ nguyên thuỷ	LOÀI NGƯỜI ĐÃ BIẾT ĐẾN CÁC NGUYÊN TỐ HÓA HỌC CƠ BẢN NHƯ VÀNG BẠC VÀ ĐỒNG TỪ THỜI CỔ ĐẠI BỞI TẤT CẢ CÁC NGUYÊN TỐ ĐÓ ĐỀU CÓ THỂ ĐƯỢC PHÁT HIỆN TRONG TỰ NHIÊN Ở DẠNG NGUYÊN THỂ VÀ TƯƠNG ĐỐI DỄ KHAI THÁC BẰNG CÁC CÔNG CỤ NGUYÊN THỦY	LOÀI NGƯỜI ĐÃ BIẾT ĐẾN CÁC NGUYÊN TỐ HOÁ HỌC CƠ BẢN NHƯ VÀNG BẠC VÀ ĐỒNG TỪ THỜI CỔ ĐẠI BỞI TẤT CẢ CÁC NGUYÊN TỐ ĐÓ ĐỀU CÓ THỂ ĐƯỢC PHÁT HIỆN TRONG TỰ NHIÊN Ở DẠNG NGUYÊN THỂ VÀ TƯƠNG ĐỐI DỄ KHAI THÁC BẰNG CÁC CÔNG CỤ NGUYÊN THUỶ
7908941187629424156-755	7908941187629424156.wav	SSL/download/paper_benchmark/fleurs/audio/7908941187629424156.wav	phần lan là một điểm đến tuyệt vời cho người yêu thuyền vùng đất ngàn hồ cũng có hàng ngàn hòn đảo nằm bên trong hồ và các quần đảo ven biển	PHẦN LAN LÀ MỘT ĐIỂM ĐẾN TUYỆT VỜI CHO NGƯỜI YÊU THUYỀN VÙNG ĐẤT NGÀN HỒ CŨNG CÓ HÀNG NGÀN HÒN ĐẢO NẰM BÊN TRONG HỒ VÀ CÁC QUẦN ĐẢO VEN BIỂN	PHẦN LAN LÀ MỘT ĐIỂM ĐẾN TUYỆT VỜI CHO NGƯỜI YÊU THUYỀN VÙNG ĐẤT NGÀN HỒ CŨNG CÓ HÀNG NGÀN HÒN ĐẢO NẰM BÊN TRONG HỒ VÀ CÁC QUẦN ĐẢO VEN BIỂN
8105072222790912888-763	8105072222790912888.wav	SSL/download/paper_benchmark/fleurs/audio/8105072222790912888.wav	chấp nhận là quan điểm của aristotle về tất cả mọi vấn đề liên quan đến khoa học kể cả tâm lý học	CHẤP NHẬN LÀ QUAN ĐIỂM CỦA ARISON VỀ TẤT CẢ MỌI VẤN ĐỀ LIÊN QUAN ĐẾN KHOA HỌC KỂ CẢ TÂM LÝ HỌC	CHẤP NHẬN LÀ QUAN ĐIỂM CỦA ARISTOTLE VỀ TẤT CẢ MỌI VẤN ĐỀ LIÊN QUAN ĐẾN KHOA HỌC KỂ CẢ TÂM LÝ HỌC
8205558478220091111-771	8205558478220091111.wav	SSL/download/paper_benchmark/fleurs/audio/8205558478220091111.wav	trong khi một vắc-xin thử nghiệm có vẻ như có khả năng làm giảm tỷ lệ tử vong do ebola cho tới nay chưa có loại thuốc nào được chứng minh rõ ràng là phù hợp cho việc điều trị căn bệnh lây nhiễm này	TRONG KHI MỘT VẮC XIN THỬ NGHIỆM CÓ VẺ NHƯ CÓ KHẢ NĂNG LÀM GIẢM TỶ LỆ TỬ VONG DOLA CHO TỚI NAY CHƯA CÓ LOẠI THUỐC NÀO ĐƯỢC CHỨNG MINH RÕ RÀNG LÀ PHÙ HỢP CHO VIỆC ĐIỀU TRỊ CĂN BỆNH LÂY NHIỄM NÀY	TRONG KHI MỘT VẮC XIN THỬ NGHIỆM CÓ VẺ NHƯ CÓ KHẢ NĂNG LÀM GIẢM TỶ LỆ TỬ VONG DO EBOLA CHO TỚI NAY CHƯA CÓ LOẠI THUỐC NÀO ĐƯỢC CHỨNG MINH RÕ RÀNG LÀ PHÙ HỢP CHO VIỆC ĐIỀU TRỊ CĂN BỆNH LÂY NHIỄM NÀY
8357372565606003648-779	8357372565606003648.wav	SSL/download/paper_benchmark/fleurs/audio/8357372565606003648.wav	tam quốc là một trong những kỷ nguyên đẫm máu nhất trong lịch sử trung hoa cổ đại hàng ngàn người đã chết chỉ để tranh ngồi vào ngai vàng trong đại điện ở thành tây an	TAM QUỐC LÀ MỘT TRONG NHỮNG KỶ NGUYÊN ĐẪM MÁU NHẤT TRONG LỊCH SỬ TRUNG HOA CỔ ĐẠI HÀNG NGÀN NGƯỜI ĐÃ CHẾT CHỈ ĐỂ TRANH NGÒI VÀO NGA VÀNG TRONG ĐẠI ĐIỆN Ở THÀNH TÂY AN	TAM QUỐC LÀ MỘT TRONG NHỮNG KỶ NGUYÊN ĐẪM MÁU NHẤT TRONG LỊCH SỬ TRUNG HOA CỔ ĐẠI HÀNG NGÀN NGƯỜI ĐÃ CHẾT CHỈ ĐỂ TRANH NGỒI VÀO NGAI VÀNG TRONG ĐẠI ĐIỆN Ở THÀNH TÂY AN
8500040119860042473-787	8500040119860042473.wav	SSL/download/paper_benchmark/fleurs/audio/8500040119860042473.wav	bầy gồm có một đến ba con đực trưởng thành có họ hàng với nhau cùng với khoảng ba mươi con cái và các con con	BÀY GỒM CÓ MỘT ĐẾN BA CON ĐỰC TRƯỞNG THÀNH CÓ HỌ HÀNG VỚI NHAU CÙNG VỚI KHOẢNG BA MƯƠI CON CÁI VÀ CÁC CON	BẦY GỒM CÓ MỘT ĐẾN BA CON ĐỰC TRƯỞNG THÀNH CÓ HỌ HÀNG VỚI NHAU CÙNG VỚI KHOẢNG BA MƯƠI CON CÁI VÀ CÁC CON CON
8688178107944890552-795	8688178107944890552.wav	SSL/download/paper_benchmark/fleurs/audio/8688178107944890552.wav	đám cháy do các tù nhân gây ra trong sân trong khoảng 10:00 - 11:00 đêm theo giờ mdt	ĐÁM CHÁY DO CÁC TÙ NHÂN GÂY RA TRONG SÂN TRONG KHOẢNG MƯỜI GIỜ ĐẾN MƯỜI MỘT GIỜ ĐÊM THEO GIỜ M Đ T	ĐÁM CHÁY DO CÁC TÙ NHÂN GÂY RA TRONG SÂN TRONG KHOẢNG 10:00 11:00 ĐÊM THEO GIỜ MDT
8786178650596426660-803	8786178650596426660.wav	SSL/download/paper_benchmark/fleurs/audio/8786178650596426660.wav	trong cuộc chiến tranh cách mạng lúc đầu mười ba tiểu bang thành lập một chính quyền trung ương lỏng lẻo chỉ có quốc hội là thành phần duy nhất chiếu theo các điều lệ liên bang	TRONG CUỘC CHIẾN TRANH CÁCH MẠNG LÚC ĐẦU MƯỜI BA TIỂU BAN THÀNH LẬP MỘT CHÍNH QUYỀN TRUNG ƯƠNG LỎNG LẺO CHỈ CÓ QUỐC HỘI LÀ THÀNH PHẦN DUY NHẤT CHIẾU THEO CÁC ĐIỀU LỆ LIÊN BANG	TRONG CUỘC CHIẾN TRANH CÁCH MẠNG LÚC ĐẦU MƯỜI BA TIỂU BANG THÀNH LẬP MỘT CHÍNH QUYỀN TRUNG ƯƠNG LỎNG LẺO CHỈ CÓ QUỐC HỘI LÀ THÀNH PHẦN DUY NHẤT CHIẾU THEO CÁC ĐIỀU LỆ LIÊN BANG
9051053271815479916-811	9051053271815479916.wav	SSL/download/paper_benchmark/fleurs/audio/9051053271815479916.wav	trẻ em lang thang có thể đã bị ngược đãi tàn nhẫn hoặc bị sang chấn tâm lý trước khi bị bỏ rơi hoặc bỏ trốn	TRẺ EM LAN CÓ THỂ ĐÃ BỊ NGƯỢC ĐÃI TÀN NHẪN HOẶC BỊ SANG CHẤN TÂM LÝ TRƯỚC KHI BỊ BỎ RƠI HOẶC BỎ TRỐN	TRẺ EM LANG THANG CÓ THỂ ĐÃ BỊ NGƯỢC ĐÃI TÀN NHẪN HOẶC BỊ SANG CHẤN TÂM LÝ TRƯỚC KHI BỊ BỎ RƠI HOẶC BỎ TRỐN
9088029412031891891-819	9088029412031891891.wav	SSL/download/paper_benchmark/fleurs/audio/9088029412031891891.wav	trong quần đảo và hồ bạn không nhất thiết phải cần đến thuyền buồm	TRONG QUẦN ĐẢO VÀ HỒ BẠN KHÔNG NHẤT THIẾT PHẢI CẦN ĐẾN THUYỀN	TRONG QUẦN ĐẢO VÀ HỒ BẠN KHÔNG NHẤT THIẾT PHẢI CẦN ĐẾN THUYỀN BUỒM
9256114516512504916-827	9256114516512504916.wav	SSL/download/paper_benchmark/fleurs/audio/9256114516512504916.wav	casablanca là một trong những nơi ít thú vị nhất để mua sắm trên khắp ma-rốc	KASALANK LÀ MỘT TRONG NHỮNG NƠI ÍT THÚ VỊ NHẤT ĐỂ MUA SẮM TRÊN KHẮP	CASABLANCA LÀ MỘT TRONG NHỮNG NƠI ÍT THÚ VỊ NHẤT ĐỂ MUA SẮM TRÊN KHẮP MA RỐC
9372146642901167991-835	9372146642901167991.wav	SSL/download/paper_benchmark/fleurs/audio/9372146642901167991.wav	chân của chúng có vảy và móng vuốt chúng đẻ trứng và đi lại bằng hai chân sau như những con t-rex	CHÂN CỦA CHÚNG CÓ VẢI VÀ MÓNG VỚT CHÚNG ĐẺ TRỨNG VÀ ĐI LẠI BẰNG HAI CHÂN SAU NHƯ NHỮNG CON TE RÉT	CHÂN CỦA CHÚNG CÓ VẢY VÀ MÓNG VUỐT CHÚNG ĐẺ TRỨNG VÀ ĐI LẠI BẰNG HAI CHÂN SAU NHƯ NHỮNG CON T REX
960136088077084171-843	960136088077084171.wav	SSL/download/paper_benchmark/fleurs/audio/960136088077084171.wav	các cầu thủ đập bóng vị trí giữa sachin tendulkar và rahul dravid đã chơi tốt và là cặp đối tác ở đường chạy một trăm	CÁC CẦU THỦ ĐẬP BÓNG VỊ TRÍ GIỮA SACHIN TENDUKA VÀHOU RA VÍT ĐÃ CHƠI TỐT VÀ LÀ CẶP ĐỐI TÁC Ở ĐƯỜNG CHẠY MỘT TRĂM	CÁC CẦU THỦ ĐẬP BÓNG VỊ TRÍ GIỮA SACHIN TENDULKAR VÀ RAHUL DRAVID ĐÃ CHƠI TỐT VÀ LÀ CẶP ĐỐI TÁC Ở ĐƯỜNG CHẠY MỘT TRĂM
9869677277436754793-851	9869677277436754793.wav	SSL/download/paper_benchmark/fleurs/audio/9869677277436754793.wav	dân số của thành phố vatican khoảng 800 người đây là quốc gia độc lập nhỏ nhất trên thế giới và là quốc gia có dân số ít nhất	DÂN SỐ CỦA THÀNH PHỐ VANTICA KHOẢNG TÁM TRĂM NGƯỜI ĐÂY LÀ QUỐC GIA ĐỘC LẬP NHỎ NHẤT TRÊN THẾ GIỚI VÀ LÀ QUỐC GIA CÓ DÂN SỐ ÍT NHẤT	DÂN SỐ CỦA THÀNH PHỐ VATICAN KHOẢNG 800 NGƯỜI ĐÂY LÀ QUỐC GIA ĐỘC LẬP NHỎ NHẤT TRÊN THẾ GIỚI VÀ LÀ QUỐC GIA CÓ DÂN SỐ ÍT NHẤT
1015279164912843543-4	1015279164912843543.wav	SSL/download/paper_benchmark/fleurs/audio/1015279164912843543.wav	châu âu là lục địa tương đối nhỏ nhưng có nhiều quốc gia độc lập thông thường việc đi qua nhiều quốc gia đồng nghĩa với việc phải xin thị thực và xét hộ chiếu nhiều lần	CHÂU ÂU LÀ LỤC ĐỊA TƯƠNG ĐỐI NHỎ NHƯNG CÓ NHIỀU QUỐC GIA ĐỘC LẬP THÔNG THƯỜNG VIỆC ĐI QUA NHIỀU QUỐC GIA ĐỒNG NGHĨA VỚI VIỆC PHẢI XIN THỊ THỰC VÀ XÉT HỘ CHIẾU NHIỀU LẦN	CHÂU ÂU LÀ LỤC ĐỊA TƯƠNG ĐỐI NHỎ NHƯNG CÓ NHIỀU QUỐC GIA ĐỘC LẬP THÔNG THƯỜNG VIỆC ĐI QUA NHIỀU QUỐC GIA ĐỒNG NGHĨA VỚI VIỆC PHẢI XIN THỊ THỰC VÀ XÉT HỘ CHIẾU NHIỀU LẦN
10259306006333604242-12	10259306006333604242.wav	SSL/download/paper_benchmark/fleurs/audio/10259306006333604242.wav	cái này gọi là độ ph của hóa chất bạn có thể tạo ra chất chỉ thị bằng nước ép bắp cải đỏ	CÁI NÀY GỌI LÀ ĐỘ B CỦA HÓA CHẤT BẠN CÓ THỂ TẠO RA CHẤT CHỈ THỊ BẰNG NƯỚC ÉP BẮP CẢI ĐỎ	CÁI NÀY GỌI LÀ ĐỘ PH CỦA HÓA CHẤT BẠN CÓ THỂ TẠO RA CHẤT CHỈ THỊ BẰNG NƯỚC ÉP BẮP CẢI ĐỎ
10449380600207928518-20	10449380600207928518.wav	SSL/download/paper_benchmark/fleurs/audio/10449380600207928518.wav	vương quốc ma-rốc đã xây dựng lại thành phố này giống như daru l-badya và nó được đặt tên là casablanca bởi các thương nhân tây ban nha là những người đã lập các cơ sở giao thương ở đó	VƯƠNG QUỐC MA RỐC ĐÃ XÂY DỰNG LẠI THÀNH PHỐ NÀY GIỐNG NHƯ DARU BA VÀ NÓ ĐƯỢC ĐẶT TÊN LÀ KASA BA LANKA BỞI CÁC THƯƠNG NHÂN TÂY BAN NHA LÀ NHỮNG NGƯỜI ĐÃ LẬP CÁC CƠ SỞ GIAO THƯƠNG Ở ĐÓ	VƯƠNG QUỐC MA RỐC ĐÃ XÂY DỰNG LẠI THÀNH PHỐ NÀY GIỐNG NHƯ DARU L BADYA VÀ NÓ ĐƯỢC ĐẶT TÊN LÀ CASABLANCA BỞI CÁC THƯƠNG NHÂN TÂY BAN NHA LÀ NHỮNG NGƯỜI ĐÃ LẬP CÁC CƠ SỞ GIAO THƯƠNG Ở ĐÓ
10631977326382455765-28	10631977326382455765.wav	SSL/download/paper_benchmark/fleurs/audio/10631977326382455765.wav	cuối chủ nhật tổng thống hoa kỳ donald trump trong một tuyên bố đã gửi thông qua thư ký báo chí thông báo quân đội mỹ sẽ rút quân khỏi syria	CUỐI CHỦ NHẬT TỔNG THỐNG HOA KỲ DONALD TRUMP KHỎI SIZE A	CUỐI CHỦ NHẬT TỔNG THỐNG HOA KỲ DONALD TRUMP TRONG MỘT TUYÊN BỐ ĐÃ GỬI THÔNG QUA THƯ KÝ BÁO CHÍ THÔNG BÁO QUÂN ĐỘI MỸ SẼ RÚT QUÂN KHỎI SYRIA
10751907101173251895-36	10751907101173251895.wav	SSL/download/paper_benchmark/fleurs/audio/10751907101173251895.wav	bề mặt của mặt trăng được tạo nên bởi đá và bụi lớp bên ngoài của mặt trăng được gọi là lớp vỏ	BỀ MẶT CỦA MẶT TRĂNG ĐƯỢC TẠO NÊN BỞI ĐÁ VÀ BỤI LỚP BÊN NGOÀI CỦA MẶT TRĂNG ĐƯỢC GỌI LÀ LỚP VỎ	BỀ MẶT CỦA MẶT TRĂNG ĐƯỢC TẠO NÊN BỞI ĐÁ VÀ BỤI LỚP BÊN NGOÀI CỦA MẶT TRĂNG ĐƯỢC GỌI LÀ LỚP VỎ
10945777525729584175-44	10945777525729584175.wav	SSL/download/paper_benchmark/fleurs/audio/10945777525729584175.wav	ion hydro là proton đã bị loại bỏ electron vì nguyên tử hydro bao gồm một proton và một electron	EOM HAI PRO LÀ PROTENG ĐÃ BỊ LOẠI BỎ ETON THÌ NGUYÊN TỬ HAI PRO BAO GỒM MỘT PROTENG VÀ MỘT ETON	ION HYDRO LÀ PROTON ĐÃ BỊ LOẠI BỎ ELECTRON VÌ NGUYÊN TỬ HYDRO BAO GỒM MỘT PROTON VÀ MỘT ELECTRON
11098060233367360519-52	11098060233367360519.wav	SSL/download/paper_benchmark/fleurs/audio/11098060233367360519.wav	hiển nhiên nếu bạn biết một ngôn ngữ la mã bạn sẽ dễ dàng học tiếng bồ đào nha	HIỂN NHIÊN NẾU BẠN BIẾT MỘT NGÔN NGỮ LA MÃ BẠN SẼ DỄ DÀNG HỌC TIẾNG BỒ ĐÀO NHA	HIỂN NHIÊN NẾU BẠN BIẾT MỘT NGÔN NGỮ LA MÃ BẠN SẼ DỄ DÀNG HỌC TIẾNG BỒ ĐÀO NHA
11230248186415430036-60	11230248186415430036.wav	SSL/download/paper_benchmark/fleurs/audio/11230248186415430036.wav	mạng internet kết hợp những yếu tố của cả giao tiếp cộng đồng và giao tiếp cá nhân	MẠNG INTERNET KẾT HỢP NHỮNG YẾU TỐ CỦA CẢ GIAO TIẾP CỘNG ĐỒNG VÀ GIAO TIẾP CÁ NHÂN	MẠNG INTERNET KẾT HỢP NHỮNG YẾU TỐ CỦA CẢ GIAO TIẾP CỘNG ĐỒNG VÀ GIAO TIẾP CÁ NHÂN
11421402177781552960-68	11421402177781552960.wav	SSL/download/paper_benchmark/fleurs/audio/11421402177781552960.wav	trong cuộc chiến tranh cách mạng lúc đầu mười ba tiểu bang thành lập một chính quyền trung ương lỏng lẻo chỉ có quốc hội là thành phần duy nhất chiếu theo các điều lệ liên bang	TRONG CUỘC CHIẾN TRANH CÁCH MẠNG LÚC ĐẦU MƯỜI BA TIỂU BANG THÀNH LẬP MỘT CHÍNH QUYỀN TRUNG ƯƠNG LỎNG LẺO CHỈ CÓ QUỐC HỘI LÀ THÀNH PHẦN DUY NHẤT CHIẾU THEO CÁC ĐIỀU LỆ LIÊN BANG	TRONG CUỘC CHIẾN TRANH CÁCH MẠNG LÚC ĐẦU MƯỜI BA TIỂU BANG THÀNH LẬP MỘT CHÍNH QUYỀN TRUNG ƯƠNG LỎNG LẺO CHỈ CÓ QUỐC HỘI LÀ THÀNH PHẦN DUY NHẤT CHIẾU THEO CÁC ĐIỀU LỆ LIÊN BANG
11550947945546712731-76	11550947945546712731.wav	SSL/download/paper_benchmark/fleurs/audio/11550947945546712731.wav	nếu muốn ở gần khu vực diễn ra hoạt động bạn cần phải đến sớm để có được một địa điểm cắm trại gần với dàn âm thanh	NẾU MUỐN Ở GẦN KHU VỰC DIỄN RA HOẠT ĐỘNG BẠN CẦN PHẢI ĐẾN SỚM ĐỂ CÓ ĐƯỢC MỘT ĐỊA ĐIỂM CẮM CHẠY GẦN VỚI DÀN ÂM THANH	NẾU MUỐN Ở GẦN KHU VỰC DIỄN RA HOẠT ĐỘNG BẠN CẦN PHẢI ĐẾN SỚM ĐỂ CÓ ĐƯỢC MỘT ĐỊA ĐIỂM CẮM TRẠI GẦN VỚI DÀN ÂM THANH
1170717595990824282-84	1170717595990824282.wav	SSL/download/paper_benchmark/fleurs/audio/1170717595990824282.wav	anh ta không thể dùng thuốc để giảm đau vì các loại thuốc đó đã bị cấm sử dụng trong thế vận hội	ANH TA KHÔNG THỂ DÙNG THUỐC ĐỂ GIẢM ĐAU VÌ CÁC LOẠI THUỐC ĐÓ ĐÃ BỊ CẤM SỬ DỤNG TRONG THẾ VẬN HỘI	ANH TA KHÔNG THỂ DÙNG THUỐC ĐỂ GIẢM ĐAU VÌ CÁC LOẠI THUỐC ĐÓ ĐÃ BỊ CẤM SỬ DỤNG TRONG THẾ VẬN HỘI
1184420591726507420-92	1184420591726507420.wav	SSL/download/paper_benchmark/fleurs/audio/1184420591726507420.wav	tới 11:35 tối đội cứu hỏa cuối cùng đã dùng nước dập được đám cháy	TỚI MƯỜI MỘT GIỜ BA MƯƠI LĂM TỐI HỎA CUỐI CÙNG ĐÃ DÙNG NƯỚC DẬP ĐƯỢC ĐÁM CHÁY	TỚI 11:35 TỐI ĐỘI CỨU HỎA CUỐI CÙNG ĐÃ DÙNG NƯỚC DẬP ĐƯỢC ĐÁM CHÁY
12028399150700370972-100	12028399150700370972.wav	SSL/download/paper_benchmark/fleurs/audio/12028399150700370972.wav	nhiều món bánh nướng của đức còn có hạnh nhân quả phỉ và các loại hạt khác bánh càng ngon hơn khi ăn kèm một tách cà phê đậm đà	NHIỀU MÓN NƯỚNG CỦA ĐỨC CÒN CÓ HẠNH NHÂN QUẢ PHÌ VÀ CÁC LOẠI HẠT KHÁC BÁNH CÀNG NGON HƠN KHI ĂN KÈM MỘT TÁCH CÀ PHÊ ĐẬM ĐÀ	NHIỀU MÓN BÁNH NƯỚNG CỦA ĐỨC CÒN CÓ HẠNH NHÂN QUẢ PHỈ VÀ CÁC LOẠI HẠT KHÁC BÁNH CÀNG NGON HƠN KHI ĂN KÈM MỘT TÁCH CÀ PHÊ ĐẬM ĐÀ
12173157523480581032-108	12173157523480581032.wav	SSL/download/paper_benchmark/fleurs/audio/12173157523480581032.wav	sô-cô-la nóng tùy vào tiêu chuẩn bỉ nước ép trái cây đắt tiền nhưng tuyệt vời	SÔC LA NÓNG TÙY VÀO TIÊU CHUẨN BỈ NƯỚC ÉP TRÁI CÂY ĐẮT TIỀN NHƯNG TUYỆT VỜI	SÔ CÔ LA NÓNG TÙY VÀO TIÊU CHUẨN BỈ NƯỚC ÉP TRÁI CÂY ĐẮT TIỀN NHƯNG TUYỆT VỜI
12310002883541084788-116	12310002883541084788.wav	SSL/download/paper_benchmark/fleurs/audio/12310002883541084788.wav	trong thời gian làm việc tại bệnh viện liggins bắt đầu điều tra về tình trạng sinh non trong thời gian rảnh	TRONG THỜI GIAN LÀM VIỆC TẠI BỆNH VIỆN LY BẮT ĐẦU ĐIỀU TRA VỀ TÌNH TRẠNG SINH NON TRONG THỜI GIAN RẢNH	TRONG THỜI GIAN LÀM VIỆC TẠI BỆNH VIỆN LIGGINS BẮT ĐẦU ĐIỀU TRA VỀ TÌNH TRẠNG SINH NON TRONG THỜI GIAN RẢNH
12459093079418282603-124	12459093079418282603.wav	SSL/download/paper_benchmark/fleurs/audio/12459093079418282603.wav	năm phút sau khi bắt đầu cuộc trình diễn một cơn gió bắt đầu xuất hiện khoảng một phút sau gió đạt vận tốc 70km/h... sau đó mưa tới với cường độ mạnh và lớn đến nỗi da có cảm giác như bị kim châm sau đó mưa đá xuất hiện mọi người hoảng loạn và la hét và dẫm đạp lên nhau	NĂM PHÚT SAU KHI BẮT ĐẦU CUỘC TRÌNH DIỄN MỘT CƠN GIÓ BẮT ĐẦU XUẤT HIỆN KHOẢNG MỘT PHÚT SAU GIÓ ĐẠT VẬN TỐC BẢY MƯƠI KI LÔ MÉT TRÊN GIỜ SAU ĐÓ MƯA TỚI VỚI CƯỜNG ĐỘ MẠNH VÀ LỚN ĐẾN NỖI DA CÓ CẢM GIÁC NHƯ BỊ KIM SAU ĐÓ MƯA ĐÁ XUẤT HIỆN MỌI NGƯỜI HOẢNG LOẠN VÀ LA HÉT VÀ DẪM ĐẠP LÊN NHAU	NĂM PHÚT SAU KHI BẮT ĐẦU CUỘC TRÌNH DIỄN MỘT CƠN GIÓ BẮT ĐẦU XUẤT HIỆN KHOẢNG MỘT PHÚT SAU GIÓ ĐẠT VẬN TỐC 70KM/H SAU ĐÓ MƯA TỚI VỚI CƯỜNG ĐỘ MẠNH VÀ LỚN ĐẾN NỖI DA CÓ CẢM GIÁC NHƯ BỊ KIM CHÂM SAU ĐÓ MƯA ĐÁ XUẤT HIỆN MỌI NGƯỜI HOẢNG LOẠN VÀ LA HÉT VÀ DẪM ĐẠP LÊN NHAU
12576275102643050505-132	12576275102643050505.wav	SSL/download/paper_benchmark/fleurs/audio/12576275102643050505.wav	cuối cùng có nhiều loài mèo nhỏ gồm cả mèo nuôi trong nhà ăn những con mồi nhỏ có số lượng lớn như côn trùng các loài gặm nhấm thằn lằn và chim	CUỐI CÙNG CÓ NHIỀU LOÀI MÈO NHỎ GỒM CẢ MÈO NUÔI TRONG NHÀ ĂN NHỮNG CON MỒI NHỎ CÓ SỐ LƯỢNG LỚN NHƯ CÔN TRÙNG CÁC LOẠI GẶM NHẮM THẰNG LẰNG VÀ CHIM	CUỐI CÙNG CÓ NHIỀU LOÀI MÈO NHỎ GỒM CẢ MÈO NUÔI TRONG NHÀ ĂN NHỮNG CON MỒI NHỎ CÓ SỐ LƯỢNG LỚN NHƯ CÔN TRÙNG CÁC LOÀI GẶM NHẤM THẰN LẰN VÀ CHIM
12798502384788001776-140	12798502384788001776.wav	SSL/download/paper_benchmark/fleurs/audio/12798502384788001776.wav	dòng xoáy là dòng nước chảy ngược lại từ những con sóng xô vào bãi biển thông thường là ở dải đá ngầm hay nơi tương tự	DÒNG SUỐI LÀ DÒNG NƯỚC CHẢY NGƯỢC LẠI TỪ NHỮNG CON SÓNG XÔ VÀO BÃI BIỂN THÔNG THƯỜNG LÀ Ở DÃY ĐÁ HAY NƠI TƯƠNG TỰ	DÒNG XOÁY LÀ DÒNG NƯỚC CHẢY NGƯỢC LẠI TỪ NHỮNG CON SÓNG XÔ VÀO BÃI BIỂN THÔNG THƯỜNG LÀ Ở DẢI ĐÁ NGẦM HAY NƠI TƯƠNG TỰ
12906191947942246334-148	12906191947942246334.wav	SSL/download/paper_benchmark/fleurs/audio/12906191947942246334.wav	ngày nay con người viết tin nhắn trên màn hình máy tính không bao giờ phải dúng đến gọt bút chì nữa	NGÀY NAY CON NGƯỜI VIẾT TIN NHẮN TRÊN MÀN HÌNH MÁY TÍNH KHÔNG BAO GIỜ PHẢI DÚNG ĐẾN GỌT CHÌ NỮA	NGÀY NAY CON NGƯỜI VIẾT TIN NHẮN TRÊN MÀN HÌNH MÁY TÍNH KHÔNG BAO GIỜ PHẢI DÚNG ĐẾN GỌT BÚT CHÌ NỮA
13096151604584801483-156	13096151604584801483.wav	SSL/download/paper_benchmark/fleurs/audio/13096151604584801483.wav	hãy tỏ thái độ dứt khoát khi từ chối và đừng ngại giữ vững lập trường dù khác biệt văn hóa hay không điều đó cũng không biến sai thành đúng!	HÃY TỎ THÁI ĐỘ DỨT KHOÁT KHI TỪ CHỐI VÀ ĐỪNG NGẠI GIỮ VỮNG LẬP TRƯỜNG DÙ KHÁC BIỆT VĂN HÓA HAY KHÔNG ĐIỀU ĐÓ CŨNG KHÔNG BIẾN SAI THÀNH ĐÚNG	HÃY TỎ THÁI ĐỘ DỨT KHOÁT KHI TỪ CHỐI VÀ ĐỪNG NGẠI GIỮ VỮNG LẬP TRƯỜNG DÙ KHÁC BIỆT VĂN HÓA HAY KHÔNG ĐIỀU ĐÓ CŨNG KHÔNG BIẾN SAI THÀNH ĐÚNG
13320085084138270753-164	13320085084138270753.wav	SSL/download/paper_benchmark/fleurs/audio/13320085084138270753.wav	trẻ em được đưa vào diện chăm sóc thay thế vì nhiều lý do từ không quan tâm đến lạm dụng hay thậm chí cưỡng đoạt	TRẺ EM ĐƯỢC ĐƯA VÀO DIỆN CHĂM SÓC THAY THẾ VÌ NHIỀU LÝ DO TỪ KHÔNG QUAN TÂM ĐẾN LẠM DỤNG HAY THẬM CHÍ ĐOẠT	TRẺ EM ĐƯỢC ĐƯA VÀO DIỆN CHĂM SÓC THAY THẾ VÌ NHIỀU LÝ DO TỪ KHÔNG QUAN TÂM ĐẾN LẠM DỤNG HAY THẬM CHÍ CƯỠNG ĐOẠT
13424941252519646082-172	13424941252519646082.wav	SSL/download/paper_benchmark/fleurs/audio/13424941252519646082.wav	loài người đã biết đến các nguyên tố hoá học cơ bản như vàng bạc và đồng từ thời cổ đại bởi tất cả các nguyên tố đó đều có thể được phát hiện trong tự nhiên ở dạng nguyên thể và tương đối dễ khai thác bằng các công cụ nguyên thuỷ	LOÀI NGƯỜI ĐÃ BIẾT ĐẾN CÁC NGUYÊN TỐ HÓA HỌC CƠ BẢN NHƯ VÀNG BẠC ĐỒNG TỪ THỜI CỔ ĐẠI BỞI TẤT CẢ NGUYÊN TỐ ĐÓ ĐỀU CÓ THỂ PHÁT HIỆN TRONG TỰ NHIÊN Ở DẠNG NGUYÊN THỂ TƯƠNG ĐỐI DỄ KHAI THÁC BẰNG CÁC CÔNG NGHỆ NGUYÊN THỦY	LOÀI NGƯỜI ĐÃ BIẾT ĐẾN CÁC NGUYÊN TỐ HOÁ HỌC CƠ BẢN NHƯ VÀNG BẠC VÀ ĐỒNG TỪ THỜI CỔ ĐẠI BỞI TẤT CẢ CÁC NGUYÊN TỐ ĐÓ ĐỀU CÓ THỂ ĐƯỢC PHÁT HIỆN TRONG TỰ NHIÊN Ở DẠNG NGUYÊN THỂ VÀ TƯƠNG ĐỐI DỄ KHAI THÁC BẰNG CÁC CÔNG CỤ NGUYÊN THUỶ
13622611124808788600-180	13622611124808788600.wav	SSL/download/paper_benchmark/fleurs/audio/13622611124808788600.wav	gió mạnh mưa đá lượng mưa nhiều và cháy rừng là các loại và sự ảnh hưởng của thời tiết khắc nghiệt cũng như bão tố lốc xoáy vòi rồng biển và bão lốc xoáy nhiệt đới	GIÓ MẠNH MƯA ĐÁ LƯỢNG MƯA NHIỀU VÀ CHÁY RỪNG LÀ CÁC LOẠI VÀ SỰ ẢNH HƯỞNG CỦA THỜI TIẾT KHẮC NGHIỆT CŨNG NHƯ BÃO TỐ LỐC XOÁY VÀ BÃO NHIỆT ĐỚI	GIÓ MẠNH MƯA ĐÁ LƯỢNG MƯA NHIỀU VÀ CHÁY RỪNG LÀ CÁC LOẠI VÀ SỰ ẢNH HƯỞNG CỦA THỜI TIẾT KHẮC NGHIỆT CŨNG NHƯ BÃO TỐ LỐC XOÁY VÒI RỒNG BIỂN VÀ BÃO LỐC XOÁY NHIỆT ĐỚI
13769246230074784237-188	13769246230074784237.wav	SSL/download/paper_benchmark/fleurs/audio/13769246230074784237.wav	ông ta cũng tham gia vào việc khắc các loại tiền giấy cho nhiều quốc gia những ví dụ gần đây về công việc của ông ấy bao gồm chân dung thủ tướng trên mặt trước của tờ 5 đô la canada và 100 đô la canada mới	ÔNG TA CŨNG THAM GIA VÀO VIỆC KHẮC CÁC LOẠI TIỀN GIẤY CHO NHIỀU QUỐC GIA NHỮNG VÍ DỤ GẦN ĐÂY VỀ CÔNG VIỆC CỦA ÔNG ẤY BAO GỒM CHÂN DUNG THỦ TƯỚNG TRÊN MẶT TRƯỚC CỦA TỜ NĂM ĐÔ LA VÀ MỘT TRĂM ĐÔ LA MỚI	ÔNG TA CŨNG THAM GIA VÀO VIỆC KHẮC CÁC LOẠI TIỀN GIẤY CHO NHIỀU QUỐC GIA NHỮNG VÍ DỤ GẦN ĐÂY VỀ CÔNG VIỆC CỦA ÔNG ẤY BAO GỒM CHÂN DUNG THỦ TƯỚNG TRÊN MẶT TRƯỚC CỦA TỜ 5 ĐÔ LA CANADA VÀ 100 ĐÔ LA CANADA MỚI
13999967072975318917-196	13999967072975318917.wav	SSL/download/paper_benchmark/fleurs/audio/13999967072975318917.wav	theo kundalini yoga năng lượng kundalini năng lượng giác ngộ được đánh thức thông qua những tư thế yoga các bài tập thở những câu thần chú và sự hình dung	THEO GUNDA LI NĂNG LƯỢNG GUNDA NĂNG LƯỢNG GIÁC NGỘ ĐƯỢC ĐÁNH THỨC THÔNG QUA NHỮNG TƯ THẾ YOGA CÁC BÀI TẬP THỞ NHỮNG CÂU THẦN CHÚ VÀ SỰ HÌNH DUNG	THEO KUNDALINI YOGA NĂNG LƯỢNG KUNDALINI NĂNG LƯỢNG GIÁC NGỘ ĐƯỢC ĐÁNH THỨC THÔNG QUA NHỮNG TƯ THẾ YOGA CÁC BÀI TẬP THỞ NHỮNG CÂU THẦN CHÚ VÀ SỰ HÌNH DUNG
14122232668905635400-204	14122232668905635400.wav	SSL/download/paper_benchmark/fleurs/audio/14122232668905635400.wav	xe buýt scotturb số 403 thường xuyên chạy đến sintra dừng ở cabo da roca	XE BUÝT SỐ BỐN TRĂM LINH BA THƯỜNG XUYÊN CHẠY ĐẾN XINA DỪNG Ở KBODAT	XE BUÝT SCOTTURB SỐ 403 THƯỜNG XUYÊN CHẠY ĐẾN SINTRA DỪNG Ở CABO DA ROCA
1432794796636181577-212	1432794796636181577.wav	SSL/download/paper_benchmark/fleurs/audio/1432794796636181577.wav	chúng ta không biết chắc chắn nhưng có thể nó có lưỡi chẻ thức ăn của nó bao gồm rùa cá lớn những con mosasaur khác và nó thậm chí có thể là thú ăn thịt	CHÚNG TA KHÔNG BIẾT CHẮC CHẮN NHƯNG CÓ THỂ NÓ CÓ LƯỠI TRẺ THỨC ĂN CỦA NÓ BAO GỒM RÙA CÁ LỚN NHỮNG CON MỐT XA XÔ KHÁC VÀ NÓ THẬM CHÍ CÓ THỂ LÀ THÚ ĂN THỊT	CHÚNG TA KHÔNG BIẾT CHẮC CHẮN NHƯNG CÓ THỂ NÓ CÓ LƯỠI CHẺ THỨC ĂN CỦA NÓ BAO GỒM RÙA CÁ LỚN NHỮNG CON MOSASAUR KHÁC VÀ NÓ THẬM CHÍ CÓ THỂ LÀ THÚ ĂN THỊT
14484487968742662476-220	14484487968742662476.wav	SSL/download/paper_benchmark/fleurs/audio/14484487968742662476.wav	mặc dù trí tuệ nhân tạo ai có ý nghĩa rất lớn trong ngành khoa học viễn tưởng ai cũng định hình một nhánh vô cùng quan trọng trong khoa học máy tính xử lý các hành vi có khả năng học tập và nhạy và mô phỏng trí thông minh trong máy móc	MẶC DÙ TRÍ TUỆ NHÂN TẠO A CÓ Ý NGHĨA RẤT LỚN TRONG NGÀNH KHOA HỌC VIỄN TƯỞNG I CŨNG ĐỊNH HÌNH MỘT NHÁNH VÔ CÙNG QUAN TRỌNG TRONG KHOA HỌC MÁY TÍNH XỬ LÝ CÁC HÀNH VI CÓ KHẢ NĂNG HỌC TẬP VÀ NHẠY VÀ MÔ PHỎNG TRÍ THÔNG MINH TRONG MÁY MÓC	MẶC DÙ TRÍ TUỆ NHÂN TẠO AI CÓ Ý NGHĨA RẤT LỚN TRONG NGÀNH KHOA HỌC VIỄN TƯỞNG AI CŨNG ĐỊNH HÌNH MỘT NHÁNH VÔ CÙNG QUAN TRỌNG TRONG KHOA HỌC MÁY TÍNH XỬ LÝ CÁC HÀNH VI CÓ KHẢ NĂNG HỌC TẬP VÀ NHẠY VÀ MÔ PHỎNG TRÍ THÔNG MINH TRONG MÁY MÓC
1458760945721625996-228	1458760945721625996.wav	SSL/download/paper_benchmark/fleurs/audio/1458760945721625996.wav	tất nhiên truyền thống này được lý giải theo thần học kitô giáo tuy nhiên đây cũng có thể là một nghi lễ mùa xuân tiền kitô giáo và phồn thực	TẤT NHIÊN TRUYỀN THỐNG NÀY ĐƯỢC LÝ GIẢI THEO PHẦN HỌC KI TÔ GIÁO TUY NHIÊN ĐÂY CŨNG CÓ THỂ LÀ MỘT NGHI LỄ MÙA XUÂN TIỀN KI TÔ GIÁO VÀ PHỒN THỰC	TẤT NHIÊN TRUYỀN THỐNG NÀY ĐƯỢC LÝ GIẢI THEO THẦN HỌC KITÔ GIÁO TUY NHIÊN ĐÂY CŨNG CÓ THỂ LÀ MỘT NGHI LỄ MÙA XUÂN TIỀN KITÔ GIÁO VÀ PHỒN THỰC
14677071823455342761-236	14677071823455342761.wav	SSL/download/paper_benchmark/fleurs/audio/14677071823455342761.wav	một số nguyên tử có hạt nhân không ổn định đồng nghĩa với việc chúng có khuynh hướng vỡ ra với ít hoặc không ảnh hưởng	MỘT SỐ NGUYÊN TỬ CÓ HẠT NHÂN KHÔNG ỔN ĐỊNH ĐỒNG NGHĨA VỚI VIỆC CHÚNG CÓ KHUYNH HƯỚNG RA VẾT HOẶC KHÔNG ẢNH HƯỞNG	MỘT SỐ NGUYÊN TỬ CÓ HẠT NHÂN KHÔNG ỔN ĐỊNH ĐỒNG NGHĨA VỚI VIỆC CHÚNG CÓ KHUYNH HƯỚNG VỠ RA VỚI ÍT HOẶC KHÔNG ẢNH HƯỞNG
14861757820765191415-244	14861757820765191415.wav	SSL/download/paper_benchmark/fleurs/audio/14861757820765191415.wav	tuy vậy hãy làm theo khuyến cáo của chính quyền tuân thủ tất cả các biển báo và chú ý đến các cảnh báo an toàn	TUY VẬY HÃY LÀM THEO KHUYẾN CÁO CỦA CHÍNH QUYỀN TUÂN THỦ TẤT CẢ CÁC BIỂN BÁO VÀ CHÚ Ý ĐẾN CÁC CẢNH BÁO	TUY VẬY HÃY LÀM THEO KHUYẾN CÁO CỦA CHÍNH QUYỀN TUÂN THỦ TẤT CẢ CÁC BIỂN BÁO VÀ CHÚ Ý ĐẾN CÁC CẢNH BÁO AN TOÀN
15056388805115058855-252	15056388805115058855.wav	SSL/download/paper_benchmark/fleurs/audio/15056388805115058855.wav	bệnh đa xơ cứng ảnh hưởng hệ thần kinh trung ương được tạo thành từ bộ não tủy sống và dây thần kinh thị giác	BỆNH ĐA XƠ CỨNG ẢNH HƯỞNG ĐẾN HỆ THẦN KINH TRUNG ƯƠNG ĐƯỢC TẠO THÀNH TỪ BỘ NÃO TỦY SỐNG VÀ DÂY THẦN KINH THỊ GIÁC	BỆNH ĐA XƠ CỨNG ẢNH HƯỞNG HỆ THẦN KINH TRUNG ƯƠNG ĐƯỢC TẠO THÀNH TỪ BỘ NÃO TỦY SỐNG VÀ DÂY THẦN KINH THỊ GIÁC
15135508090217618875-260	15135508090217618875.wav	SSL/download/paper_benchmark/fleurs/audio/15135508090217618875.wav	theo báo cáo của các nhà nghiên cứu thuộc đại học princeton hoa kỳ và đại học uppsala thụy điển các loài mới tiến hoá chỉ trong hai thế hệ mặc dù quá trình này được cho là mất nhiều thời gian hơn do sự kết hợp giữa loài chim sẻ darwin giống chim geospiza và loài chim di cư geospiza	THEO BÁO CÁO CỦA CÁC NHÀ NGHIÊN CỨU THUỘC ĐẠI HỌC HINSTON HOA KỲ VÀ ĐẠI HỌCSALA THỤY ĐIỂN CÁC LOÀI MỚI TIẾN HÓA CHỈ TRONG HAI THẾ HỆ MẶC DÙ QUÁ TRÌNH NÀY ĐƯỢC CHO LÀ MẤT NHIỀU THỜI GIAN HƠN DO SỰ KẾT HỢP GIỮA LOÀI CHIM SẺOVIN GIỐNG CHIM GEL VÀ LOÀI CHIM DI CƯA	THEO BÁO CÁO CỦA CÁC NHÀ NGHIÊN CỨU THUỘC ĐẠI HỌC PRINCETON HOA KỲ VÀ ĐẠI HỌC UPPSALA THỤY ĐIỂN CÁC LOÀI MỚI TIẾN HOÁ CHỈ TRONG HAI THẾ HỆ MẶC DÙ QUÁ TRÌNH NÀY ĐƯỢC CHO LÀ MẤT NHIỀU THỜI GIAN HƠN DO SỰ KẾT HỢP GIỮA LOÀI CHIM SẺ DARWIN GIỐNG CHIM GEOSPIZA VÀ LOÀI CHIM DI CƯ GEOSPIZA
15296368771308980855-268	15296368771308980855.wav	SSL/download/paper_benchmark/fleurs/audio/15296368771308980855.wav	anh ta không thể dùng thuốc để giảm đau vì các loại thuốc đó đã bị cấm sử dụng trong thế vận hội	ANH TA KHÔNG THỂ DÙNG THUỐC ĐỂ GIẢM ĐAU VÌ CÁC LOẠI THUỐC ĐÓ ĐÃ BỊ CẤM SỬ DỤNG TRONG THẾ VẬN HỘI	ANH TA KHÔNG THỂ DÙNG THUỐC ĐỂ GIẢM ĐAU VÌ CÁC LOẠI THUỐC ĐÓ ĐÃ BỊ CẤM SỬ DỤNG TRONG THẾ VẬN HỘI
15416013838627509207-276	15416013838627509207.wav	SSL/download/paper_benchmark/fleurs/audio/15416013838627509207.wav	angel 2006 giải thích phương pháp liên tục là một phương pháp dùng để giúp các tổ chức đạt được mức hiệu năng cao hơn	AL HAI NGÀN KHÔNG TRĂM LINH SÁU GIẢI THÍCH PHƯƠNG PHÁP LIÊN TỤC LÀ MỘT PHƯƠNG PHÁP DÙNG ĐỂ GIÚP CÁC TỔ CHỨC ĐẠT ĐƯỢC MỨC HIỆU NĂNG CAO HƠN	ANGEL 2006 GIẢI THÍCH PHƯƠNG PHÁP LIÊN TỤC LÀ MỘT PHƯƠNG PHÁP DÙNG ĐỂ GIÚP CÁC TỔ CHỨC ĐẠT ĐƯỢC MỨC HIỆU NĂNG CAO HƠN
15530095470728449244-284	15530095470728449244.wav	SSL/download/paper_benchmark/fleurs/audio/15530095470728449244.wav	trong hai năm kết thúc cuộc chiến các đồng minh trước kia lại là kẻ thù và chiến tranh lạnh bắt đầu	TRONG HAI NĂM KẾT THÚC CUỘC CHIẾN CÁC ĐỒNG MINH TRƯỚC KIA LẠI LÀ KẺ THÙ VÀ CHIẾN TRANH LẠNH BẮT ĐẦU	TRONG HAI NĂM KẾT THÚC CUỘC CHIẾN CÁC ĐỒNG MINH TRƯỚC KIA LẠI LÀ KẺ THÙ VÀ CHIẾN TRANH LẠNH BẮT ĐẦU
15608702637421347637-292	15608702637421347637.wav	SSL/download/paper_benchmark/fleurs/audio/15608702637421347637.wav	vào năm 1990 nó được bổ sung vào danh sách những di sản thế giới đang bị đe dọa do sự xâm lấn của cát sa mạc	VÀO NĂM MỘT NGÀN CHÍN TRĂM CHÍN MƯƠI NÓ ĐƯỢC BỔ SUNG VÀO DANH SÁCH NHỮNG DI SẢN THẾ GIỚI ĐANG BỊ ĐE DỌA DO SỰ XÂM LẤN CỦA CÁC SA MẠC	VÀO NĂM 1990 NÓ ĐƯỢC BỔ SUNG VÀO DANH SÁCH NHỮNG DI SẢN THẾ GIỚI ĐANG BỊ ĐE DỌA DO SỰ XÂM LẤN CỦA CÁT SA MẠC
15681858513189173459-300	15681858513189173459.wav	SSL/download/paper_benchmark/fleurs/audio/15681858513189173459.wav	họ thường cung cấp những thức ăn đồ uống và giải trí đặc biệt để giữ khách hàng thoải mái và giữ họ ở lại	HỌ THƯỜNG CUNG CẤP NHỮNG THỨC ĂN ĐỒ UỐNG VÀ GIẢI TRÍ ĐẶC BIỆT ĐỂ GIỚI KHÁCH HÀNG THOẢI MÁI VÀ GIỮ HỌ Ở LẠI	HỌ THƯỜNG CUNG CẤP NHỮNG THỨC ĂN ĐỒ UỐNG VÀ GIẢI TRÍ ĐẶC BIỆT ĐỂ GIỮ KHÁCH HÀNG THOẢI MÁI VÀ GIỮ HỌ Ở LẠI
15861404609152137250-308	15861404609152137250.wav	SSL/download/paper_benchmark/fleurs/audio/15861404609152137250.wav	chủ nghĩa lãng mạn có một yếu tố lớn về quyết định văn hóa được rút ra từ những tác giả như goethe fichte và schlegel	CHỦ NGHĨA LÃNG MẠN CÓ MỘT YẾU TỐ LỚN VỀ QUYẾT ĐỊNH VĂN HÓA ĐƯỢC RÚT RA TỪ NHỮNG TÁC GIẢ NHƯ GEL FITTER VÀ REUTRO	CHỦ NGHĨA LÃNG MẠN CÓ MỘT YẾU TỐ LỚN VỀ QUYẾT ĐỊNH VĂN HÓA ĐƯỢC RÚT RA TỪ NHỮNG TÁC GIẢ NHƯ GOETHE FICHTE VÀ SCHLEGEL
16061381503277025179-316	16061381503277025179.wav	SSL/download/paper_benchmark/fleurs/audio/16061381503277025179.wav	đây sẽ không phải là từ biệt đây chỉ là kết thúc một chương và mở ra một chương mới	ĐÂY SẼ KHÔNG PHẢI LÀ TỪ BIỆT ĐÂY CHỈ LÀ KẾT THÚC MỘT CHƯƠNG VÀ MỞ RA MỘT CHƯƠNG MỚI	ĐÂY SẼ KHÔNG PHẢI LÀ TỪ BIỆT ĐÂY CHỈ LÀ KẾT THÚC MỘT CHƯƠNG VÀ MỞ RA MỘT CHƯƠNG MỚI
16175998870840673509-324	16175998870840673509.wav	SSL/download/paper_benchmark/fleurs/audio/16175998870840673509.wav	nằm về phía bắc và thuận tiện về giao thông là thị trấn sintra lãng mạn và hấp dẫn nổi tiếng với người nước ngoài sau một bài thơ ca ngợi của lord byron	NẰM VỀ PHÍA BẮC VÀ THUẬN TIỆN VỀ GIAO THÔNG LÀ THỊ TRẤN LÃNG MẠN VÀ HẤP DẪN NỔI TIẾNG VỚI NHỮNG NGƯỜI NƯỚC NGOÀI SAU MỘT BÀI THƠ CA NGỢI CỦA LOION	NẰM VỀ PHÍA BẮC VÀ THUẬN TIỆN VỀ GIAO THÔNG LÀ THỊ TRẤN SINTRA LÃNG MẠN VÀ HẤP DẪN NỔI TIẾNG VỚI NGƯỜI NƯỚC NGOÀI SAU MỘT BÀI THƠ CA NGỢI CỦA LORD BYRON
16358095182918987975-332	16358095182918987975.wav	SSL/download/paper_benchmark/fleurs/audio/16358095182918987975.wav	tuy nhiên do các kênh liên lạc chậm trễ phong cách ở phía tây có thể bị tụt lại từ 25 đến 30 năm	TUY NHIÊN DO CÁC KÊNH LIÊN LẠC CHẬM TRỄ PHONG CÁCH Ở PHÍA TÂY CÓ THỂ BỊ TỤT LẠI TỪ HAI MƯƠI NĂM ĐẾN BA MƯƠI NĂM	TUY NHIÊN DO CÁC KÊNH LIÊN LẠC CHẬM TRỄ PHONG CÁCH Ở PHÍA TÂY CÓ THỂ BỊ TỤT LẠI TỪ 25 ĐẾN 30 NĂM
16565193984347250248-340	16565193984347250248.wav	SSL/download/paper_benchmark/fleurs/audio/16565193984347250248.wav	bishkek được một người quan sát giải thích là rơi vào tình trạng vô chính phủ khi các băng nhóm tràn ra đường và cướp phá các cửa hàng nhu yếu phẩm	BIT KẸP ĐƯỢC MỘT NGƯỜI QUAN SÁT GIẢI THÍCH LÀ RƠI VÀO TÌNH TRẠNG VÔ CHÍNH PHỦ KHI CÁC BĂNG NHÓM TRÀN RA ĐƯỜNG VÀ CƯỚP PHÁ CÁC CỬA HÀNG NHU YẾU PHẨM	BISHKEK ĐƯỢC MỘT NGƯỜI QUAN SÁT GIẢI THÍCH LÀ RƠI VÀO TÌNH TRẠNG VÔ CHÍNH PHỦ KHI CÁC BĂNG NHÓM TRÀN RA ĐƯỜNG VÀ CƯỚP PHÁ CÁC CỬA HÀNG NHU YẾU PHẨM
16803373394408292053-348	16803373394408292053.wav	SSL/download/paper_benchmark/fleurs/audio/16803373394408292053.wav	sự hiện diện của đội vô hình” thực sự larson và lafasto 1989 tr. 109 cũng là thành phần đặc biệt của đội ảo	SỰ HIỆN DIỆN CỦA ĐỘI VÔ HÌNH THỰC SỰ LA SON VÀ LAFTO MỘT NGÀN CHÍN TRĂM TÁM MƯƠI CHÍN TRANG MỘT TRĂM LẺ CHÍN CŨNG LÀ THÀNH PHẦN ĐẶC BIỆT CỦA ĐỘI ẢO	SỰ HIỆN DIỆN CỦA ĐỘI VÔ HÌNH” THỰC SỰ LARSON VÀ LAFASTO 1989 TR 109 CŨNG LÀ THÀNH PHẦN ĐẶC BIỆT CỦA ĐỘI ẢO
16978906239708262703-356	16978906239708262703.wav	SSL/download/paper_benchmark/fleurs/audio/16978906239708262703.wav	thực vật tạo ra thức ăn của chúng từ mặt trời bằng cách quang hợp chúng cũng mang lại bóng râm	THỰC VẬT TẠO RA THỨC ĂN CỦA CHÚNG TỪ MẶT TRỜI BẰNG CÁCH QUANG HỢP CHÚNG CŨNG MANG LẠI BÓNG RĂM	THỰC VẬT TẠO RA THỨC ĂN CỦA CHÚNG TỪ MẶT TRỜI BẰNG CÁCH QUANG HỢP CHÚNG CŨNG MANG LẠI BÓNG RÂM
17176093354561122041-364	17176093354561122041.wav	SSL/download/paper_benchmark/fleurs/audio/17176093354561122041.wav	hai hợp chất này phản ứng với nhau để tạo thành các tinh thể có thể làm cản trở chức năng thận các nhà nghiên cứu tại trường đại học cho biết	HAI HỢP CHẤT NÀY PHẢN ỨNG VỚI NHAU ĐỂ TẠO THÀNH CÁC TINH THỂ CÓ THỂ LÀM CẢN TRỞ CHỨC NĂNG THẬN CÁC NHÀ NGHIÊN CỨU TẠI TRƯỜNG ĐẠI HỌC CHO BIẾT	HAI HỢP CHẤT NÀY PHẢN ỨNG VỚI NHAU ĐỂ TẠO THÀNH CÁC TINH THỂ CÓ THỂ LÀM CẢN TRỞ CHỨC NĂNG THẬN CÁC NHÀ NGHIÊN CỨU TẠI TRƯỜNG ĐẠI HỌC CHO BIẾT
17368603473180736895-372	17368603473180736895.wav	SSL/download/paper_benchmark/fleurs/audio/17368603473180736895.wav	một quả bom đã phát nổ phía bên ngoài văn phòng toàn quyền	MỘT QUẢ BOM ĐÃ PHÁT NỔ PHÍA BÊN NGOÀI VĂN PHÒNG TOÀN QUYỀN	MỘT QUẢ BOM ĐÃ PHÁT NỔ PHÍA BÊN NGOÀI VĂN PHÒNG TOÀN QUYỀN
17465861876927082278-380	17465861876927082278.wav	SSL/download/paper_benchmark/fleurs/audio/17465861876927082278.wav	ottawa là thủ đô song ngữ quyến rũ của canada sở hữu hàng loạt phòng trưng bày nghệ thuật và bảo tàng trưng bày các hiện vật lịch sử và hiện đại của canada	ORTHAA LÀ THỦ ĐÔ SONG NGỮ QUYẾN RŨ CỦA CANADA HÀNG LOẠT PHÒNG TRƯNG BÀY NGHỆ THUẬT VÀ BẢO TÀNG TRƯNG BÀY CÁC HIỆN VẬT LỊCH SỬ VÀ HIỆN ĐẠI CỦA CANADA	OTTAWA LÀ THỦ ĐÔ SONG NGỮ QUYẾN RŨ CỦA CANADA SỞ HỮU HÀNG LOẠT PHÒNG TRƯNG BÀY NGHỆ THUẬT VÀ BẢO TÀNG TRƯNG BÀY CÁC HIỆN VẬT LỊCH SỬ VÀ HIỆN ĐẠI CỦA CANADA
1757237619178005026-388	1757237619178005026.wav	SSL/download/paper_benchmark/fleurs/audio/1757237619178005026.wav	perry tuyên bố ông sẽ quay lại texas để đánh giá kết quả của cuộc họp kín tối nay hầu xác định liệu có con đường nào ở phía trước dành cho tôi trong cuộc đua này hay không nhưng sau đó lại nói ông sẽ tiếp tục cuộc đua và tranh cử trong kỳ bầu cử sơ bộ ngày 21 tháng giêng của bang south carolina	BRI TUYÊN BỐ ÔNG SẼ QUAY LẠI TEXT ĐỂ ĐÁNH GIÁ KẾT QUẢ CỦA CUỘC HỌP KÍN TỐI NAY HẦU XÁC ĐỊNH CÓ CON ĐƯỜNG NÀO Ở PHÍA TRƯỚC DÀNH CHO TÔI TRONG CUỘC ĐUA NÀY HAY KHÔNG NHƯNG SAU ĐÓ LẠI NÓI ÔNG SẼ TIẾP TỤC CUỘC ĐUA VÀ TRANH CỬ TRONG KỲ BẦU CỬ SƠ BỘ NGÀY HAI MỐT THÁNG RIÊNG CỦA BANG SAO CAROLINA	PERRY TUYÊN BỐ ÔNG SẼ QUAY LẠI TEXAS ĐỂ ĐÁNH GIÁ KẾT QUẢ CỦA CUỘC HỌP KÍN TỐI NAY HẦU XÁC ĐỊNH LIỆU CÓ CON ĐƯỜNG NÀO Ở PHÍA TRƯỚC DÀNH CHO TÔI TRONG CUỘC ĐUA NÀY HAY KHÔNG NHƯNG SAU ĐÓ LẠI NÓI ÔNG SẼ TIẾP TỤC CUỘC ĐUA VÀ TRANH CỬ TRONG KỲ BẦU CỬ SƠ BỘ NGÀY 21 THÁNG GIÊNG CỦA BANG SOUTH CAROLINA
17749425486082750495-396	17749425486082750495.wav	SSL/download/paper_benchmark/fleurs/audio/17749425486082750495.wav	vụ rơi trực thăng diễn ra trên địa hình núi cao và được quy cho hỏa lực của quân địch gây ra	VỤ RƠI TRỰC THĂNG DIỄN RA TRÊN ĐỊA HÌNH NÚI CAO VÀ ĐƯỢC QUY CHO HỎA LỰC CỦA QUÂN ĐỊCH GÂY RA	VỤ RƠI TRỰC THĂNG DIỄN RA TRÊN ĐỊA HÌNH NÚI CAO VÀ ĐƯỢC QUY CHO HỎA LỰC CỦA QUÂN ĐỊCH GÂY RA
17878927980614338359-404	17878927980614338359.wav	SSL/download/paper_benchmark/fleurs/audio/17878927980614338359.wav	nó nổi tiếng là tiêu điểm của sự xa hoa bắt đầu từ khoảng năm 400 tcn và kéo dài đến tận khoảng năm 1100 scn	NÓ NỔI TIẾNG LÀ TIÊU ĐIỂM CỦA SỰ XA HOA BẮT ĐẦU TỪ KHOẢNG NĂM BỐN TRĂM TRƯỚC CÔNG NGUYÊN VÀ KÉO DÀI ĐẾN TẬN KHOẢNG NĂM MỘT NGÀN MỘT TRĂM SAU CÔNG NGUYÊN	NÓ NỔI TIẾNG LÀ TIÊU ĐIỂM CỦA SỰ XA HOA BẮT ĐẦU TỪ KHOẢNG NĂM 400 TCN VÀ KÉO DÀI ĐẾN TẬN KHOẢNG NĂM 1100 SCN
18138387246087695121-412	18138387246087695121.wav	SSL/download/paper_benchmark/fleurs/audio/18138387246087695121.wav	nằm trên đỉnh của một trong những ngọn núi ở phía bắc mecca hang động này hoàn toàn tách biệt với phần còn lại của thế giới	NẰM TRÊN ĐỈNH CỦA MỘT TRONG NHỮNG NGỌN NÚI Ở PHÍA BẮC HANG ĐỘNG NÀY HOÀN TOÀN CÁCH BIỆT VỚI PHẦN CÒN LẠI CỦA THẾ GIỚI	NẰM TRÊN ĐỈNH CỦA MỘT TRONG NHỮNG NGỌN NÚI Ở PHÍA BẮC MECCA HANG ĐỘNG NÀY HOÀN TOÀN TÁCH BIỆT VỚI PHẦN CÒN LẠI CỦA THẾ GIỚI
18395368163934622276-420	18395368163934622276.wav	SSL/download/paper_benchmark/fleurs/audio/18395368163934622276.wav	buổi trình diễn âm thanh và ánh sáng trên kim tự tháp là một trong những điều thú vị nhất đối với trẻ nhỏ trong khu vực	BUỔI TRÌNH DIỄN ÂM THANH VÀ ÁNH SÁNG TRÊN KIM TỰ THÁP LÀ MỘT TRONG NHỮNG ĐIỀU THÚ VỊ NHẤT ĐỐI VỚI TRẺ NHỎ TRONG KHU VỰC	BUỔI TRÌNH DIỄN ÂM THANH VÀ ÁNH SÁNG TRÊN KIM TỰ THÁP LÀ MỘT TRONG NHỮNG ĐIỀU THÚ VỊ NHẤT ĐỐI VỚI TRẺ NHỎ TRONG KHU VỰC
1860458161545873716-428	1860458161545873716.wav	SSL/download/paper_benchmark/fleurs/audio/1860458161545873716.wav	thực vật tạo ra thức ăn của chúng từ mặt trời bằng cách quang hợp chúng cũng mang lại bóng râm	THỰC VẬT TẠO RA THỨC ĂN CỦA CHÚNG TỪ MẶT TRỜI BẰNG CÁCH QUANG HỢP CHÚNG CŨNG MANG LẠI BÓNG RĂM	THỰC VẬT TẠO RA THỨC ĂN CỦA CHÚNG TỪ MẶT TRỜI BẰNG CÁCH QUANG HỢP CHÚNG CŨNG MANG LẠI BÓNG RÂM
1973089442182294511-436	1973089442182294511.wav	SSL/download/paper_benchmark/fleurs/audio/1973089442182294511.wav	layton đã đòi hỏi một số thay đổi trong dự luật môi sinh của phe bảo thủ trong cuộc họp với thủ tướng yêu cầu viết lại kỹ lưỡng và hoàn chỉnh dự luật môi sinh của đảng bảo thủ	LÊ TON ĐÃ ĐÒI HỎI MỘT SỐ THAY ĐỔI TRONG DỰ LUẬT MÔI CỦA PHE BẢO THỦ TRONG CUỘC HỌP VỚI THỦ TƯỚNG YÊU CẦU VIẾT LẠI KỸ LƯỠNG VÀ HOÀN CHỈNH DỰ LUẬT MÔI CỦA ĐẢNG BẢO THỦ	LAYTON ĐÃ ĐÒI HỎI MỘT SỐ THAY ĐỔI TRONG DỰ LUẬT MÔI SINH CỦA PHE BẢO THỦ TRONG CUỘC HỌP VỚI THỦ TƯỚNG YÊU CẦU VIẾT LẠI KỸ LƯỠNG VÀ HOÀN CHỈNH DỰ LUẬT MÔI SINH CỦA ĐẢNG BẢO THỦ
204389443934457741-444	204389443934457741.wav	SSL/download/paper_benchmark/fleurs/audio/204389443934457741.wav	martelly đã tuyên thệ trong hội đồng bầu cử lâm thời provisional electoral council cep mới gồm chín thành viên vào ngày hôm qua	MA TA LI ĐÃ TUYÊNỆ TRONG HỘI ĐỒNG BẦU CỬ LÂM THỜI GO VI LÉT GA MỚI GỒM CHÍN THÀNH VIÊN VÀO NGÀY HÔM QUA	MARTELLY ĐÃ TUYÊN THỆ TRONG HỘI ĐỒNG BẦU CỬ LÂM THỜI PROVISIONAL ELECTORAL COUNCIL CEP MỚI GỒM CHÍN THÀNH VIÊN VÀO NGÀY HÔM QUA
2195028439166393482-452	2195028439166393482.wav	SSL/download/paper_benchmark/fleurs/audio/2195028439166393482.wav	ngôn ngữ chính thức của barcelona là tiếng catalan và tiếng tây ban nha khoảng một nửa dân số thích nói tiếng catalan hơn và đại đa số người dân hiểu thứ tiếng này hầu như ai cũng biết tiếng tây ba nha	NGÔN NGỮ CHÍNH THỨC CỦA BARCELONA LÀ TIẾNG KATALAN VÀ TIẾNG TÂY BAN NHA KHOẢNG MỘT NỬA DÂN SỐ THÍCH NÓI TIẾNG KATALAN HƠN VÀ ĐẠI ĐA SỐ NGƯỜI DÂN HIỂU THỨ TIẾNG NÀY HẦU NHƯ AI CŨNG BIẾT TIẾNG TÂY BAN NHA	NGÔN NGỮ CHÍNH THỨC CỦA BARCELONA LÀ TIẾNG CATALAN VÀ TIẾNG TÂY BAN NHA KHOẢNG MỘT NỬA DÂN SỐ THÍCH NÓI TIẾNG CATALAN HƠN VÀ ĐẠI ĐA SỐ NGƯỜI DÂN HIỂU THỨ TIẾNG NÀY HẦU NHƯ AI CŨNG BIẾT TIẾNG TÂY BA NHA
2450109207194763903-460	2450109207194763903.wav	SSL/download/paper_benchmark/fleurs/audio/2450109207194763903.wav	trầm tích này là cần thiết để tạo ra các bãi cát và bãi biển đóng vai trò như môi trường sống của loài hoang dã	TRẦM TÍCH NÀY LÀ CẦN THIẾT ĐỂ TẠO RA CÁC BÃI CÁT VÀ BÃI BIỂN ĐÓNG VAI TRÒ NHƯ MÔI TRƯỜNG SỐNG CỦA LOÀI HOANG DÃ	TRẦM TÍCH NÀY LÀ CẦN THIẾT ĐỂ TẠO RA CÁC BÃI CÁT VÀ BÃI BIỂN ĐÓNG VAI TRÒ NHƯ MÔI TRƯỜNG SỐNG CỦA LOÀI HOANG DÃ
2543376367560280253-468	2543376367560280253.wav	SSL/download/paper_benchmark/fleurs/audio/2543376367560280253.wav	giáo sư pamela ferguson của trường đại học dundee ghi nhận rằng có lẽ các nhà báo thực sự đang đi trên một con đường nguy hiểm khi công khai những hình ảnh v.v. của các nghi phạm	GIÁO SƯMLAN CỦA TRƯỜNG ĐẠI HỌC GUNDE GHI NHẬN RẰNG CÓ LẼ CÁC NHÀ BÁO THỰC SỰ ĐANG ĐI TRÊN MỘT CON ĐƯỜNG NGUY HIỂM KHI CÔNG KHAI NHỮNG HÌNH ẢNH VÂN CỦA CÁC NGHI PHẠM	GIÁO SƯ PAMELA FERGUSON CỦA TRƯỜNG ĐẠI HỌC DUNDEE GHI NHẬN RẰNG CÓ LẼ CÁC NHÀ BÁO THỰC SỰ ĐANG ĐI TRÊN MỘT CON ĐƯỜNG NGUY HIỂM KHI CÔNG KHAI NHỮNG HÌNH ẢNH V V CỦA CÁC NGHI PHẠM
2759412229520559265-476	2759412229520559265.wav	SSL/download/paper_benchmark/fleurs/audio/2759412229520559265.wav	ông ta cũng tham gia vào việc khắc các loại tiền giấy cho nhiều quốc gia những ví dụ gần đây về công việc của ông ấy bao gồm chân dung thủ tướng trên mặt trước của tờ 5 đô la canada và 100 đô la canada mới	ÔNG TA CŨNG THAM GIA VÀO VIỆC KHẮC CÁC LOẠI TIỀN GIẤY CHO NHIỀU QUỐC GIA NHỮNG VÍ DỤ GẦN ĐÂY VỀ CÔNG VIỆC CỦA ÔNG ẤY BAO GỒM CHÂN DUNG THỦ TƯỚNG TRÊN MẶT TRƯỚC CỦA TỜ NĂM ĐÔ LA VÀ MỘT TRĂM ĐÔ LA MỚI	ÔNG TA CŨNG THAM GIA VÀO VIỆC KHẮC CÁC LOẠI TIỀN GIẤY CHO NHIỀU QUỐC GIA NHỮNG VÍ DỤ GẦN ĐÂY VỀ CÔNG VIỆC CỦA ÔNG ẤY BAO GỒM CHÂN DUNG THỦ TƯỚNG TRÊN MẶT TRƯỚC CỦA TỜ 5 ĐÔ LA CANADA VÀ 100 ĐÔ LA CANADA MỚI
2849163284507122036-484	2849163284507122036.wav	SSL/download/paper_benchmark/fleurs/audio/2849163284507122036.wav	độ ẩm trên tay của bạn sẽ phản ứng với các lớp bên ngoài tạo cảm giác là lạ và nặn thành một loại vỏ	ĐỘ ẨM TRÊN TAY CỦA BẠN SẼ PHẢN ỨNG VỚI CÁC LỚP BÊN NGOÀI TẠO CẢM GIÁC LẠ VÀ NẶNG THÀNH MỘT LOẠI VỎ	ĐỘ ẨM TRÊN TAY CỦA BẠN SẼ PHẢN ỨNG VỚI CÁC LỚP BÊN NGOÀI TẠO CẢM GIÁC LÀ LẠ VÀ NẶN THÀNH MỘT LOẠI VỎ
3053784482383754045-492	3053784482383754045.wav	SSL/download/paper_benchmark/fleurs/audio/3053784482383754045.wav	mọi danh từ kế bên từ sie dành cho bạn luôn bắt đầu bằng một chữ viết hoa ngay cả khi ở giữa câu	MỌI DANH TỪ KẾ BÊN TỪ CE DÀNH CHO BẠN LUÔN BẮT ĐẦU BẰNG MỘT CHỮ VIẾT HOA NGAY CẢ KHI Ở GIỮA CÔNG	MỌI DANH TỪ KẾ BÊN TỪ SIE DÀNH CHO BẠN LUÔN BẮT ĐẦU BẰNG MỘT CHỮ VIẾT HOA NGAY CẢ KHI Ở GIỮA CÂU
3183020821327116444-500	3183020821327116444.wav	SSL/download/paper_benchmark/fleurs/audio/3183020821327116444.wav	theo quy tắc này vị trí hữu hiệu nhất dành cho chủ thể chính là giao điểm của các đường phân chia hình ảnh thành ba phần theo chiều dọc và chiều ngang xem ví dụ	THEO QUY TẮC NÀY VỊ TRÍ HỮU HIỆU NHẤT DÀNH CHO CHỦ THỂ CHÍNH LÀ DAO ĐIỂM CỦA CÁC ĐƯỜNG PHÂN CHIA HÌNH ẢNH THÀNH BA PHẦN THEO CHIỀU DỌC VÀ CHIỀU NGANG XEM VÍ DỤ	THEO QUY TẮC NÀY VỊ TRÍ HỮU HIỆU NHẤT DÀNH CHO CHỦ THỂ CHÍNH LÀ GIAO ĐIỂM CỦA CÁC ĐƯỜNG PHÂN CHIA HÌNH ẢNH THÀNH BA PHẦN THEO CHIỀU DỌC VÀ CHIỀU NGANG XEM VÍ DỤ
3376918706425373568-508	3376918706425373568.wav	SSL/download/paper_benchmark/fleurs/audio/3376918706425373568.wav	thủ đô của moldova là chişinău. ngôn ngữ địa phương là tiếng romania nhưng tiếng nga cũng được sử dụng rộng rãi	THỦ ĐÔ CỦA MONVA LÀ NGÔN NGỮ ĐỊA PHƯƠNG LÀ TIẾNG ROBOTA NHƯNG TIẾNG NGA CŨNG ĐƯỢC SỬ DỤNG RỘNG RÃI	THỦ ĐÔ CỦA MOLDOVA LÀ CHIŞINĂU NGÔN NGỮ ĐỊA PHƯƠNG LÀ TIẾNG ROMANIA NHƯNG TIẾNG NGA CŨNG ĐƯỢC SỬ DỤNG RỘNG RÃI
3554584753359809648-516	3554584753359809648.wav	SSL/download/paper_benchmark/fleurs/audio/3554584753359809648.wav	tuy nhiên điều đó không đúng mặc dù có thứ gì đó được viết ở mặt sau của tài liệu nhưng đó không phải là bản đồ kho báu	TUY NHIÊN ĐIỀU ĐÓ KHÔNG ĐÚNG MẶC DÙ CÓ THỨ GÌ ĐÓ ĐƯỢC VIẾT Ở MẶT SAU CỦA TÀI LIỆU NHƯNG ĐÓ KHÔNG PHẢI LÀ BẢN ĐỒ KHO	TUY NHIÊN ĐIỀU ĐÓ KHÔNG ĐÚNG MẶC DÙ CÓ THỨ GÌ ĐÓ ĐƯỢC VIẾT Ở MẶT SAU CỦA TÀI LIỆU NHƯNG ĐÓ KHÔNG PHẢI LÀ BẢN ĐỒ KHO BÁU
3669137185955987971-524	3669137185955987971.wav	SSL/download/paper_benchmark/fleurs/audio/3669137185955987971.wav	tuy nhiên dường như tỷ lệ xdr-tb trong tổng số người mắc bệnh lao vẫn còn ở mức thấp chỉ có 6.000 trong tổng số 330.000 người bị nhiễm bệnh tại một thời điểm cụ thể bất kỳ tại nam phi	TUY NHIÊN DƯỜNG NHƯ TỈ LỆ T TRONG TỔNG SỐ NGƯỜI MẮC BỆNH LAO VẪN CÒN Ở MỨC THẤP CHỈ CÓ SÁU NGÀN TRONG TỔNG SỐ BA TRĂM BA MƯƠI NGÀN NGƯỜI BỊ NHIỄM BỆNH TẠI MỘT THỜI ĐIỂM CỤ THỂ BẤT KỲ TẠI NAM PHI	TUY NHIÊN DƯỜNG NHƯ TỶ LỆ XDR TB TRONG TỔNG SỐ NGƯỜI MẮC BỆNH LAO VẪN CÒN Ở MỨC THẤP CHỈ CÓ 6 000 TRONG TỔNG SỐ 330 000 NGƯỜI BỊ NHIỄM BỆNH TẠI MỘT THỜI ĐIỂM CỤ THỂ BẤT KỲ TẠI NAM PHI
3787604976685314987-532	3787604976685314987.wav	SSL/download/paper_benchmark/fleurs/audio/3787604976685314987.wav	muhammad quan tâm sâu sắc đến những vấn đề ngoài cuộc sống trần tục này. ông ấy thường đến một hang động được gọi là hira‘ trên núi noor ánh sáng để suy ngẫm	MÔ HAM MÉT QUAN TÂM SÂU SẮC ĐẾN NHỮNG VẤN ĐỀ NGOÀI CUỘC SỐNG NÀY ÔNG ẤY THƯỜNG ĐẾN MỘT HANG ĐỘNG ĐƯỢC GỌI LÀ HY TRÊN NÚI NO ÁNH SÁNG ĐỂ SUY NGẪM	MUHAMMAD QUAN TÂM SÂU SẮC ĐẾN NHỮNG VẤN ĐỀ NGOÀI CUỘC SỐNG TRẦN TỤC NÀY ÔNG ẤY THƯỜNG ĐẾN MỘT HANG ĐỘNG ĐƯỢC GỌI LÀ HIRA‘ TRÊN NÚI NOOR ÁNH SÁNG ĐỂ SUY NGẪM
3874595289745587961-540	3874595289745587961.wav	SSL/download/paper_benchmark/fleurs/audio/3874595289745587961.wav	đây là những bãi biển gia đình đôi khi đông đúc có nhiều cửa hàng dọc theo bờ biển nơi đây có thể bơi lội an toàn	ĐÂY LÀ NHỮNG BÃI BIỂN GIA ĐÌNH ĐÔI KHI ĐÔNG ĐÚC CÓ NHIỀU CỬA HÀNG DỌC THEO BỜ BIỂN NƠI ĐÂY CÓ THỂ BƠI LỘI AN TOÀN	ĐÂY LÀ NHỮNG BÃI BIỂN GIA ĐÌNH ĐÔI KHI ĐÔNG ĐÚC CÓ NHIỀU CỬA HÀNG DỌC THEO BỜ BIỂN NƠI ĐÂY CÓ THỂ BƠI LỘI AN TOÀN
3977263042048571115-548	3977263042048571115.wav	SSL/download/paper_benchmark/fleurs/audio/3977263042048571115.wav	theo quy tắc này vị trí hữu hiệu nhất dành cho chủ thể chính là giao điểm của các đường phân chia hình ảnh thành ba phần theo chiều dọc và chiều ngang xem ví dụ	THEO QUY TẮC NÀY VỊ TRÍ HỮU HIỆU NHẤT DÀNH CHO CHỦ THỂ CHÍNH LÀ GIAO ĐIỂM CỦA CÁC ĐƯỜNG PHÂN CHIA HÌNH ẢNH THÀNH BA PHẦN THEO CHIỀU DỌC VÀ CHIỀU NGANG XEM VÍ DỤ	THEO QUY TẮC NÀY VỊ TRÍ HỮU HIỆU NHẤT DÀNH CHO CHỦ THỂ CHÍNH LÀ GIAO ĐIỂM CỦA CÁC ĐƯỜNG PHÂN CHIA HÌNH ẢNH THÀNH BA PHẦN THEO CHIỀU DỌC VÀ CHIỀU NGANG XEM VÍ DỤ
4044720052624122203-556	4044720052624122203.wav	SSL/download/paper_benchmark/fleurs/audio/4044720052624122203.wav	ban đầu ông ta nhập viện tại bệnh viện james paget ở great yarmouth	BAN ĐẦU ÔNG TA NHẬP VIỆN TẠI BỆNH VIỆN BA GHÉT Ở KIA MÔNG	BAN ĐẦU ÔNG TA NHẬP VIỆN TẠI BỆNH VIỆN JAMES PAGET Ở GREAT YARMOUTH
4101448009498980462-564	4101448009498980462.wav	SSL/download/paper_benchmark/fleurs/audio/4101448009498980462.wav	điều này có vẻ hợp lý vì ta không cảm thấy trái đất đang di chuyển phải không	ĐIỀU NÀY CÓ VẺ HỢP LÝ VÌ TA KHÔNG CẢM THẤY TRÁI ĐẤT ĐANG DI CHUYỂN PHẢI KHÔNG	ĐIỀU NÀY CÓ VẺ HỢP LÝ VÌ TA KHÔNG CẢM THẤY TRÁI ĐẤT ĐANG DI CHUYỂN PHẢI KHÔNG
4225725093235569425-572	4225725093235569425.wav	SSL/download/paper_benchmark/fleurs/audio/4225725093235569425.wav	cũng như những nhiếp ảnh gia người phi-líp-pin sáu con tin gồm trẻ em và người già đã được thả sớm	CŨNG NHƯ NHỮNG NHỮNG NHIẾP ẢNH GIA NGƯỜI PHILIPPINES SÁU CON TIN GỒM TRẺ EM VÀ NGƯỜI GIÀ ĐÃ ĐƯỢC THẢ	CŨNG NHƯ NHỮNG NHIẾP ẢNH GIA NGƯỜI PHI LÍP PIN SÁU CON TIN GỒM TRẺ EM VÀ NGƯỜI GIÀ ĐÃ ĐƯỢC THẢ SỚM
4380825645239912248-580	4380825645239912248.wav	SSL/download/paper_benchmark/fleurs/audio/4380825645239912248.wav	việc là quần áo ướt có thể giúp chúng khô nhiều khách sạn có một bàn là và cầu bàn là để cho mượn thậm chí ngay cả khi bạn không thấy có cái nào trong phòng	VIỆC LÀ QUẦN ÁO ƯỚT CÓ THỂ GIÚP CHÚNG KHÔ NHIỀU KHÁCH SẠN CÓ MỘT BÀN LÀO VÀ CẦU BÀN LÀ ĐỂ CHO MƯỢN THẬM CHÍ NGAY CẢ KHI BẠN KHÔNG THẤY CÓ CÁI NÀO TRONG PHÒNG	VIỆC LÀ QUẦN ÁO ƯỚT CÓ THỂ GIÚP CHÚNG KHÔ NHIỀU KHÁCH SẠN CÓ MỘT BÀN LÀ VÀ CẦU BÀN LÀ ĐỂ CHO MƯỢN THẬM CHÍ NGAY CẢ KHI BẠN KHÔNG THẤY CÓ CÁI NÀO TRONG PHÒNG
457951236189973907-588	457951236189973907.wav	SSL/download/paper_benchmark/fleurs/audio/457951236189973907.wav	madagascar là khu vực rộng lớn nhất và là lục địa dành riêng cho động vật hoang dã	MADAT LÀ KHU VỰC RỘNG LỚN NHẤT VÀ LÀ LỤC ĐỊA DÀNH RIÊNG CHO ĐỘNG VẬT HOANG DÃ	MADAGASCAR LÀ KHU VỰC RỘNG LỚN NHẤT VÀ LÀ LỤC ĐỊA DÀNH RIÊNG CHO ĐỘNG VẬT HOANG DÃ
4663665771039338640-596	4663665771039338640.wav	SSL/download/paper_benchmark/fleurs/audio/4663665771039338640.wav	trầm tích này là cần thiết để tạo ra các bãi cát và bãi biển đóng vai trò như môi trường sống của loài hoang dã	TRẦM TÍCH NÀY LÀ CẦN THIẾT ĐỂ TẠO RA CÁC BÃI CÁT VÀ BÃI BIỂN ĐÓNG VAI TRÒ NHƯ MÔI TRƯỜNG SỐNG CỦA LOÀI HOANG DÃ	TRẦM TÍCH NÀY LÀ CẦN THIẾT ĐỂ TẠO RA CÁC BÃI CÁT VÀ BÃI BIỂN ĐÓNG VAI TRÒ NHƯ MÔI TRƯỜNG SỐNG CỦA LOÀI HOANG DÃ
4856580170092767121-604	4856580170092767121.wav	SSL/download/paper_benchmark/fleurs/audio/4856580170092767121.wav	đây là một trong những điểm du lịch thu hút chính của nam phi và nó được coi là nơi chủ đạo thuộc cơ quan vườn quốc gia nam phi sanparks	ĐÂY LÀ MỘT TRONG NHỮNG ĐIỂM DU LỊCH THU HÚT CHÍNH CỦA NAM PHI VÀ NÓ ĐƯỢC COI LÀ NƠI CHỦ ĐẠO THUỘC CƠ QUAN VƯỜN QUỐC GIA NAM PHI	ĐÂY LÀ MỘT TRONG NHỮNG ĐIỂM DU LỊCH THU HÚT CHÍNH CỦA NAM PHI VÀ NÓ ĐƯỢC COI LÀ NƠI CHỦ ĐẠO THUỘC CƠ QUAN VƯỜN QUỐC GIA NAM PHI SANPARKS
4982844084427427570-612	4982844084427427570.wav	SSL/download/paper_benchmark/fleurs/audio/4982844084427427570.wav	bốn vận động viên trượt tuyết trong đội nữ đã không hoàn tất được cuộc đua và 45 trong tổng số 117 vận động viên trượt tuyết ở môn giant slalom không giành được vị trí trong bảng xếp hạng	BỐN VẬN ĐỘNG VIÊN TRƯỢT TUYẾT TRONG ĐỘI NỮ ĐÃ KHÔNG HOÀN TẤT ĐƯỢC CUỘC ĐUA VÀ BỐN MƯƠI LĂM TRONG TỔNG SỐ MỘT TRĂM MƯỜI BẢY VẬN ĐỘNG VIÊN TRƯỢT TUYẾT Ở MÔN GEN LASTO KHÔNG GIÀNH ĐƯỢC VỊ TRÍ TRONG BẢNG XẾP HẠNG	BỐN VẬN ĐỘNG VIÊN TRƯỢT TUYẾT TRONG ĐỘI NỮ ĐÃ KHÔNG HOÀN TẤT ĐƯỢC CUỘC ĐUA VÀ 45 TRONG TỔNG SỐ 117 VẬN ĐỘNG VIÊN TRƯỢT TUYẾT Ở MÔN GIANT SLALOM KHÔNG GIÀNH ĐƯỢC VỊ TRÍ TRONG BẢNG XẾP HẠNG
5103808164874277678-620	5103808164874277678.wav	SSL/download/paper_benchmark/fleurs/audio/5103808164874277678.wav	các hiện tượng thời tiết khắc nghiệt theo vùng và theo mùa gồm có bão lốc tuyết bão tuyết bão băng và bão bụi	CÁC HIỆN TƯỢNG THỜI TIẾT KHẮC NGHIỆT THEO VÙNG VÀ THEO MÙA GỒM CÓ BÃO TUYẾT BĂNG VÀ BÃO	CÁC HIỆN TƯỢNG THỜI TIẾT KHẮC NGHIỆT THEO VÙNG VÀ THEO MÙA GỒM CÓ BÃO LỐC TUYẾT BÃO TUYẾT BÃO BĂNG VÀ BÃO BỤI
5221731416603591053-628	5221731416603591053.wav	SSL/download/paper_benchmark/fleurs/audio/5221731416603591053.wav	bom phân hạch hoạt động dựa trên nguyên tắc dùng năng lượng để kết hợp nhân nguyên tử với nhiều proton và neutron	BƠM PHÂN HOẠT ĐỘNG DỰA TRÊN NGUYÊN TẮC DÙNG NĂNG LƯỢNG ĐỂ KẾT HỢP NHÂN NGUYÊN TỬ VỚI NHIỀU TÔNG VÀNG	BOM PHÂN HẠCH HOẠT ĐỘNG DỰA TRÊN NGUYÊN TẮC DÙNG NĂNG LƯỢNG ĐỂ KẾT HỢP NHÂN NGUYÊN TỬ VỚI NHIỀU PROTON VÀ NEUTRON
5387327193324130115-636	5387327193324130115.wav	SSL/download/paper_benchmark/fleurs/audio/5387327193324130115.wav	cà ri là món ăn làm từ thảo mộc và gia vị cùng với thịt hoặc rau củ	CÀ GHI LÀ MÓN ĂN LÀM TỪ THẢO MỘC VÀ GIA VỊ CÙNG VỚI THỊT HOẶC RAU CỦ	CÀ RI LÀ MÓN ĂN LÀM TỪ THẢO MỘC VÀ GIA VỊ CÙNG VỚI THỊT HOẶC RAU CỦ
5541340816453446848-644	5541340816453446848.wav	SSL/download/paper_benchmark/fleurs/audio/5541340816453446848.wav	hiển nhiên nếu bạn biết một ngôn ngữ la mã bạn sẽ dễ dàng học tiếng bồ đào nha	HIỂN NHIÊN NẾU BẠN BIẾT MỘT NGÔN NGỮ LA MÃ BẠN SẼ DỄ DÀNG HỌC TIẾNG BỒ ĐÀO NHA	HIỂN NHIÊN NẾU BẠN BIẾT MỘT NGÔN NGỮ LA MÃ BẠN SẼ DỄ DÀNG HỌC TIẾNG BỒ ĐÀO NHA
5662059028080756940-652	5662059028080756940.wav	SSL/download/paper_benchmark/fleurs/audio/5662059028080756940.wav	việc quá nhiều người sở hữu xe hơi cũng dẫn đến sự gia tăng số vụ tai nạn giao thông dẫn tới phát minh kỹ thuật mới trong ngành y tế để phục hồi những tổn thương trên thân thể	VIỆC QUÁ NHIỀU NGƯỜI SỞ HỮU XE HƠI CŨNG DẪN ĐẾN SỰ GIA TĂNG SỐ VỤ TAI NẠN GIAO THÔNG DẪN TỚI PHÁT MINH KỸ THUẬT MỚI TRONG NGÀNH Y TẾ ĐỂ PHỤC HỒI NHỮNG TỔN THƯƠNG TRÊN THÂN THỂ	VIỆC QUÁ NHIỀU NGƯỜI SỞ HỮU XE HƠI CŨNG DẪN ĐẾN SỰ GIA TĂNG SỐ VỤ TAI NẠN GIAO THÔNG DẪN TỚI PHÁT MINH KỸ THUẬT MỚI TRONG NGÀNH Y TẾ ĐỂ PHỤC HỒI NHỮNG TỔN THƯƠNG TRÊN THÂN THỂ
5879973784063013669-660	5879973784063013669.wav	SSL/download/paper_benchmark/fleurs/audio/5879973784063013669.wav	tuy nhiên loài chim vẫn có rất nhiều điểm giống với khủng long	TUY NHIÊN LOÀI CHIM VẪN CÓ RẤT NHIỀU ĐIỂM GIỐNG VỚI KHỦNG LONG	TUY NHIÊN LOÀI CHIM VẪN CÓ RẤT NHIỀU ĐIỂM GIỐNG VỚI KHỦNG LONG
5952004151169733380-668	5952004151169733380.wav	SSL/download/paper_benchmark/fleurs/audio/5952004151169733380.wav	gió mạnh mưa đá lượng mưa nhiều và cháy rừng là các loại và sự ảnh hưởng của thời tiết khắc nghiệt cũng như bão tố lốc xoáy vòi rồng biển và bão lốc xoáy nhiệt đới	GIÓ MẠNH MƯA ĐÁ LƯỢNG MƯA NHIỀU VÀ CHÁY RỪNG LÀ CÁC LOẠI VÀ SỰ ẢNH HƯỞNG CỦA THỜI TIẾT KHẮC NGHIỆT CŨNG NHƯ BÃO TỐ LỐC XOÁY VÀ BÃO NHIỆT ĐỚI	GIÓ MẠNH MƯA ĐÁ LƯỢNG MƯA NHIỀU VÀ CHÁY RỪNG LÀ CÁC LOẠI VÀ SỰ ẢNH HƯỞNG CỦA THỜI TIẾT KHẮC NGHIỆT CŨNG NHƯ BÃO TỐ LỐC XOÁY VÒI RỒNG BIỂN VÀ BÃO LỐC XOÁY NHIỆT ĐỚI
6107287179341969730-676	6107287179341969730.wav	SSL/download/paper_benchmark/fleurs/audio/6107287179341969730.wav	chuẩn 802.11n hoạt động trên cả hai tần số 2.4 ghz và 5.0 ghz	CHUẨN TÁM KHÔNG HAI CHẤM MỘT MỘT N HOẠT ĐỘNG TRÊN CẢ HAI TẦN SỐ HAI CHẤM BỐN GA HẸP VÀ NĂM CHẤM KHÔNG GRA HẸP	CHUẨN 802 11N HOẠT ĐỘNG TRÊN CẢ HAI TẦN SỐ 2 4 GHZ VÀ 5 0 GHZ
6201638066978451459-684	6201638066978451459.wav	SSL/download/paper_benchmark/fleurs/audio/6201638066978451459.wav	tuy nhiên dường như tỷ lệ xdr-tb trong tổng số người mắc bệnh lao vẫn còn ở mức thấp chỉ có 6.000 trong tổng số 330.000 người bị nhiễm bệnh tại một thời điểm cụ thể bất kỳ tại nam phi	TUY NHIÊN DƯỜNG NHƯ TỶ LỆ D T TRONG TỔNG SỐ NGƯỜI MẮC BỆNH LAO VẪN CÒN Ở MỨC THẤP CHỈ CÓ SÁU NGÀN TRONG TỔNG SỐ BA TRĂM BA MƯƠI NGÀN NGƯỜI BỊ NHIỄM BỆNH TẠI MỘT THỜI ĐIỂM CỤ THỂ BẤT KỲ TẠI NAM PHI	TUY NHIÊN DƯỜNG NHƯ TỶ LỆ XDR TB TRONG TỔNG SỐ NGƯỜI MẮC BỆNH LAO VẪN CÒN Ở MỨC THẤP CHỈ CÓ 6 000 TRONG TỔNG SỐ 330 000 NGƯỜI BỊ NHIỄM BỆNH TẠI MỘT THỜI ĐIỂM CỤ THỂ BẤT KỲ TẠI NAM PHI
6324265247704115704-692	6324265247704115704.wav	SSL/download/paper_benchmark/fleurs/audio/6324265247704115704.wav	một số người nghĩ rằng ông ấy đã đúng nhưng nhiều người tin điều ngược lại; rằng hệ mặt trời xoay quanh trái đất bao gồm cả mặt trời và cả những ngôi sao khác	MỘT SỐ NGƯỜI NGHĨ RẰNG ÔNG ẤY ĐÃ ĐÚNG NHƯNG NHIỀU NGƯỜI TIN ĐIỀU NGƯỢC LẠI RẰNG HỆ MẶT TRỜI XOAY QUANH TRÁI ĐẤT BAO GỒM CẢ MẶT TRỜI VÀ CẢ NHỮNG NGÔI SAO KHÁC	MỘT SỐ NGƯỜI NGHĨ RẰNG ÔNG ẤY ĐÃ ĐÚNG NHƯNG NHIỀU NGƯỜI TIN ĐIỀU NGƯỢC LẠI; RẰNG HỆ MẶT TRỜI XOAY QUANH TRÁI ĐẤT BAO GỒM CẢ MẶT TRỜI VÀ CẢ NHỮNG NGÔI SAO KHÁC
6583322740892978621-700	6583322740892978621.wav	SSL/download/paper_benchmark/fleurs/audio/6583322740892978621.wav	làm mẫu không phải là một phương pháp học tập mà là phương tiện trợ giúp cho những người đang trải qua một trải nghiệm học tập mới thí dụ như sử dụng một chương trình máy tính mới hay bắt đầu một dự án mới	LÀM MẪU KHÔNG PHẢI LÀ MỘT PHƯƠNG PHÁP HỌC TẬP MÀ LÀ PHƯƠNG TIỆN TRỢ GIÚP CHO NHỮNG NGƯỜI ĐANG TRẢI QUA MỘT TRẢI NGHIỆM HỌC TẬP MỚI THÍ DỤ NHƯ SỬ DỤNG MỘT CHƯƠNG TRÌNH MÁY TÍNH MỚI HAY BẮT ĐẦU MỘT DỰ ÁN MỚI	LÀM MẪU KHÔNG PHẢI LÀ MỘT PHƯƠNG PHÁP HỌC TẬP MÀ LÀ PHƯƠNG TIỆN TRỢ GIÚP CHO NHỮNG NGƯỜI ĐANG TRẢI QUA MỘT TRẢI NGHIỆM HỌC TẬP MỚI THÍ DỤ NHƯ SỬ DỤNG MỘT CHƯƠNG TRÌNH MÁY TÍNH MỚI HAY BẮT ĐẦU MỘT DỰ ÁN MỚI
6806993519464287572-708	6806993519464287572.wav	SSL/download/paper_benchmark/fleurs/audio/6806993519464287572.wav	thực vật tạo ra thức ăn của chúng từ mặt trời bằng cách quang hợp chúng cũng mang lại bóng râm	THỰC VẬT TẠO RA THỨC ĂN CỦA CHÚNG TỪ MẶT TRỜI BẰNG CÁCH QUANG HỢP CHÚNG CŨNG MANG LẠI BÓNG GĂM	THỰC VẬT TẠO RA THỨC ĂN CỦA CHÚNG TỪ MẶT TRỜI BẰNG CÁCH QUANG HỢP CHÚNG CŨNG MANG LẠI BÓNG RÂM
7025608763720089314-716	7025608763720089314.wav	SSL/download/paper_benchmark/fleurs/audio/7025608763720089314.wav	từ văn minh xuất phát từ civilis trong tiếng latinh nghĩa là thuộc nhân dân liên quan đến civis trong tiếng latinh nghĩa là công dân và civitas nghĩa là thành phố hay thành bang và nó cũng phần nào xác định quy mô của xã hội	TỪ VĂN MINH XUẤT PHÁT TỪ CVLIP TRONG TIẾNG LA TINH NGHĨA LÀ THUỘC NHÂN DÂN LIÊN QUAN ĐẾN SIVIT TRONG TIẾNG LA TINH NGHĨA LÀ CÔNG DÂN VÀ CVI LÀ THÀNH PHỐ HAY THÀNH BAN VÀ NÓ CŨNG PHẦN NÀO XÁC ĐỊNH QUY MÔ CỦA XÃ HỘI	TỪ VĂN MINH XUẤT PHÁT TỪ CIVILIS TRONG TIẾNG LATINH NGHĨA LÀ THUỘC NHÂN DÂN LIÊN QUAN ĐẾN CIVIS TRONG TIẾNG LATINH NGHĨA LÀ CÔNG DÂN VÀ CIVITAS NGHĨA LÀ THÀNH PHỐ HAY THÀNH BANG VÀ NÓ CŨNG PHẦN NÀO XÁC ĐỊNH QUY MÔ CỦA XÃ HỘI
7281879905317906025-724	7281879905317906025.wav	SSL/download/paper_benchmark/fleurs/audio/7281879905317906025.wav	nó mang đến cho chúng ta xe lửa xe hơi và nhiều phương tiện di chuyển khác	NÓ MANG ĐẾN CHO CHÚNG TA XE LỬA XE HƠI VÀ NHIỀU PHƯƠNG TIỆN DI CHUYỂN KHÁC	NÓ MANG ĐẾN CHO CHÚNG TA XE LỬA XE HƠI VÀ NHIỀU PHƯƠNG TIỆN DI CHUYỂN KHÁC
7457388861721055163-732	7457388861721055163.wav	SSL/download/paper_benchmark/fleurs/audio/7457388861721055163.wav	sô-cô-la nóng tùy vào tiêu chuẩn bỉ nước ép trái cây đắt tiền nhưng tuyệt vời	SÔCÔLA NÓNG TÙY VÀO TIÊU CHUẨN MỸ NƯỚC ÉP TRÁI CÂY ĐẮT TIỀN NHƯNG TUYỆT VỜI	SÔ CÔ LA NÓNG TÙY VÀO TIÊU CHUẨN BỈ NƯỚC ÉP TRÁI CÂY ĐẮT TIỀN NHƯNG TUYỆT VỜI
7706235671499326256-740	7706235671499326256.wav	SSL/download/paper_benchmark/fleurs/audio/7706235671499326256.wav	vậy là có khả năng chú thích được thêm vào đơn giản chỉ là nhãn đánh dấu	VẬY LÀ CÓ KHẢ NĂNG CHÚ THÍCH ĐƯỢC THÊM VÀO ĐƠN GIẢN CHỈ LÀ NHÃN ĐÁNH DẤU	VẬY LÀ CÓ KHẢ NĂNG CHÚ THÍCH ĐƯỢC THÊM VÀO ĐƠN GIẢN CHỈ LÀ NHÃN ĐÁNH DẤU
779204380909223153-748	779204380909223153.wav	SSL/download/paper_benchmark/fleurs/audio/779204380909223153.wav	nền văn minh là một nền văn hóa nổi bật được chia sẻ bởi một nhóm người đông đảo sống và làm việc theo tập thể một xã hội	NỀN VĂN MINH LÀ MỘT NỀN VĂN HÓA NỔI BẬT ĐƯỢC CHIA SẺ BỞI MỘT NHÓM NGƯỜI ĐÔNG ĐẢO SỐNG VÀ LÀM VIỆC THEO TẬP THỂ MỘT XÃ HỘI	NỀN VĂN MINH LÀ MỘT NỀN VĂN HÓA NỔI BẬT ĐƯỢC CHIA SẺ BỞI MỘT NHÓM NGƯỜI ĐÔNG ĐẢO SỐNG VÀ LÀM VIỆC THEO TẬP THỂ MỘT XÃ HỘI
7916208534534883707-756	7916208534534883707.wav	SSL/download/paper_benchmark/fleurs/audio/7916208534534883707.wav	bản báo cáo chỉ trích nặng nề hầu như tất cả mọi khía cạnh trong chính sách hiện hành mà cơ quan hành pháp dành cho iraq và kêu gọi sự chuyển hướng ngay lập tức	BẢN BÁO CÁO CHỈ TRÍCH NẶNG NỀ TRONG CHÍNH SÁCH HIỆN HÀNH MÀ CƠ QUAN HÀNH PHÁP GAY GẮT VÀ KÊU GỌI SỰ CHUYỂN HƯỚNG NGAY LẬP TỨC	BẢN BÁO CÁO CHỈ TRÍCH NẶNG NỀ HẦU NHƯ TẤT CẢ MỌI KHÍA CẠNH TRONG CHÍNH SÁCH HIỆN HÀNH MÀ CƠ QUAN HÀNH PHÁP DÀNH CHO IRAQ VÀ KÊU GỌI SỰ CHUYỂN HƯỚNG NGAY LẬP TỨC
8155518049354430083-764	8155518049354430083.wav	SSL/download/paper_benchmark/fleurs/audio/8155518049354430083.wav	các nghiên cứu thế kỷ hai mươi đã chứng minh rằng có hai nhóm biến dị di truyền lặn và trội	CÁC NGHIÊN CỨU THẾ KỶ HAI MƯƠI ĐÃ CHỨNG MINH RẰNG CÓ HAI NHÓM BIẾN DỊ DI TRUYỀN LẶNG VÀ CHỌI	CÁC NGHIÊN CỨU THẾ KỶ HAI MƯƠI ĐÃ CHỨNG MINH RẰNG CÓ HAI NHÓM BIẾN DỊ DI TRUYỀN LẶN VÀ TRỘI
8220953750443811912-772	8220953750443811912.wav	SSL/download/paper_benchmark/fleurs/audio/8220953750443811912.wav	trong cuộc chiến tranh cách mạng lúc đầu mười ba tiểu bang thành lập một chính quyền trung ương lỏng lẻo chỉ có quốc hội là thành phần duy nhất chiếu theo các điều lệ liên bang	TRONG CUỘC CHIẾN TRANH CÁCH MẠNG LÚC ĐẦU MƯỜI BA TƯỚNG BAN THÀNH LẬP MỘT CHÍNH QUYỀN TRUNG ƯƠNG LỎNG LẺO CHỈ CÓ QUỐC HỘI LÀ THÀNH PHẦN DUY NHẤT CHIẾU THEO CÁC ĐIỀU LỆ LIÊN BANG	TRONG CUỘC CHIẾN TRANH CÁCH MẠNG LÚC ĐẦU MƯỜI BA TIỂU BANG THÀNH LẬP MỘT CHÍNH QUYỀN TRUNG ƯƠNG LỎNG LẺO CHỈ CÓ QUỐC HỘI LÀ THÀNH PHẦN DUY NHẤT CHIẾU THEO CÁC ĐIỀU LỆ LIÊN BANG
8360468245999715780-780	8360468245999715780.wav	SSL/download/paper_benchmark/fleurs/audio/8360468245999715780.wav	những khu vực rộng lớn xa hơn về phía bắc có dân số khá thưa thớt và một số vùng gần như là đất hoang không có người ở	NHỮNG KHU VỰC RỘNG LỚN XA HƠN VỀ PHÍA BẮC CÓ DÂN SỐ KHÁ THỪA THỚT VÀ MỘT SỐ VÙNG GẦN NHƯ LÀ ĐẤT HOANG KHÔNG CÓ NGƯỜI Ở	NHỮNG KHU VỰC RỘNG LỚN XA HƠN VỀ PHÍA BẮC CÓ DÂN SỐ KHÁ THƯA THỚT VÀ MỘT SỐ VÙNG GẦN NHƯ LÀ ĐẤT HOANG KHÔNG CÓ NGƯỜI Ở
8501036656710854608-788	8501036656710854608.wav	SSL/download/paper_benchmark/fleurs/audio/8501036656710854608.wav	chúng ta dựng nhà từ thực vật và may quần áo từ thực vật hầu hết thức ăn của chúng ta là từ thực vật không có thực vật động vật không thể sống sót	CHÚNG TA DỰNG NHÀ TỪ THỰC VẬT VÀ MAY QUẦN ÁO TỪ THỰC VẬT HẦU HẾT CỦA CHÚNG TA LÀ TỪ THỰC VẬT KHÔNG CÓ THỰC VẬT ĐỘNG VẬT KHÔNG THỂ SỐNG SÓT	CHÚNG TA DỰNG NHÀ TỪ THỰC VẬT VÀ MAY QUẦN ÁO TỪ THỰC VẬT HẦU HẾT THỨC ĂN CỦA CHÚNG TA LÀ TỪ THỰC VẬT KHÔNG CÓ THỰC VẬT ĐỘNG VẬT KHÔNG THỂ SỐNG SÓT
8690427070605361067-796	8690427070605361067.wav	SSL/download/paper_benchmark/fleurs/audio/8690427070605361067.wav	hầu hết kính viễn vọng hiện đại dùng cho nghiên cứu đều là những thiết bị khổng lồ được đặt ở những khu vực hẻo lánh có điều kiện khí hậu thuận lợi	HẦU HẾT KÍNH VIỄN HIỆN ĐẠI DÙNG CHO NGHIÊN CỨU ĐỀU LÀ NHỮNG THIẾT BỊ KHỔNG LỒ ĐƯỢC ĐẶT Ở NHỮNG KHU VỰC HẺO LÁNH CÓ ĐIỀU KIỆN KHÍ HẬU THUẬN LỢI	HẦU HẾT KÍNH VIỄN VỌNG HIỆN ĐẠI DÙNG CHO NGHIÊN CỨU ĐỀU LÀ NHỮNG THIẾT BỊ KHỔNG LỒ ĐƯỢC ĐẶT Ở NHỮNG KHU VỰC HẺO LÁNH CÓ ĐIỀU KIỆN KHÍ HẬU THUẬN LỢI
878863547641304134-804	878863547641304134.wav	SSL/download/paper_benchmark/fleurs/audio/878863547641304134.wav	vệ tinh được đưa vào vũ trụ bằng tên lửa các nhà khoa học sử dụng kính thiên văn trong không gian vì bầu khí quyển của trái đất làm biến dạng một số ánh sáng và hình ảnh quan sát của chúng ta	VỆ TINH ĐƯỢC ĐƯA VÀO VŨ TRỤ BẰNG TÊN LỬA CÁC NHÀ KHOA HỌC SỬ DỤNG KÍNH THIÊN VĂN TRONG KHÔNG GIAN VÌ BẦU KHÍ QUYỂN CỦA TRÁI ĐẤT LÀM BIẾN DẠNG MỘT SỐ ÁNH SÁNG VÀ HÌNH ẢNH QUAN SÁT CỦA CHÚNG TA	VỆ TINH ĐƯỢC ĐƯA VÀO VŨ TRỤ BẰNG TÊN LỬA CÁC NHÀ KHOA HỌC SỬ DỤNG KÍNH THIÊN VĂN TRONG KHÔNG GIAN VÌ BẦU KHÍ QUYỂN CỦA TRÁI ĐẤT LÀM BIẾN DẠNG MỘT SỐ ÁNH SÁNG VÀ HÌNH ẢNH QUAN SÁT CỦA CHÚNG TA
9054240670598746370-812	9054240670598746370.wav	SSL/download/paper_benchmark/fleurs/audio/9054240670598746370.wav	trong những ngày đầu chương trình chỉ được giới thiệu trên trang web phát thanh dài hạn internet toginet radio một trang web tập trung vào chương trình truyền thanh đối thoại	TRONG NHỮNG NGÀY ĐẦU CHƯƠNG TRÌNH CHỈ ĐƯỢC GIỚI THIỆU TRÊN TRANG WEB PHÁT ÂM DÀI HẠN TÔI GHI NÉT RADIO MỘT TRANG WEB TẬP TRUNG VÀO CHƯƠNG TRÌNH TRUYỀN THANH ĐỐI THOẠI	TRONG NHỮNG NGÀY ĐẦU CHƯƠNG TRÌNH CHỈ ĐƯỢC GIỚI THIỆU TRÊN TRANG WEB PHÁT THANH DÀI HẠN INTERNET TOGINET RADIO MỘT TRANG WEB TẬP TRUNG VÀO CHƯƠNG TRÌNH TRUYỀN THANH ĐỐI THOẠI
9102417567412241446-820	9102417567412241446.wav	SSL/download/paper_benchmark/fleurs/audio/9102417567412241446.wav	sự hiện diện của đội vô hình” thực sự larson và lafasto 1989 tr. 109 cũng là thành phần đặc biệt của đội ảo	SỰ HIỆN DIỆN CỦA ĐỘI VÔ HÌNH THỰC SỰ LASON VÀ LAPHAD NĂM MỘT NGÀN CHÍN TRĂM TÁM MƯƠI CHÍN TRANG MỘT TRĂM LẺ CHÍN CŨNG LÀ THÀNH PHẦN ĐẶC BIỆT CỦA ĐỘI	SỰ HIỆN DIỆN CỦA ĐỘI VÔ HÌNH” THỰC SỰ LARSON VÀ LAFASTO 1989 TR 109 CŨNG LÀ THÀNH PHẦN ĐẶC BIỆT CỦA ĐỘI ẢO
9278960538865753016-828	9278960538865753016.wav	SSL/download/paper_benchmark/fleurs/audio/9278960538865753016.wav	đây là cách rất quan trọng để phân biệt giữa động từ và tân ngữ	ĐÂY LÀ CÁCH RẤT QUAN TRỌNG ĐỂ PHÂN BIỆT GIỮA ĐỘNG TỪ VÀ TÂN NGỮ	ĐÂY LÀ CÁCH RẤT QUAN TRỌNG ĐỂ PHÂN BIỆT GIỮA ĐỘNG TỪ VÀ TÂN NGỮ
9401249456493482742-836	9401249456493482742.wav	SSL/download/paper_benchmark/fleurs/audio/9401249456493482742.wav	tất cả mọi người đều tham gia vào xã hội và sử dụng các hệ thống giao thông gần như ai cũng than phiền về các hệ thống giao thông này	TẤT CẢ MỌI NGƯỜI ĐỀU THAM GIA VÀO XÃ HỘI VÀ SỬ DỤNG CÁC HỆ THỐNG GIAO THÔNG GẦN NHƯ AI CŨNG THAN PHIỀN VỀ CÁI HỆ THỐNG GIAO THÔNG NÀY	TẤT CẢ MỌI NGƯỜI ĐỀU THAM GIA VÀO XÃ HỘI VÀ SỬ DỤNG CÁC HỆ THỐNG GIAO THÔNG GẦN NHƯ AI CŨNG THAN PHIỀN VỀ CÁC HỆ THỐNG GIAO THÔNG NÀY
9622485775793560460-844	9622485775793560460.wav	SSL/download/paper_benchmark/fleurs/audio/9622485775793560460.wav	sundarbans đã được unesco công nhận là địa điểm di sản thế giới khu vực rừng thuộc lãnh thổ ấn độ có tên là công viên quốc gia sundarbans	SANDAN ĐÃ ĐƯỢC UNESCO CÔNG NHẬN LÀ ĐỊA ĐIỂM DI SẢN THẾ GIỚI KHU VỰC RỪNG THUỘC LÃNH THỔ ẤN ĐỘ CÓ TÊN LÀ CÔNG VIÊN QUỐC GIA SANDA	SUNDARBANS ĐÃ ĐƯỢC UNESCO CÔNG NHẬN LÀ ĐỊA ĐIỂM DI SẢN THẾ GIỚI KHU VỰC RỪNG THUỘC LÃNH THỔ ẤN ĐỘ CÓ TÊN LÀ CÔNG VIÊN QUỐC GIA SUNDARBANS
9897090359729012443-852	9897090359729012443.wav	SSL/download/paper_benchmark/fleurs/audio/9897090359729012443.wav	ngày 15 tháng 8 năm 1940 quân đồng minh mở chiến dịch dragoon xâm chiếm miền nam nước pháp	NGÀY MƯỜI LĂM THÁNG TÁM NĂM MỘT NGHÌN CHÍN TRĂM BỐN MƯƠI QUÂN ĐỒNG MINH MỞ CHIẾN DỊCH GANG XÂM CHIẾM MIỀN NAM NƯỚC PHÁP	NGÀY 15 THÁNG 8 NĂM 1940 QUÂN ĐỒNG MINH MỞ CHIẾN DỊCH DRAGOON XÂM CHIẾM MIỀN NAM NƯỚC PHÁP
1015563747297542961-5	1015563747297542961.wav	SSL/download/paper_benchmark/fleurs/audio/1015563747297542961.wav	mọi danh từ kế bên từ sie dành cho bạn luôn bắt đầu bằng một chữ viết hoa ngay cả khi ở giữa câu	MỌI DANH TỪ KẾ BÊN TỪ SI DÀNH CHO BẠN LUÔN BẮT ĐẦU BẰNG MỘT CHỮ VIẾT HOA NGAY CẢ KHI Ở GIỮA CÂU	MỌI DANH TỪ KẾ BÊN TỪ SIE DÀNH CHO BẠN LUÔN BẮT ĐẦU BẰNG MỘT CHỮ VIẾT HOA NGAY CẢ KHI Ở GIỮA CÂU
10259532564282505455-13	10259532564282505455.wav	SSL/download/paper_benchmark/fleurs/audio/10259532564282505455.wav	tìm kiếm khóa học về môi trường thù địch trên internet có thể sẽ cung cấp cho bạn địa chỉ của một công ty địa phương	TÌM KIẾM KHÓA HỌC VỀ MÔI TRƯỜNG TRÊN INTERNET CÓ THỂ SẼ CUNG CẤP CHO BẠN ĐỊA CHỈ CỦA MỘT CÔNG TY ĐỊA PHƯƠNG	TÌM KIẾM KHÓA HỌC VỀ MÔI TRƯỜNG THÙ ĐỊCH TRÊN INTERNET CÓ THỂ SẼ CUNG CẤP CHO BẠN ĐỊA CHỈ CỦA MỘT CÔNG TY ĐỊA PHƯƠNG
10453290072265880595-21	10453290072265880595.wav	SSL/download/paper_benchmark/fleurs/audio/10453290072265880595.wav	trong bài viết diễn văn của tổng thống của mình oliver sacks chỉ ra làm thế nào những người không thể hiểu bài diễn văn vì bị tổn thương não lại có thể đánh giá chính xác sự trung thực	TRONG BÀI VIẾT DIỄN VĂN CỦA TỔNG THỐNG MÌNH OLIVERSAC CHỈ RA LÀM THẾ NÀO NHỮNG NGƯỜI KHÔNG THỂ HIỂU BÀI DIỄN VĂN VÌ BỊ TỔN THƯƠNG NÃO LẠI CÓ THỂ ĐÁNH GIÁ CHÍNH XÁC SỰ TRUNG THỰC	TRONG BÀI VIẾT DIỄN VĂN CỦA TỔNG THỐNG CỦA MÌNH OLIVER SACKS CHỈ RA LÀM THẾ NÀO NHỮNG NGƯỜI KHÔNG THỂ HIỂU BÀI DIỄN VĂN VÌ BỊ TỔN THƯƠNG NÃO LẠI CÓ THỂ ĐÁNH GIÁ CHÍNH XÁC SỰ TRUNG THỰC
1064415134029413807-29	1064415134029413807.wav	SSL/download/paper_benchmark/fleurs/audio/1064415134029413807.wav	vương quốc ma-rốc đã xây dựng lại thành phố này giống như daru l-badya và nó được đặt tên là casablanca bởi các thương nhân tây ban nha là những người đã lập các cơ sở giao thương ở đó	VƯƠNG QUỐC MAK ĐÃ XÂY DỰNG LẠI THÀNH PHỐ NÀY GIỐNG NHƯ DAGUBA VÀ NÓ ĐƯỢC ĐẶT TÊN LÀ KASANK BỞI CÁC THƯƠNG NHÂN TÂY BAN NHA LÀ NHỮNG NGƯỜI ĐÃ LẬP CÁC CƠ SỞ GIAO THƯƠNG Ở ĐÓ	VƯƠNG QUỐC MA RỐC ĐÃ XÂY DỰNG LẠI THÀNH PHỐ NÀY GIỐNG NHƯ DARU L BADYA VÀ NÓ ĐƯỢC ĐẶT TÊN LÀ CASABLANCA BỞI CÁC THƯƠNG NHÂN TÂY BAN NHA LÀ NHỮNG NGƯỜI ĐÃ LẬP CÁC CƠ SỞ GIAO THƯƠNG Ở ĐÓ
10810237292880731030-37	10810237292880731030.wav	SSL/download/paper_benchmark/fleurs/audio/10810237292880731030.wav	trầm tích này là cần thiết để tạo ra các bãi cát và bãi biển đóng vai trò như môi trường sống của loài hoang dã	TRẦM TÍCH NÀY LÀ CẦN THIẾT ĐỂ TẠO RA CÁC BÃI CÁT VÀ BÃI BIỂN ĐÓNG VAI TRÒ NHƯ MÔI TRƯỜNG SỐNG CỦA LOÀI HOANG DÃ	TRẦM TÍCH NÀY LÀ CẦN THIẾT ĐỂ TẠO RA CÁC BÃI CÁT VÀ BÃI BIỂN ĐÓNG VAI TRÒ NHƯ MÔI TRƯỜNG SỐNG CỦA LOÀI HOANG DÃ
10970996098314274277-45	10970996098314274277.wav	SSL/download/paper_benchmark/fleurs/audio/10970996098314274277.wav	tuy nhiên loài chim vẫn có rất nhiều điểm giống với khủng long	TUY NHIÊN LOÀI CHIM VẪN CÓ RẤT NHIỀU ĐIỂM GIỐNG VỚI KHỦNG LONG	TUY NHIÊN LOÀI CHIM VẪN CÓ RẤT NHIỀU ĐIỂM GIỐNG VỚI KHỦNG LONG
11100003200392992335-53	11100003200392992335.wav	SSL/download/paper_benchmark/fleurs/audio/11100003200392992335.wav	văn hóa và bộ lạc cổ xưa đã bắt đầu giữ những con vật này để dễ lấy sữa tóc thịt và da	VĂN HÓA VÀ BỘ LẠC CỔ XƯA ĐÃ BẮT ĐẦU GIỮ NHỮNG CON VẬT NÀY ĐỂ DỄ LẤY SỮA TÓC THỊT VÀ DA	VĂN HÓA VÀ BỘ LẠC CỔ XƯA ĐÃ BẮT ĐẦU GIỮ NHỮNG CON VẬT NÀY ĐỂ DỄ LẤY SỮA TÓC THỊT VÀ DA
11236451878010754409-61	11236451878010754409.wav	SSL/download/paper_benchmark/fleurs/audio/11236451878010754409.wav	buổi trình diễn âm thanh và ánh sáng trên kim tự tháp là một trong những điều thú vị nhất đối với trẻ nhỏ trong khu vực	BUỔI TRÌNH DIỄN ÂM THANH VÀ ÁNH SÁNG TRÊN KIM TỰ THÁP LÀ MỘT TRONG NHỮNG ĐIỀU THÚ VỊ NHẤT ĐỐI VỚI TRẺ NHỎ TRONG KHU VỰC	BUỔI TRÌNH DIỄN ÂM THANH VÀ ÁNH SÁNG TRÊN KIM TỰ THÁP LÀ MỘT TRONG NHỮNG ĐIỀU THÚ VỊ NHẤT ĐỐI VỚI TRẺ NHỎ TRONG KHU VỰC
11450293425955231943-69	11450293425955231943.wav	SSL/download/paper_benchmark/fleurs/audio/11450293425955231943.wav	sử dụng tàu thuyền để vận chuyển hàng hóa là cách làm hiệu quả nhất ở thời điểm hiện tại để vận chuyển số lượng lớn con người và hàng hóa qua biển	SỬ DỤNG TÀU THUYỀN ĐỂ VẬN CHUYỂN HÀNG HÓA LÀ CÁCH LÀM HIỆU QUẢ NHẤT Ở THỜI ĐIỂM HIỆN TẠI ĐỂ VẬN CHUYỂN SỐ LƯỢNG LỚN CON NGƯỜI VÀ HÀNG HÓA QUA BIỂN	SỬ DỤNG TÀU THUYỀN ĐỂ VẬN CHUYỂN HÀNG HÓA LÀ CÁCH LÀM HIỆU QUẢ NHẤT Ở THỜI ĐIỂM HIỆN TẠI ĐỂ VẬN CHUYỂN SỐ LƯỢNG LỚN CON NGƯỜI VÀ HÀNG HÓA QUA BIỂN
11595830277981788585-77	11595830277981788585.wav	SSL/download/paper_benchmark/fleurs/audio/11595830277981788585.wav	hầu hết các tòa nhà ở ngoài rìa khu quần thể đều được tái tạo nhằm giúp du khách hình dung rõ nét hơn về diện mạo nguyên bản của chúng	HẦU HẾT CÁC TÒA NHÀ Ở NGOÀI RÌA KHU THỂ ĐỀU ĐƯỢC TÁI TẠO NHẰM GIÚP DU KHÁCH HÌNH DUNG RÕ NÉT HƠN VỀ DIỆN MẠO NGUYÊN BẢN CỦA CHÚNG	HẦU HẾT CÁC TÒA NHÀ Ở NGOÀI RÌA KHU QUẦN THỂ ĐỀU ĐƯỢC TÁI TẠO NHẰM GIÚP DU KHÁCH HÌNH DUNG RÕ NÉT HƠN VỀ DIỆN MẠO NGUYÊN BẢN CỦA CHÚNG
11713929120899460425-85	11713929120899460425.wav	SSL/download/paper_benchmark/fleurs/audio/11713929120899460425.wav	bishkek được một người quan sát giải thích là rơi vào tình trạng vô chính phủ khi các băng nhóm tràn ra đường và cướp phá các cửa hàng nhu yếu phẩm	BIẾT ĐƯỢC MỘT NGƯỜI QUAN SÁT GIẢI THÍCH LÀ RƠI VÀO TÌNH TRẠNG VÔ CHÍNH PHỦ KHI CÁC BĂNG NHÓM TRÀN RA ĐƯỜNG VÀ CƯỚP PHÁ CÁC CỬA HÀNG NHU YẾU PHẨM	BISHKEK ĐƯỢC MỘT NGƯỜI QUAN SÁT GIẢI THÍCH LÀ RƠI VÀO TÌNH TRẠNG VÔ CHÍNH PHỦ KHI CÁC BĂNG NHÓM TRÀN RA ĐƯỜNG VÀ CƯỚP PHÁ CÁC CỬA HÀNG NHU YẾU PHẨM
11865440625930247388-93	11865440625930247388.wav	SSL/download/paper_benchmark/fleurs/audio/11865440625930247388.wav	bà kirchner tuyên bố ý định tranh cử tổng thống tại nhà hát argentina đây cũng là địa điểm bà từng sử dụng để bắt đầu chương trình tranh cử vào thượng viện năm 2005 với tư cách là thành viên của phái đoàn tỉnh buenos aires	BÀ KIT NƠ TUYÊN BỐ Ý ĐỊNH TRANH CỬ TỔNG THỐNG TẠI NHÀ HÁT ÁC HEN TINA ĐÂY CŨNG LÀ ĐỊA ĐIỂM BÀ TỪNG SỬ DỤNG ĐỂ BẮT ĐẦU CHƯƠNG TRÌNH TRANH CỬ VÀO THƯỢNG VIỆN NĂM HAI KHÔNG KHÔNG NĂM VỚI TƯ CÁCH LÀ THÀNH VIÊN CỦA PHÁI ĐOÀN TỈNH BONS E	BÀ KIRCHNER TUYÊN BỐ Ý ĐỊNH TRANH CỬ TỔNG THỐNG TẠI NHÀ HÁT ARGENTINA ĐÂY CŨNG LÀ ĐỊA ĐIỂM BÀ TỪNG SỬ DỤNG ĐỂ BẮT ĐẦU CHƯƠNG TRÌNH TRANH CỬ VÀO THƯỢNG VIỆN NĂM 2005 VỚI TƯ CÁCH LÀ THÀNH VIÊN CỦA PHÁI ĐOÀN TỈNH BUENOS AIRES
12064850187674963207-101	12064850187674963207.wav	SSL/download/paper_benchmark/fleurs/audio/12064850187674963207.wav	thành phần của các tinh thể này khớp với những gì được tìm thấy trong nước tiểu của thú cưng bị mắc bệnh khi so sánh bằng quang phổ hồng ngoại ftir	THÀNH PHẦN CỦA CÁC TINH THỂ NÀY KHỚP VỚI NHỮNG GÌ ĐƯỢC TÌM THẤY TRONG NƯỚC TIỂU CỦA THÚ CƯNG BỊ MẮC BỆNH KHI SO SÁNH BẰNG QUANG PHỔ HỒNG NGOẠI	THÀNH PHẦN CỦA CÁC TINH THỂ NÀY KHỚP VỚI NHỮNG GÌ ĐƯỢC TÌM THẤY TRONG NƯỚC TIỂU CỦA THÚ CƯNG BỊ MẮC BỆNH KHI SO SÁNH BẰNG QUANG PHỔ HỒNG NGOẠI FTIR
12189153065260610544-109	12189153065260610544.wav	SSL/download/paper_benchmark/fleurs/audio/12189153065260610544.wav	đừng phá hoại cảnh quan bằng cách viết vẽ khắc tranh phun sơn lên tường	ĐỪNG PHÁ HOẠI CẢNH QUAN BẰNG CÁCH VIẾT VẼ TRANH PHONG SƠN LÊN TƯỜNG	ĐỪNG PHÁ HOẠI CẢNH QUAN BẰNG CÁCH VIẾT VẼ KHẮC TRANH PHUN SƠN LÊN TƯỜNG
12362495735385342486-117	12362495735385342486.wav	SSL/download/paper_benchmark/fleurs/audio/12362495735385342486.wav	lệnh này là phản ứng của martelly với các cuộc biểu tình chống chế độ lan rộng từ tháng 10	LỆNH NÀY LÀ PHẢN ỨNG CỦA MA TÊ LI VỚI CÁC CUỘC BIỂU TÌNH CHỐNG CHẾ ĐỘ LAN RỘNG TỪ THÁNG MƯỜI	LỆNH NÀY LÀ PHẢN ỨNG CỦA MARTELLY VỚI CÁC CUỘC BIỂU TÌNH CHỐNG CHẾ ĐỘ LAN RỘNG TỪ THÁNG 10
12468786784926900017-125	12468786784926900017.wav	SSL/download/paper_benchmark/fleurs/audio/12468786784926900017.wav	ví dụ định dạng chụp ảnh tĩnh phổ biến nhất trên thế giới là 35mm kích cỡ phim thịnh hành trước khi kết thúc thời đại phim analog	VÍ DỤ ĐỊNH DẠNG CHỤP ẢNH TỈNH PHỔ BIẾN NHẤT TRÊN THẾ GIỚI LÀ BA MƯƠI LĂM MILIMET KÍCH CỠ PHIM THỊNH HÀNH TRƯỚC KHI KẾT THÚC THỜI ĐẠI LO	VÍ DỤ ĐỊNH DẠNG CHỤP ẢNH TĨNH PHỔ BIẾN NHẤT TRÊN THẾ GIỚI LÀ 35MM KÍCH CỠ PHIM THỊNH HÀNH TRƯỚC KHI KẾT THÚC THỜI ĐẠI PHIM ANALOG
12581820950549690545-133	12581820950549690545.wav	SSL/download/paper_benchmark/fleurs/audio/12581820950549690545.wav	ban đầu ông ta nhập viện tại bệnh viện james paget ở great yarmouth	BAN ĐẦU ÔNG TA NHẬP VIỆN TẠI BỆNH VIỆN YMBAK Ở RITIAT	BAN ĐẦU ÔNG TA NHẬP VIỆN TẠI BỆNH VIỆN JAMES PAGET Ở GREAT YARMOUTH
12823418236780414010-141	12823418236780414010.wav	SSL/download/paper_benchmark/fleurs/audio/12823418236780414010.wav	các cảnh được chiếu trên kim tự tháp và các kim tự tháp khác nhau được thắp sáng	CÁC CẢNH ĐƯỢC CHIẾU TRÊN KIM TỬ VÀ CÁC KIM TỬ KHẮC NHAU ĐƯỢC THẮP SÁNG	CÁC CẢNH ĐƯỢC CHIẾU TRÊN KIM TỰ THÁP VÀ CÁC KIM TỰ THÁP KHÁC NHAU ĐƯỢC THẮP SÁNG
12938753757245337215-149	12938753757245337215.wav	SSL/download/paper_benchmark/fleurs/audio/12938753757245337215.wav	kể từ khi thành lập asunción vào năm 1537 paraguay đã cố gắng duy trì những đặc điểm và bản sắc bản địa của mình	KỂ TỪ KHI THÀNH LẬP AXON VÀO NĂM MỘT NGÀN NĂM TRĂM BA MƯƠI BẢY GAY ĐÃ CỐ GẮNG DUY TRÌ NHỮNG ĐẶC ĐIỂM VÀ BẢN SẮC BẢN ĐỊA CỦA MÌNH	KỂ TỪ KHI THÀNH LẬP ASUNCIÓN VÀO NĂM 1537 PARAGUAY ĐÃ CỐ GẮNG DUY TRÌ NHỮNG ĐẶC ĐIỂM VÀ BẢN SẮC BẢN ĐỊA CỦA MÌNH
13118766203564845783-157	13118766203564845783.wav	SSL/download/paper_benchmark/fleurs/audio/13118766203564845783.wav	một quả bom đã phát nổ phía bên ngoài văn phòng toàn quyền	MỘT QUẢ BOM ĐÃ PHÁT NỔ PHÍA BÊN NGOÀI VĂN PHÒNG TÒA	MỘT QUẢ BOM ĐÃ PHÁT NỔ PHÍA BÊN NGOÀI VĂN PHÒNG TOÀN QUYỀN
13323825319963267354-165	13323825319963267354.wav	SSL/download/paper_benchmark/fleurs/audio/13323825319963267354.wav	sundarbans là vành đai rừng ngập mặn ven biển lớn nhất trên thế giới trải dài 80 km 50 dặm vào nội địa băng-la-đét và ấn độ từ bờ biển	SUNDA BAN LÀ VÀNH ĐAI RỪNG NGẬP MẶN LỚN NHẤT TRÊN THẾ GIỚI TRẢI DÀI TÁM MƯƠI KILOMET NĂM MƯƠI DẶM VÀO NỘI ĐỊA VÀ ẤN ĐỘ TỪ BỜ BIỂN	SUNDARBANS LÀ VÀNH ĐAI RỪNG NGẬP MẶN VEN BIỂN LỚN NHẤT TRÊN THẾ GIỚI TRẢI DÀI 80 KM 50 DẶM VÀO NỘI ĐỊA BĂNG LA ĐÉT VÀ ẤN ĐỘ TỪ BỜ BIỂN
13497847970853394454-173	13497847970853394454.wav	SSL/download/paper_benchmark/fleurs/audio/13497847970853394454.wav	hiện vẫn còn nhiều người nam và nữ còn sống đã sống sót qua thời gian bị giam cầm ở đây và thêm nhiều người nữa có thân nhân đã bị sát hại hoặc đã bị khổ lao đến chết tại nơi này cả người do thái lẫn những người không phải do thái	HIỆN VẪN CÒN NHIỀU NGƯỜI NAM VÀ NỮ CÒN SỐNG ĐÃ SỐNG SÓT QUA THỜI GIAN BỊ GIAM CẦM Ở ĐÂY VÀ THÊM NHIỀU NGƯỜI NỮA CÓ THÂN NHÂN ĐÃ BỊ SÁT HẠI HOẶC ĐÃ BỊ KHỔ LAO ĐẾN CHẾT TẠI NƠI NÀY CẢ NGƯỜI DO THÁI LẪN NHỮNG NGƯỜI KHÔNG PHẢI DO THÁI	HIỆN VẪN CÒN NHIỀU NGƯỜI NAM VÀ NỮ CÒN SỐNG ĐÃ SỐNG SÓT QUA THỜI GIAN BỊ GIAM CẦM Ở ĐÂY VÀ THÊM NHIỀU NGƯỜI NỮA CÓ THÂN NHÂN ĐÃ BỊ SÁT HẠI HOẶC ĐÃ BỊ KHỔ LAO ĐẾN CHẾT TẠI NƠI NÀY CẢ NGƯỜI DO THÁI LẪN NHỮNG NGƯỜI KHÔNG PHẢI DO THÁI
13623898274429459653-181	13623898274429459653.wav	SSL/download/paper_benchmark/fleurs/audio/13623898274429459653.wav	người ta có thể không lường trước được rằng sự kiên nhẫn và thấu hiểu cũng rất cần thiết cho việc hồi hương	NGƯỜI TA CÓ THỂ KHÔNG LƯỜNG TRƯỚC ĐƯỢC RẰNG SỰ KIÊN NHẪN VÀ THẤU HIỂU CŨNG RẤT CẦN THIẾT CHO VIỆC HỒI	NGƯỜI TA CÓ THỂ KHÔNG LƯỜNG TRƯỚC ĐƯỢC RẰNG SỰ KIÊN NHẪN VÀ THẤU HIỂU CŨNG RẤT CẦN THIẾT CHO VIỆC HỒI HƯƠNG
13815164471527913399-189	13815164471527913399.wav	SSL/download/paper_benchmark/fleurs/audio/13815164471527913399.wav	ví dụ định dạng chụp ảnh tĩnh phổ biến nhất trên thế giới là 35mm kích cỡ phim thịnh hành trước khi kết thúc thời đại phim analog	VÍ DỤ ĐỊNH DẠNG CHỤP ẢNH TỈNH PHỔ BIẾN NHẤT TRÊN THẾ GIỚI LÀ BA MƯƠI LĂM MILIMET KÍCH CỠ PHIM TỈNH THÀNH TRƯỚC KHI KẾT THÚC ĐẨY PHIM ANARLO	VÍ DỤ ĐỊNH DẠNG CHỤP ẢNH TĨNH PHỔ BIẾN NHẤT TRÊN THẾ GIỚI LÀ 35MM KÍCH CỠ PHIM THỊNH HÀNH TRƯỚC KHI KẾT THÚC THỜI ĐẠI PHIM ANALOG
14012836601347435866-197	14012836601347435866.wav	SSL/download/paper_benchmark/fleurs/audio/14012836601347435866.wav	ottawa là thủ đô song ngữ quyến rũ của canada sở hữu hàng loạt phòng trưng bày nghệ thuật và bảo tàng trưng bày các hiện vật lịch sử và hiện đại của canada	AL LÀ THỦ ĐÔ SONG NGỮ QUYẾN RŨ CỦA CANADA HÀNG LOẠT PHÒNG TRƯNG BÀY NGHỆ THUẬT VÀ BẢO TÀNG TRƯNG BÀY CÁC HIỆN VẬT LỊCH SỬ VÀ HIỆN ĐẠI CỦA CANADA	OTTAWA LÀ THỦ ĐÔ SONG NGỮ QUYẾN RŨ CỦA CANADA SỞ HỮU HÀNG LOẠT PHÒNG TRƯNG BÀY NGHỆ THUẬT VÀ BẢO TÀNG TRƯNG BÀY CÁC HIỆN VẬT LỊCH SỬ VÀ HIỆN ĐẠI CỦA CANADA
1412261265106632938-205	1412261265106632938.wav	SSL/download/paper_benchmark/fleurs/audio/1412261265106632938.wav	các nguồn thực vật có thể tiếp cận nhanh nhất hẳn sẽ là nguồn protein có trong lá và cây họ đậu nhưng chúng khó cho những loài linh trưởng như chúng ta tiêu hóa trừ khi được nấu chín	CÁC NGUỒN THỰC VẬT CÓ THỂ TIẾP CẬN NHANH NHẤT HẲN SẼ LÀ NGUỒN PROTEIN CÓ TRONG LÁ VÀ CÂY HỌ ĐẬU NHƯNG CHÚNG KHÓ CHO NHỮNG LOÀI LINH TRƯỞNG NHƯ CHÚNG TA TIÊU HÓA TRỪ KHI ĐƯỢC NẤU CHÍN	CÁC NGUỒN THỰC VẬT CÓ THỂ TIẾP CẬN NHANH NHẤT HẲN SẼ LÀ NGUỒN PROTEIN CÓ TRONG LÁ VÀ CÂY HỌ ĐẬU NHƯNG CHÚNG KHÓ CHO NHỮNG LOÀI LINH TRƯỞNG NHƯ CHÚNG TA TIÊU HÓA TRỪ KHI ĐƯỢC NẤU CHÍN
14333125904443822322-213	14333125904443822322.wav	SSL/download/paper_benchmark/fleurs/audio/14333125904443822322.wav	quần đảo nằm cách bán đảo 120 km phía bắc peninsula đảo lớn nhất là king george với sự hiện diện của làng villa las estrellas	QUẦN ĐẢO NẰM CÁCH BÁN ĐẢO MỘT TRĂM HAI MƯƠI KI LÔ MÉT PHÍA BẮC NEULA LỚN NHẤT LÀ KENNZO VỚI SỰ HIỆN DIỆN CỦA LÀNG GULAS ATROLA	QUẦN ĐẢO NẰM CÁCH BÁN ĐẢO 120 KM PHÍA BẮC PENINSULA ĐẢO LỚN NHẤT LÀ KING GEORGE VỚI SỰ HIỆN DIỆN CỦA LÀNG VILLA LAS ESTRELLAS
14490595949242088897-221	14490595949242088897.wav	SSL/download/paper_benchmark/fleurs/audio/14490595949242088897.wav	điều này có vẻ hợp lý vì ta không cảm thấy trái đất đang di chuyển phải không	ĐIỀU NÀY CÓ VẺ HỢP LÝ VÌ TA KHÔNG CẢM THẤY TRÁI ĐẤT ĐANG DI CHUYỂN PHẢI KHÔNG	ĐIỀU NÀY CÓ VẺ HỢP LÝ VÌ TA KHÔNG CẢM THẤY TRÁI ĐẤT ĐANG DI CHUYỂN PHẢI KHÔNG
14590884032213415826-229	14590884032213415826.wav	SSL/download/paper_benchmark/fleurs/audio/14590884032213415826.wav	khu vực này tiếp giáp với sahei về phía bắc và giáp đại tây dương về phía nam và phía tây	KHU VỰC NÀY TIẾP GIÁP VỚI SAY VỀ PHÍA BẮC VÀ GIÁP ĐẠI TÂY DƯƠNG VỀ PHÍA NAM VÀ PHÍA TÂY	KHU VỰC NÀY TIẾP GIÁP VỚI SAHEI VỀ PHÍA BẮC VÀ GIÁP ĐẠI TÂY DƯƠNG VỀ PHÍA NAM VÀ PHÍA TÂY
14685394864427394746-237	14685394864427394746.wav	SSL/download/paper_benchmark/fleurs/audio/14685394864427394746.wav	đảng cầm quyền tổ chức nhân dân tây nam phi swapo cũng giữ được thế đa số trong các cuộc bầu cử nghị viện	ĐẢNG CẦM QUYỀN TỔ CHỨC NHÂN DÂN TÂY NAM PHILIOBO CŨNG GIỮ ĐƯỢC THẾ ĐA SỐ TRONG CÁC CUỘC BẦU CỬ VIỆN	ĐẢNG CẦM QUYỀN TỔ CHỨC NHÂN DÂN TÂY NAM PHI SWAPO CŨNG GIỮ ĐƯỢC THẾ ĐA SỐ TRONG CÁC CUỘC BẦU CỬ NGHỊ VIỆN
14912300683554894388-245	14912300683554894388.wav	SSL/download/paper_benchmark/fleurs/audio/14912300683554894388.wav	thời đại mà các sự kiện này diễn ra thường được gọi là trung kỳ thời trung cổ một giai đoạn trong lịch sử châu âu vào thế kỷ thứ 11 12 và 13 năm 1000-1300 sau công nguyên	THỜI ĐẠI MÀ CÁC SỰ KIỆN NÀY DIỄN RA THƯỜNG ĐƯỢC GỌI LÀ TRUNG KỲ THỜI TRUNG CỔ MỘT GIAI ĐOẠN TRONG LỊCH SỬ CHÂU ÂU VÀO THẾ KỈ THỨ MƯỜI MỘT MƯỜI HAI VÀ MƯỜI BA NĂM MỘT NGÀN ĐẾN MỘT NGÀN BA TRĂM SAU CÔNG NGUYÊN	THỜI ĐẠI MÀ CÁC SỰ KIỆN NÀY DIỄN RA THƯỜNG ĐƯỢC GỌI LÀ TRUNG KỲ THỜI TRUNG CỔ MỘT GIAI ĐOẠN TRONG LỊCH SỬ CHÂU ÂU VÀO THẾ KỶ THỨ 11 12 VÀ 13 NĂM 1000 1300 SAU CÔNG NGUYÊN
15057408631256003698-253	15057408631256003698.wav	SSL/download/paper_benchmark/fleurs/audio/15057408631256003698.wav	casablanca là một trong những nơi ít thú vị nhất để mua sắm trên khắp ma-rốc	KASANK LÀ MỘT TRONG NHỮNG NƠI ÍT THÚ VỊ NHẤT ĐỂ MUA SẮM TRÊN KHẮP MA RỐC	CASABLANCA LÀ MỘT TRONG NHỮNG NƠI ÍT THÚ VỊ NHẤT ĐỂ MUA SẮM TRÊN KHẮP MA RỐC
15171765857742160663-261	15171765857742160663.wav	SSL/download/paper_benchmark/fleurs/audio/15171765857742160663.wav	vì vào thời kỳ cực thịnh của chúng ô nhiễm ánh sáng không phải là vấn đề lớn như hiện nay chúng thường được đặt ở các thành phố hoặc các khu trường sở dễ tiếp cập hơn những các được xây ở thời hiện đại	VÌ VÀO THỜI KỲ CỰC THỊNH CỦA CHÚNG Ô NHIỄM ÁNH SÁNG KHÔNG PHẢI LÀ VẤN ĐỀ LỚN NHƯ HIỆN NAY CHÚNG THƯỜNG ĐƯỢC ĐẶT Ở CÁC THÀNH PHỐ HOẶC CÁC KHU TRỤ SỞ DỄ TIẾP CẬN HƠN NHỮNG CÁT ĐƯỢC XÂY Ở THỜI HIỆN ĐẠI	VÌ VÀO THỜI KỲ CỰC THỊNH CỦA CHÚNG Ô NHIỄM ÁNH SÁNG KHÔNG PHẢI LÀ VẤN ĐỀ LỚN NHƯ HIỆN NAY CHÚNG THƯỜNG ĐƯỢC ĐẶT Ở CÁC THÀNH PHỐ HOẶC CÁC KHU TRƯỜNG SỞ DỄ TIẾP CẬP HƠN NHỮNG CÁC ĐƯỢC XÂY Ở THỜI HIỆN ĐẠI
15301330572903993790-269	15301330572903993790.wav	SSL/download/paper_benchmark/fleurs/audio/15301330572903993790.wav	năm 2002 thành phố goma bị san bằng bởi núi lửa nyiragongo thảm họa núi lửa phun trào này đã chôn vùi phần lớn thành phố này đặc biệt là khu vực trung tâm thành phố	NĂM HAI KHÔNG KHÔNG HAI THÀNH PHỐ GOMA BỊ SAN BẰNG BỞI NÚI LỬA NI GONG THẢM HỌA LỬA NÀY ĐÃ CHÔN VÙI PHẦN LỚN THÀNH PHỐ NÀY ĐẶC BIỆT LÀ KHU VỰC TRUNG TÂM THÀNH PHỐ	NĂM 2002 THÀNH PHỐ GOMA BỊ SAN BẰNG BỞI NÚI LỬA NYIRAGONGO THẢM HỌA NÚI LỬA PHUN TRÀO NÀY ĐÃ CHÔN VÙI PHẦN LỚN THÀNH PHỐ NÀY ĐẶC BIỆT LÀ KHU VỰC TRUNG TÂM THÀNH PHỐ
15426352243800908974-277	15426352243800908974.wav	SSL/download/paper_benchmark/fleurs/audio/15426352243800908974.wav	văn phòng của thống đốc cho biết mười chín người trong số những người bị thương là sĩ quan cảnh sát	VĂN PHÒNG CỦA THỐNG ĐỐC CHO BIẾT MƯỜI CHÍN NGƯỜI TRONG SỐ NHỮNG NGƯỜI BỊ THƯƠNG LÀ SĨ QUAN CẢNH SÁT	VĂN PHÒNG CỦA THỐNG ĐỐC CHO BIẾT MƯỜI CHÍN NGƯỜI TRONG SỐ NHỮNG NGƯỜI BỊ THƯƠNG LÀ SĨ QUAN CẢNH SÁT
15545872505580429517-285	15545872505580429517.wav	SSL/download/paper_benchmark/fleurs/audio/15545872505580429517.wav	greenland có dân cư thưa thớt thần thoại bắc âu kể rằng erik red bị trục xuất khỏi iceland vì tội giết người và khi đang đi về hướng tây ông đã tìm ra greenland và đặt tên vùng đất là greenland	REN CÓ DÂN CƯ THỪA THỚT THẦN THOẠI BẮC ÂU KỂ RẰNG ERIK BỊ TRỤC XUẤT KHỎI ILAND VÌ TỘI GIẾT NGƯỜI VÀ KHI ĐANG ĐI VỀ HƯỚNG TÂY ÔNG ĐÃ TÌM RA RIN LAND VÀ ĐẶT TÊN VÙNG ĐẤT LÀ REN	GREENLAND CÓ DÂN CƯ THƯA THỚT THẦN THOẠI BẮC ÂU KỂ RẰNG ERIK RED BỊ TRỤC XUẤT KHỎI ICELAND VÌ TỘI GIẾT NGƯỜI VÀ KHI ĐANG ĐI VỀ HƯỚNG TÂY ÔNG ĐÃ TÌM RA GREENLAND VÀ ĐẶT TÊN VÙNG ĐẤT LÀ GREENLAND
1562013951766668712-293	1562013951766668712.wav	SSL/download/paper_benchmark/fleurs/audio/1562013951766668712.wav	tuy nhiên về khía cạnh này thì khu vực schengen vận hành gần như một quốc gia duy nhất	TUY NHIÊN VỀ KHÍA CẠNH NÀY THÌ KHU VỰC TREN VẬN HÀNH GẦN NHƯ MỘT QUỐC GIA DUY NHẤT	TUY NHIÊN VỀ KHÍA CẠNH NÀY THÌ KHU VỰC SCHENGEN VẬN HÀNH GẦN NHƯ MỘT QUỐC GIA DUY NHẤT
15723557604910929701-301	15723557604910929701.wav	SSL/download/paper_benchmark/fleurs/audio/15723557604910929701.wav	thời tiết khắc nghiệt là thuật ngữ chung chỉ bất kỳ hiện tượng thời tiết nguy hiểm nào có nguy cơ gây ra thiệt hại ảnh hưởng đời sống xã hội nghiêm trọng hoặc gây tử vong	THỜI TIẾT KHẮC NGHIỆT LÀ THUẬT NGỮ CHUNG CHỈ BẤT KỲ HIỆN TƯỢNG THỜI TIẾT NGUY HIỂM NÀO CÓ NGUY CƠ GÂY RA THIỆT HẠI ẢNH HƯỞNG ĐỜI SỐNG XÃ HỘI NGHIÊM TRỌNG HOẶC GÂY TỬ VONG	THỜI TIẾT KHẮC NGHIỆT LÀ THUẬT NGỮ CHUNG CHỈ BẤT KỲ HIỆN TƯỢNG THỜI TIẾT NGUY HIỂM NÀO CÓ NGUY CƠ GÂY RA THIỆT HẠI ẢNH HƯỞNG ĐỜI SỐNG XÃ HỘI NGHIÊM TRỌNG HOẶC GÂY TỬ VONG
15889403410364153213-309	15889403410364153213.wav	SSL/download/paper_benchmark/fleurs/audio/15889403410364153213.wav	sử dụng tàu thuyền để vận chuyển hàng hóa là cách làm hiệu quả nhất ở thời điểm hiện tại để vận chuyển số lượng lớn con người và hàng hóa qua biển	SỬ DỤNG TÀU THUYỀN ĐỂ VẬN CHUYỂN HÀNG HÓA LÀ CÁCH LÀM HIỆU QUẢ NHẤT Ở THỜI ĐIỂM HIỆN TẠI ĐỂ VẬN CHUYỂN SỐ LƯỢNG LỚN CON NGƯỜI VÀ HÀNG HÓA QUA BIỂN	SỬ DỤNG TÀU THUYỀN ĐỂ VẬN CHUYỂN HÀNG HÓA LÀ CÁCH LÀM HIỆU QUẢ NHẤT Ở THỜI ĐIỂM HIỆN TẠI ĐỂ VẬN CHUYỂN SỐ LƯỢNG LỚN CON NGƯỜI VÀ HÀNG HÓA QUA BIỂN
16063384082369300027-317	16063384082369300027.wav	SSL/download/paper_benchmark/fleurs/audio/16063384082369300027.wav	bản tin truyền hình cho thấy có khói trắng bốc ra từ nhà máy	BẢN TIN TRUYỀN HÌNH CHO THẤY CÓ KHÓI TRẮNG BỐC RA TỪ NHÀ MÁY	BẢN TIN TRUYỀN HÌNH CHO THẤY CÓ KHÓI TRẮNG BỐC RA TỪ NHÀ MÁY
16191639070518849150-325	16191639070518849150.wav	SSL/download/paper_benchmark/fleurs/audio/16191639070518849150.wav	thời tiết khắc nghiệt là thuật ngữ chung chỉ bất kỳ hiện tượng thời tiết nguy hiểm nào có nguy cơ gây ra thiệt hại ảnh hưởng đời sống xã hội nghiêm trọng hoặc gây tử vong	THỜI TIẾT KHẮC NGHIỆT LÀ THUẬT NGỮ CHUNG CHỈ BẤT KỲ HIỆN TƯỢNG THỜI TIẾT NGUY HIỂM NÀO CÓ NGUY CƠ GÂY RA THIỆT HẠI ẢNH HƯỞNG ĐỜI SỐNG XÃ HỘI NGHIÊM TRỌNG HOẶC GÂY TỬ VONG	THỜI TIẾT KHẮC NGHIỆT LÀ THUẬT NGỮ CHUNG CHỈ BẤT KỲ HIỆN TƯỢNG THỜI TIẾT NGUY HIỂM NÀO CÓ NGUY CƠ GÂY RA THIỆT HẠI ẢNH HƯỞNG ĐỜI SỐNG XÃ HỘI NGHIÊM TRỌNG HOẶC GÂY TỬ VONG
1638425389371107146-333	1638425389371107146.wav	SSL/download/paper_benchmark/fleurs/audio/1638425389371107146.wav	không hề có một định nghĩa cụ thể nào để xác định một món đồ sản xuất là đồ cổ hay không một số cơ quan thuế quy định hàng hóa trên 100 tuổi là đồ cổ	KHÔNG HỀ CÓ MỘT ĐỊNH NGHĨA CỤ THỂ NÀO ĐỂ XÁC ĐỊNH MỘT MÓN ĐỒ SẢN XUẤT LÀ ĐỒ CỔ HAY KHÔNG MỘT SỐ CƠ QUAN THUẾ QUY ĐỊNH HÀNG HÓA TRÊN MỘT TRĂM TUỔI LÀ ĐỒ CỔ	KHÔNG HỀ CÓ MỘT ĐỊNH NGHĨA CỤ THỂ NÀO ĐỂ XÁC ĐỊNH MỘT MÓN ĐỒ SẢN XUẤT LÀ ĐỒ CỔ HAY KHÔNG MỘT SỐ CƠ QUAN THUẾ QUY ĐỊNH HÀNG HÓA TRÊN 100 TUỔI LÀ ĐỒ CỔ
16581787746855987621-341	16581787746855987621.wav	SSL/download/paper_benchmark/fleurs/audio/16581787746855987621.wav	sư tử là loại mèo có tính xã hội nhất chúng sống theo những nhóm lớn gọi là bầy	SƯ TỬ LÀ LOẠI MÈO CÓ TÍNH XÃ HỘI NHẤT CHÚNG SỐNG THEO NHỮNG NHÓM LỚN GỌI LÀ BẦY	SƯ TỬ LÀ LOẠI MÈO CÓ TÍNH XÃ HỘI NHẤT CHÚNG SỐNG THEO NHỮNG NHÓM LỚN GỌI LÀ BẦY
16804968178539575670-349	16804968178539575670.wav	SSL/download/paper_benchmark/fleurs/audio/16804968178539575670.wav	hiệp hội thể dục hoa kỳ và usoc có chung một mục tiêu đó là làm cho môn thể dục và những môn thể thao khác trở nên càng an toàn càng tốt để các vận động viên có thể theo đuổi ước mơ của họ trong một môi trường an toàn tích cực và hữu ích	HIỆP HỘI THỂ DỤC HOA KỲ VÀ USOC NÓI CHUNG MỘT MỤC TIÊU ĐÓ LÀ LÀM CHO MÔN THỂ DỤC VÀ NHỮNG MÔN THỂ THAO KHÁC TRỞ NÊN CÀNG AN TOÀN CÀNG TỐT ĐỂ CÁC VẬN ĐỘNG VIÊN CÓ THỂ THEO ĐUỔI ƯỚC MƠ CỦA HỌ TRONG MỘT MÔI TRƯỜNG AN TOÀN TÍCH CỰC VÀ HỮU ÍCH	HIỆP HỘI THỂ DỤC HOA KỲ VÀ USOC CÓ CHUNG MỘT MỤC TIÊU ĐÓ LÀ LÀM CHO MÔN THỂ DỤC VÀ NHỮNG MÔN THỂ THAO KHÁC TRỞ NÊN CÀNG AN TOÀN CÀNG TỐT ĐỂ CÁC VẬN ĐỘNG VIÊN CÓ THỂ THEO ĐUỔI ƯỚC MƠ CỦA HỌ TRONG MỘT MÔI TRƯỜNG AN TOÀN TÍCH CỰC VÀ HỮU ÍCH
16982716422566157216-357	16982716422566157216.wav	SSL/download/paper_benchmark/fleurs/audio/16982716422566157216.wav	một quả bom đã phát nổ phía bên ngoài văn phòng toàn quyền	MỘT QUẢ BOM ĐÃ PHÁT NỔ BÊN NGOÀI VĂN PHÒNG TOÀN QUYỀN	MỘT QUẢ BOM ĐÃ PHÁT NỔ PHÍA BÊN NGOÀI VĂN PHÒNG TOÀN QUYỀN
17204062853965672463-365	17204062853965672463.wav	SSL/download/paper_benchmark/fleurs/audio/17204062853965672463.wav	điều này có vẻ hợp lý vì ta không cảm thấy trái đất đang di chuyển phải không	ĐIỀU NÀY CÓ VẺ HỢP LÝ VÌ TA KHÔNG CẢM THẤY TRÁI ĐẤT ĐANG DI CHUYỂN PHẢI KHÔNG	ĐIỀU NÀY CÓ VẺ HỢP LÝ VÌ TA KHÔNG CẢM THẤY TRÁI ĐẤT ĐANG DI CHUYỂN PHẢI KHÔNG
17371666960318745760-373	17371666960318745760.wav	SSL/download/paper_benchmark/fleurs/audio/17371666960318745760.wav	bác sĩ malar balasubramanian 29 tuổi được phát hiện nằm trên mặt đất ven đường trong trang phục áo thun và đồ lót nồng nặc thuốc ở blue ash một vùng ngoại ô cách cincinnati 15 dặm về phía bắc	BÁC SĨ MALASU GANI HAI MƯƠI CHÍN TUỔI ĐƯỢC PHÁT HIỆN NẰM TRÊN MẶT ĐẤT VEN ĐƯỜNG TRONG TRANG PHỤC ÁO THUNG VÀ ĐỒ LỐT NỒNG NẠC THUỐC Ở LUS MỘT VÙNG NGOẠI Ô CÁCH KIN KIN NATI MƯỜI LĂM DẶM VỀ PHÍA BẮC	BÁC SĨ MALAR BALASUBRAMANIAN 29 TUỔI ĐƯỢC PHÁT HIỆN NẰM TRÊN MẶT ĐẤT VEN ĐƯỜNG TRONG TRANG PHỤC ÁO THUN VÀ ĐỒ LÓT NỒNG NẶC THUỐC Ở BLUE ASH MỘT VÙNG NGOẠI Ô CÁCH CINCINNATI 15 DẶM VỀ PHÍA BẮC
1746610836465212452-381	1746610836465212452.wav	SSL/download/paper_benchmark/fleurs/audio/1746610836465212452.wav	nhiệm vụ truyền thống của lực lượng hải quân là phải đảm bảo việc duy trì khả năng vận chuyển người và hàng hoá của quốc gia đồng thời can thiệp vào công tác di chuyển người và hàng hoá của quân địch	NHIỆM VỤ TRUYỀN THỐNG CỦA LỰC LƯỢNG HẢI QUÂN LÀ ĐẢM BẢO VIỆC DUY TRÌ KHẢ NĂNG VẬN CHUYỂN NGƯỜI VÀ HÀNG HÓA CỦA QUỐC GIA ĐỒNG THỜI CAN THIỆP CÔNG TÁC DI CHUYỂN NGƯỜI VÀ HÀNG HÓA CỦA ĐỊCH	NHIỆM VỤ TRUYỀN THỐNG CỦA LỰC LƯỢNG HẢI QUÂN LÀ PHẢI ĐẢM BẢO VIỆC DUY TRÌ KHẢ NĂNG VẬN CHUYỂN NGƯỜI VÀ HÀNG HOÁ CỦA QUỐC GIA ĐỒNG THỜI CAN THIỆP VÀO CÔNG TÁC DI CHUYỂN NGƯỜI VÀ HÀNG HOÁ CỦA QUÂN ĐỊCH
17587428497481488917-389	17587428497481488917.wav	SSL/download/paper_benchmark/fleurs/audio/17587428497481488917.wav	nếu bạn chỉ vào bờ bằng xe đưa tham quan của hãng tàu thì bạn không cần đến thị thực riêng vào năm 2009	NẾU BẠN CHỈ VÀO BỜ BẰNG XE ĐƯA THAM QUAN CỦA HÃNG TÀU THÌ BẠN KHÔNG CẦN ĐẾN THỊ THỰC RIÊNG VÀO NĂM HAI NGÀN KHÔNG TRĂM LINH CHÍN	NẾU BẠN CHỈ VÀO BỜ BẰNG XE ĐƯA THAM QUAN CỦA HÃNG TÀU THÌ BẠN KHÔNG CẦN ĐẾN THỊ THỰC RIÊNG VÀO NĂM 2009
17751806624631182108-397	17751806624631182108.wav	SSL/download/paper_benchmark/fleurs/audio/17751806624631182108.wav	mitchell gourley của australia về đích ở vị trí thứ mười một ở cuộc đua super-g đứng dành cho nam đối thủ đến từ séc oldrich jelinek về đích ở vị trí thứ mười sáu ở cuộc đua super-g ngồi dành cho nam	MICHAGOLAY CỦA AUSTRALIA VỀ ĐÍCH Ở VỊ TRÍ THỨ MƯỜI MỘT Ở CUỘC ĐUA SUPER ĐỨNG DÀNH CHO NAM ĐỐI THỦ ĐẾN TỪ SETINET VỀ ĐÍCH Ở VỊ TRÍ THỨ MƯỜI SÁU Ở CUỘC ĐUA SUPERS NGỒI DÀNH CHO NAM	MITCHELL GOURLEY CỦA AUSTRALIA VỀ ĐÍCH Ở VỊ TRÍ THỨ MƯỜI MỘT Ở CUỘC ĐUA SUPER G ĐỨNG DÀNH CHO NAM ĐỐI THỦ ĐẾN TỪ SÉC OLDRICH JELINEK VỀ ĐÍCH Ở VỊ TRÍ THỨ MƯỜI SÁU Ở CUỘC ĐUA SUPER G NGỒI DÀNH CHO NAM
17883690563688391929-405	17883690563688391929.wav	SSL/download/paper_benchmark/fleurs/audio/17883690563688391929.wav	tuy nhiên những kế hoạch này sụp đổ gần như chỉ sau một đêm khi hơn 800.000 hồng quân liên xô đã tiến vào và tạo nên mặt trận belarus và ukraine sau khi xâm lược các vùng phía đông ba lan vi phạm hiệp ước hòa bình riga công ước không xâm phạm giữa liên xô và ba lan và các hiệp ước quốc tế khác cả song phương lẫn đa phương	TUY NHIÊN NHỮNG KẾ HOẠCH NÀY SỤP ĐỔ GẦN NHƯ CHỈ SAU MỘT ĐÊM KHI HƠN TÁM TRĂM NGÀN ĐỒNG QUÂN LIÊN XÔ ĐÃ TIẾN VÀO VÀ TẠM MẶT TRẬN MET VÀ UKRAINE SAU KHI XÂM LƯỢC CÁC VÙNG PHÍA ĐÔNG BA LAN VI PHẠM HIỆP ƯỚC HÒA BÌNH GHA CÔNG ƯỚC KHÔNG XÂM PHẠM GIỮA LIÊN XÔ VÀ BA LAN VÀ CÁC HIỆP ƯỚC QUỐC TẾ KHÁC CẢ SONG PHƯƠNG LẪN ĐA PHƯƠNG	TUY NHIÊN NHỮNG KẾ HOẠCH NÀY SỤP ĐỔ GẦN NHƯ CHỈ SAU MỘT ĐÊM KHI HƠN 800 000 HỒNG QUÂN LIÊN XÔ ĐÃ TIẾN VÀO VÀ TẠO NÊN MẶT TRẬN BELARUS VÀ UKRAINE SAU KHI XÂM LƯỢC CÁC VÙNG PHÍA ĐÔNG BA LAN VI PHẠM HIỆP ƯỚC HÒA BÌNH RIGA CÔNG ƯỚC KHÔNG XÂM PHẠM GIỮA LIÊN XÔ VÀ BA LAN VÀ CÁC HIỆP ƯỚC QUỐC TẾ KHÁC CẢ SONG PHƯƠNG LẪN ĐA PHƯƠNG
18182620563929515793-413	18182620563929515793.wav	SSL/download/paper_benchmark/fleurs/audio/18182620563929515793.wav	thành phố này cũng là căn cứ để leo lên núi lửa nyiragongo cùng với một số thiết bị theo dõi núi gorilla rẻ nhất ở châu phi	THÀNH PHỐ NÀY CŨNG LÀ CĂN CỨ ĐỂ LEO LÊN NÚI LỬA GAN CÙNG VỚI MỘT SỐ THIẾT BỊ THEO DÕI NÚI GOGI LA RẺ NHẤT Ở CHÂU PHI	THÀNH PHỐ NÀY CŨNG LÀ CĂN CỨ ĐỂ LEO LÊN NÚI LỬA NYIRAGONGO CÙNG VỚI MỘT SỐ THIẾT BỊ THEO DÕI NÚI GORILLA RẺ NHẤT Ở CHÂU PHI
18401568015769247281-421	18401568015769247281.wav	SSL/download/paper_benchmark/fleurs/audio/18401568015769247281.wav	ông nói thêm tuy vậy không nên yêu cầu các em thực hiện những bổn phận không phù hợp với giai đoạn phát triển trách nhiệm và khả năng của mình	ÔNG NÓI THÊM TUY VẬY KHÔNG NÊN YÊU CẦU CÁC EM THỰC HIỆN NHỮNG BỔN PHẬN KHÔNG PHÙ HỢP VỚI GIAI ĐOẠN PHÁT TRIỂN TRÁCH NHIỆM VÀ KHẢ NĂNG CỦA MÌNH	ÔNG NÓI THÊM TUY VẬY KHÔNG NÊN YÊU CẦU CÁC EM THỰC HIỆN NHỮNG BỔN PHẬN KHÔNG PHÙ HỢP VỚI GIAI ĐOẠN PHÁT TRIỂN TRÁCH NHIỆM VÀ KHẢ NĂNG CỦA MÌNH
1887123920362108042-429	1887123920362108042.wav	SSL/download/paper_benchmark/fleurs/audio/1887123920362108042.wav	năm phút sau khi bắt đầu cuộc trình diễn một cơn gió bắt đầu xuất hiện khoảng một phút sau gió đạt vận tốc 70km/h... sau đó mưa tới với cường độ mạnh và lớn đến nỗi da có cảm giác như bị kim châm sau đó mưa đá xuất hiện mọi người hoảng loạn và la hét và dẫm đạp lên nhau	NĂM PHÚT SAU KHI BẮT ĐẦU CUỘC TRÌNH DIỄN MỘT CƠN GIÓ BẮT ĐẦU XUẤT HIỆN KHOẢNG MỘT PHÚT SAU GIÓ ĐẠT VẬN TỐC BẢY MƯƠI KI LÔ MÉT TRÊN GIỜ SAU ĐÓ MƯA TỚI VỚI CƯỜNG ĐỘ MẠNH VÀ LỚN ĐẾN NỖI DA CÓ CẢM GIÁC NHƯ BỊ KIM SAU ĐÓ MƯA ĐÁ XUẤT HIỆN MỌI NGƯỜI HOẢNG LOẠN VÀ LA HÉT VÀ DẪM ĐẠP LÊN NHAU	NĂM PHÚT SAU KHI BẮT ĐẦU CUỘC TRÌNH DIỄN MỘT CƠN GIÓ BẮT ĐẦU XUẤT HIỆN KHOẢNG MỘT PHÚT SAU GIÓ ĐẠT VẬN TỐC 70KM/H SAU ĐÓ MƯA TỚI VỚI CƯỜNG ĐỘ MẠNH VÀ LỚN ĐẾN NỖI DA CÓ CẢM GIÁC NHƯ BỊ KIM CHÂM SAU ĐÓ MƯA ĐÁ XUẤT HIỆN MỌI NGƯỜI HOẢNG LOẠN VÀ LA HÉT VÀ DẪM ĐẠP LÊN NHAU
1975993140885695002-437	1975993140885695002.wav	SSL/download/paper_benchmark/fleurs/audio/1975993140885695002.wav	trong bài viết diễn văn của tổng thống của mình oliver sacks chỉ ra làm thế nào những người không thể hiểu bài diễn văn vì bị tổn thương não lại có thể đánh giá chính xác sự trung thực	TRONG BÀI VIẾT DIỄN VĂN CỦA TỔNG THỐNG CỦA MÌNH Ô LIVERSAC CHỈ RA LÀM THẾ NÀO NHỮNG NGƯỜI KHÔNG THỂ HIỂU BÀI DIỄN VĂN VÌ BỊ TỔN THƯƠNG NÃO LẠI CÓ THỂ ĐÁNH GIÁ CHÍNH XÁC SỰ TRUNG THỰC	TRONG BÀI VIẾT DIỄN VĂN CỦA TỔNG THỐNG CỦA MÌNH OLIVER SACKS CHỈ RA LÀM THẾ NÀO NHỮNG NGƯỜI KHÔNG THỂ HIỂU BÀI DIỄN VĂN VÌ BỊ TỔN THƯƠNG NÃO LẠI CÓ THỂ ĐÁNH GIÁ CHÍNH XÁC SỰ TRUNG THỰC
2075881422575664764-445	2075881422575664764.wav	SSL/download/paper_benchmark/fleurs/audio/2075881422575664764.wav	đầu tiên hầu hết người cưỡi ngựa mang ủng có gót cao và đế trơn khá hẹp	ĐẦU TIÊN HẦU HẾT NGƯỜI CỞI NGỰA MANG ỦNG CÓ GÓT CAO VÀ ĐẾ TRƠN KHÁ HẸP	ĐẦU TIÊN HẦU HẾT NGƯỜI CƯỠI NGỰA MANG ỦNG CÓ GÓT CAO VÀ ĐẾ TRƠN KHÁ HẸP
2230499779291118365-453	2230499779291118365.wav	SSL/download/paper_benchmark/fleurs/audio/2230499779291118365.wav	chiến lược này đã chứng minh tính hiệu quả thông qua việc cắt đứt đường tiếp viện quân sự và dân sự mặc dù sự phong tỏa này đã vi phạm luật pháp quốc tế được chấp nhận rộng rãi quy ước bởi nhiều thỏa thuận quốc tế trong hai thế kỷ qua	CHIẾN LƯỢC NÀY ĐÃ CHỨNG MINH TÍNH HIỆU QUẢ THÔNG QUA VIỆC CẮT ĐỨT ĐƯỜNG TIẾP VIỆN QUÂN SỰ VÀ DÂN SỰ MẶC DÙ SỰ PHONG TỎA NÀY ĐÃ VI PHẠM LUẬT PHÁP QUỐC TẾ ĐƯỢC CHẤP NHẬN RỘNG RÃI QUY ƯỚC BỞI NHIỀU THỎA THUẬN QUỐC TẾ TRONG HAI THẾ KỶ QUA	CHIẾN LƯỢC NÀY ĐÃ CHỨNG MINH TÍNH HIỆU QUẢ THÔNG QUA VIỆC CẮT ĐỨT ĐƯỜNG TIẾP VIỆN QUÂN SỰ VÀ DÂN SỰ MẶC DÙ SỰ PHONG TỎA NÀY ĐÃ VI PHẠM LUẬT PHÁP QUỐC TẾ ĐƯỢC CHẤP NHẬN RỘNG RÃI QUY ƯỚC BỞI NHIỀU THỎA THUẬN QUỐC TẾ TRONG HAI THẾ KỶ QUA
2482378290915480437-461	2482378290915480437.wav	SSL/download/paper_benchmark/fleurs/audio/2482378290915480437.wav	các nguồn thực vật có thể tiếp cận nhanh nhất hẳn sẽ là nguồn protein có trong lá và cây họ đậu nhưng chúng khó cho những loài linh trưởng như chúng ta tiêu hóa trừ khi được nấu chín	CÁC NGUỒN THỰC VẬT CÓ THỂ TIẾP CẬN NHANH NHẤT HẲN SẼ LÀ NGUỒN PROTEIN CÓ TRONG LÁ VÀ CÂY HỌ ĐẬU NHƯNG CHÚNG KHÓ CHO NHỮNG LOÀI LINH TRƯỞNG NHƯ CHÚNG TA TIÊU HÓA TRỪ KHI ĐƯỢC NẤU CHÍN	CÁC NGUỒN THỰC VẬT CÓ THỂ TIẾP CẬN NHANH NHẤT HẲN SẼ LÀ NGUỒN PROTEIN CÓ TRONG LÁ VÀ CÂY HỌ ĐẬU NHƯNG CHÚNG KHÓ CHO NHỮNG LOÀI LINH TRƯỞNG NHƯ CHÚNG TA TIÊU HÓA TRỪ KHI ĐƯỢC NẤU CHÍN
2546467144566893111-469	2546467144566893111.wav	SSL/download/paper_benchmark/fleurs/audio/2546467144566893111.wav	nó nổi tiếng là tiêu điểm của sự xa hoa bắt đầu từ khoảng năm 400 tcn và kéo dài đến tận khoảng năm 1100 scn	NÓ NỔI TIẾNG LÀ TIÊU ĐIỂM CỦA SỰ XA HOA BẮT ĐẦU TỪ KHOẢNG NĂM BỐN TRĂM TRƯỚC CÔNG NGUYÊN VÀ KÉO DÀI ĐẾN TẬN KHOẢNG NĂM MỘT NGÀN MỘT TRĂM SAU CÔNG NGUYÊN	NÓ NỔI TIẾNG LÀ TIÊU ĐIỂM CỦA SỰ XA HOA BẮT ĐẦU TỪ KHOẢNG NĂM 400 TCN VÀ KÉO DÀI ĐẾN TẬN KHOẢNG NĂM 1100 SCN
2763917145054792756-477	2763917145054792756.wav	SSL/download/paper_benchmark/fleurs/audio/2763917145054792756.wav	vì vậy quá trình tổ chức làm việc cùng nhau để vượt qua một trở ngại nào đó có thể đưa đến quá trình cải tiến mới để phục vụ nhu cầu của khách hàng	VÌ VẬY QUÁ TRÌNH TỔ CHỨC LÀM VIỆC CÙNG NHAU ĐỂ VƯỢT QUA MỘT TRỞ NGẠI NÀO ĐÓ CÓ THỂ ĐƯA ĐẾN QUÁ TRÌNH CẢI TIẾN MỚI ĐỂ PHỤC VỤ NHU CẦU CỦA KHÁCH HÀNG	VÌ VẬY QUÁ TRÌNH TỔ CHỨC LÀM VIỆC CÙNG NHAU ĐỂ VƯỢT QUA MỘT TRỞ NGẠI NÀO ĐÓ CÓ THỂ ĐƯA ĐẾN QUÁ TRÌNH CẢI TIẾN MỚI ĐỂ PHỤC VỤ NHU CẦU CỦA KHÁCH HÀNG
2906472472550104812-485	2906472472550104812.wav	SSL/download/paper_benchmark/fleurs/audio/2906472472550104812.wav	tương tự như vậy bằng việc sở hữu thị thực schengen bạn không cần phải nộp đơn xin thị thực riêng biệt cho mỗi quốc gia thành viên schengen vì vậy tiết kiệm thời gian tiền bạc và thủ tục hồ sơ	TƯƠNG TỰ NHƯ VẬY BẰNG VIỆC SỞ HỮU THỊ THỰC GEN BẠN KHÔNG CẦN PHẢI NỘP ĐƠN XIN THỊ THỰC RIÊNG BIỆT CHO MỖI QUỐC GIA THÀNH VIÊN CEN VÌ VẬY TIẾT KIỆM THỜI GIAN TIỀN BẠC VÀ THỦ TỤC HỒ SƠ	TƯƠNG TỰ NHƯ VẬY BẰNG VIỆC SỞ HỮU THỊ THỰC SCHENGEN BẠN KHÔNG CẦN PHẢI NỘP ĐƠN XIN THỊ THỰC RIÊNG BIỆT CHO MỖI QUỐC GIA THÀNH VIÊN SCHENGEN VÌ VẬY TIẾT KIỆM THỜI GIAN TIỀN BẠC VÀ THỦ TỤC HỒ SƠ
3087278587852382105-493	3087278587852382105.wav	SSL/download/paper_benchmark/fleurs/audio/3087278587852382105.wav	ngày nay con người viết tin nhắn trên màn hình máy tính không bao giờ phải dúng đến gọt bút chì nữa	NGÀY NAY CON NGƯỜI VIẾT TIN NHẮN TRÊN MÀN HÌNH MÁY TÍNH KHÔNG BAO GIỜ PHẢI DÚN ĐẾN GỌT BÚT CHÌ NỮA	NGÀY NAY CON NGƯỜI VIẾT TIN NHẮN TRÊN MÀN HÌNH MÁY TÍNH KHÔNG BAO GIỜ PHẢI DÚNG ĐẾN GỌT BÚT CHÌ NỮA
3208631991451020626-501	3208631991451020626.wav	SSL/download/paper_benchmark/fleurs/audio/3208631991451020626.wav	đừng phá hoại cảnh quan bằng cách viết vẽ khắc tranh phun sơn lên tường	ĐỪNG PHÁ HOẠI CẢNH QUAN BẰNG CÁCH VIẾT VẼ TRANH PHUN SƠN LÊN TƯỜNG	ĐỪNG PHÁ HOẠI CẢNH QUAN BẰNG CÁCH VIẾT VẼ KHẮC TRANH PHUN SƠN LÊN TƯỜNG
3379814131661726270-509	3379814131661726270.wav	SSL/download/paper_benchmark/fleurs/audio/3379814131661726270.wav	đội nhóm làm việc từ xa phải đáp ứng tiêu chuẩn chất lượng như đội nhóm truyền thống nhưng vẫn có những khác biệt nhỏ	ĐỔI NHÓM LÀM VIỆC TỪ XA PHẢI ĐÁP ỨNG TIÊU CHUẨN CHẤT LƯỢNG NHƯ ĐỔI NHÓM TRUYỀN THỐNG NHƯNG VẪN CÓ NHỮNG KHÁC BIỆT NHỎ	ĐỘI NHÓM LÀM VIỆC TỪ XA PHẢI ĐÁP ỨNG TIÊU CHUẨN CHẤT LƯỢNG NHƯ ĐỘI NHÓM TRUYỀN THỐNG NHƯNG VẪN CÓ NHỮNG KHÁC BIỆT NHỎ
3589581806440994742-517	3589581806440994742.wav	SSL/download/paper_benchmark/fleurs/audio/3589581806440994742.wav	theo quy tắc này vị trí hữu hiệu nhất dành cho chủ thể chính là giao điểm của các đường phân chia hình ảnh thành ba phần theo chiều dọc và chiều ngang xem ví dụ	THEO QUY TẮC NÀY VỊ TRÍ HỮU HIỆU NHẤT DÀNH CHO CHỦ THỂ CHÍNH LÀ GIAO ĐIỂM CỦA CÁC ĐƯỜNG PHÂN CHIA HÌNH ẢNH THÀNH BA PHẦN THEO CHIỀU DỌC VÀ CHIỀU NGANG XEM VÍ DỤ	THEO QUY TẮC NÀY VỊ TRÍ HỮU HIỆU NHẤT DÀNH CHO CHỦ THỂ CHÍNH LÀ GIAO ĐIỂM CỦA CÁC ĐƯỜNG PHÂN CHIA HÌNH ẢNH THÀNH BA PHẦN THEO CHIỀU DỌC VÀ CHIỀU NGANG XEM VÍ DỤ
3676386476726801408-525	3676386476726801408.wav	SSL/download/paper_benchmark/fleurs/audio/3676386476726801408.wav	trong suốt thời kỳ này của lịch sử châu âu nhà thờ công giáo lúc này đã trở nên giàu có và quyền lực bắt đầu chịu sự soi xét	TRONG SUỐT THỜI KỲ NÀY CỦA LỊCH SỬ CHÂU ÂU NHÀ THỜ CÔNG GIÁO LÚC NÀY ĐÃ TRỞ NÊN GIÀU CÓ VÀ QUYỀN LỰC BẮT ĐẦU CHỊU SỰ SOI SÉT	TRONG SUỐT THỜI KỲ NÀY CỦA LỊCH SỬ CHÂU ÂU NHÀ THỜ CÔNG GIÁO LÚC NÀY ĐÃ TRỞ NÊN GIÀU CÓ VÀ QUYỀN LỰC BẮT ĐẦU CHỊU SỰ SOI XÉT
3793668196814493244-533	3793668196814493244.wav	SSL/download/paper_benchmark/fleurs/audio/3793668196814493244.wav	muhammad quan tâm sâu sắc đến những vấn đề ngoài cuộc sống trần tục này. ông ấy thường đến một hang động được gọi là hira‘ trên núi noor ánh sáng để suy ngẫm	MUHAM MAT QUAN TÂM SÂU SẮC ĐẾN NHỮNG VẤN ĐỀ NGOÀI CUỘC SỐNG NÀY ÔNG ẤY THƯỜNG ĐẾN MỘT HANG ĐỘNG ĐƯỢC GỌI LÀ HY TRÊN NÚI NO ÁNH SÁNG ĐỂ SUY NGẪM	MUHAMMAD QUAN TÂM SÂU SẮC ĐẾN NHỮNG VẤN ĐỀ NGOÀI CUỘC SỐNG TRẦN TỤC NÀY ÔNG ẤY THƯỜNG ĐẾN MỘT HANG ĐỘNG ĐƯỢC GỌI LÀ HIRA‘ TRÊN NÚI NOOR ÁNH SÁNG ĐỂ SUY NGẪM
3887186793104542535-541	3887186793104542535.wav	SSL/download/paper_benchmark/fleurs/audio/3887186793104542535.wav	xe buýt scotturb số 403 thường xuyên chạy đến sintra dừng ở cabo da roca	XE BUÝT CÓ TÊN SỐ BỐN TRĂM LINH BA THƯỜNG XUYÊN CHẠY ĐẾN SINCHA DỪNG Ở KBOA GOKA	XE BUÝT SCOTTURB SỐ 403 THƯỜNG XUYÊN CHẠY ĐẾN SINTRA DỪNG Ở CABO DA ROCA
3985281629780193322-549	3985281629780193322.wav	SSL/download/paper_benchmark/fleurs/audio/3985281629780193322.wav	lưu lượng giao thông là việc nghiên cứu di chuyển của các tài xế riêng biệt và những phương tiện giữa hai điểm cũng như cách họ tương tác với nhau	LƯU LƯỢNG GIAO THÔNG LÀ VIỆC NGHIÊN CỨU DI CHUYỂN CỦA CÁC TÀI XẾ RIÊNG BIỆT VÀ NHỮNG PHƯƠNG TIỆN GIỮA HAI ĐIỂM CŨNG NHƯ CÁCH HỌ TƯƠNG TÁC VỚI NHAU	LƯU LƯỢNG GIAO THÔNG LÀ VIỆC NGHIÊN CỨU DI CHUYỂN CỦA CÁC TÀI XẾ RIÊNG BIỆT VÀ NHỮNG PHƯƠNG TIỆN GIỮA HAI ĐIỂM CŨNG NHƯ CÁCH HỌ TƯƠNG TÁC VỚI NHAU
4044844413876101082-557	4044844413876101082.wav	SSL/download/paper_benchmark/fleurs/audio/4044844413876101082.wav	thí dụ mỗi năm các sinh viên trường bennet ở bắc carolina sẽ thiết kế một website về chuyến đi của họ tới thủ phủ của bang mỗi năm website này đều được mô hình hóa lại tuy nhiên các phiên bản cũ vẫn được duy trì trạng thái trực tuyến để làm lưu niệm	THÍ DỤ MỖI NĂM CÁC SINH VIÊN TRƯỜNG BEND Ở BẮC KAROLINA SẼ THIẾT KẾ MỘT WEBSITE VỀ CHUYẾN ĐI CỦA HỌ TỚI THỦ PHỦ CỦA BANG MỖI NĂM WEBSITE NÀY ĐỀU ĐƯỢC MÔ HÌNH HÓA LẠI TUY NHIÊN CÁC PHIÊN BẢN CŨ VẪN ĐƯỢC DUY TRÌ TRẠNG THÁI TRỰC TUYẾN ĐỂ LÀM LƯU NIỆM	THÍ DỤ MỖI NĂM CÁC SINH VIÊN TRƯỜNG BENNET Ở BẮC CAROLINA SẼ THIẾT KẾ MỘT WEBSITE VỀ CHUYẾN ĐI CỦA HỌ TỚI THỦ PHỦ CỦA BANG MỖI NĂM WEBSITE NÀY ĐỀU ĐƯỢC MÔ HÌNH HÓA LẠI TUY NHIÊN CÁC PHIÊN BẢN CŨ VẪN ĐƯỢC DUY TRÌ TRẠNG THÁI TRỰC TUYẾN ĐỂ LÀM LƯU NIỆM
4119119525381294893-565	4119119525381294893.wav	SSL/download/paper_benchmark/fleurs/audio/4119119525381294893.wav	vặn hai cục bột khô với nhau rồi bóp chúng thành một viên cầu bằng tay ướt sạch	VẶN HAI CỤC BỘT KHÔ VỚI NHAU NGỒI BÓP CHÚNG THÀNH MỘT VIÊN CẦU BẰNG TAY ƯỚT SẠCH	VẶN HAI CỤC BỘT KHÔ VỚI NHAU RỒI BÓP CHÚNG THÀNH MỘT VIÊN CẦU BẰNG TAY ƯỚT SẠCH
4228445878620428737-573	4228445878620428737.wav	SSL/download/paper_benchmark/fleurs/audio/4228445878620428737.wav	nó nổi tiếng là tiêu điểm của sự xa hoa bắt đầu từ khoảng năm 400 tcn và kéo dài đến tận khoảng năm 1100 scn	NÓ NỔI TIẾNG LÀ TIÊU ĐIỂM CỦA SỰ XA HOA BẮT ĐẦU TỪ KHOẢNG NĂM BỐN TRĂM TRƯỚC CÔNG NGUYÊN VÀ KÉO DÀI ĐẾN TẬN KHOẢNG NĂM MỘT NGÀN MỘT TRĂM SAU CÔNG NGUYÊN	NÓ NỔI TIẾNG LÀ TIÊU ĐIỂM CỦA SỰ XA HOA BẮT ĐẦU TỪ KHOẢNG NĂM 400 TCN VÀ KÉO DÀI ĐẾN TẬN KHOẢNG NĂM 1100 SCN
4386032523232689879-581	4386032523232689879.wav	SSL/download/paper_benchmark/fleurs/audio/4386032523232689879.wav	làm mẫu không phải là một phương pháp học tập mà là phương tiện trợ giúp cho những người đang trải qua một trải nghiệm học tập mới thí dụ như sử dụng một chương trình máy tính mới hay bắt đầu một dự án mới	LÀM MẪU KHÔNG PHẢI LÀ MỘT PHƯƠNG PHÁP HỌC TẬP MÀ LÀ PHƯƠNG TIỆN TRỢ GIÚP CHO NHỮNG NGƯỜI ĐANG TRẢI QUA MỘT TRẢI NGHIỆM HỌC TẬP MỚI THÍ DỤ NHƯ SỬ DỤNG MỘT CHƯƠNG TRÌNH MÁY TÍNH MỚI HAY BẮT ĐẦU MỘT DỰ ÁN MỚI	LÀM MẪU KHÔNG PHẢI LÀ MỘT PHƯƠNG PHÁP HỌC TẬP MÀ LÀ PHƯƠNG TIỆN TRỢ GIÚP CHO NHỮNG NGƯỜI ĐANG TRẢI QUA MỘT TRẢI NGHIỆM HỌC TẬP MỚI THÍ DỤ NHƯ SỬ DỤNG MỘT CHƯƠNG TRÌNH MÁY TÍNH MỚI HAY BẮT ĐẦU MỘT DỰ ÁN MỚI
4583399156467981029-589	4583399156467981029.wav	SSL/download/paper_benchmark/fleurs/audio/4583399156467981029.wav	đây sẽ không phải là từ biệt đây chỉ là kết thúc một chương và mở ra một chương mới	ĐÂY SẼ KHÔNG PHẢI LÀ TỪ BIỆT ĐÂY CHỈ LÀ KẾT THÚC MỘT CHƯƠNG VÀ MỞ RA MỘT CHƯƠNG MỚI	ĐÂY SẼ KHÔNG PHẢI LÀ TỪ BIỆT ĐÂY CHỈ LÀ KẾT THÚC MỘT CHƯƠNG VÀ MỞ RA MỘT CHƯƠNG MỚI
4692140428098359611-597	4692140428098359611.wav	SSL/download/paper_benchmark/fleurs/audio/4692140428098359611.wav	bốn vận động viên trượt tuyết trong đội nữ đã không hoàn tất được cuộc đua và 45 trong tổng số 117 vận động viên trượt tuyết ở môn giant slalom không giành được vị trí trong bảng xếp hạng	BỐN VẬN ĐỘNG VIÊN TRƯỢT TUYẾT TRONG ĐỘI NỮ ĐÃ KHÔNG HOÀN TẤT ĐƯỢC CUỘC ĐUA VÀ BỐN MƯƠI LĂM TRONG TỔNG SỐ MỘT TRĂM MƯỜI BẢY VẬN ĐỘNG VIÊN TRƯỢT TUYẾT Ở MÔN YAN LASLOM KHÔNG GIÀNH ĐƯỢC VỊ TRÍ TRONG BẢNG XẾP HẠNG	BỐN VẬN ĐỘNG VIÊN TRƯỢT TUYẾT TRONG ĐỘI NỮ ĐÃ KHÔNG HOÀN TẤT ĐƯỢC CUỘC ĐUA VÀ 45 TRONG TỔNG SỐ 117 VẬN ĐỘNG VIÊN TRƯỢT TUYẾT Ở MÔN GIANT SLALOM KHÔNG GIÀNH ĐƯỢC VỊ TRÍ TRONG BẢNG XẾP HẠNG
4866221185440118393-605	4866221185440118393.wav	SSL/download/paper_benchmark/fleurs/audio/4866221185440118393.wav	cơn bão được đặt tên thứ mười của mùa bão atlantic bão cận nhiệt đới jerry đã hình thành tại biển atlantic hôm nay	CƠN BÃO ĐƯỢC ĐẶT TÊN THỨ MƯỜI CỦA MÙA BÃO ATLAND BÃO NHIỆT ĐỚI CHE ĐÃ HÌNH THÀNH TẠI BIỂN ATLANDIC HÔM NAY	CƠN BÃO ĐƯỢC ĐẶT TÊN THỨ MƯỜI CỦA MÙA BÃO ATLANTIC BÃO CẬN NHIỆT ĐỚI JERRY ĐÃ HÌNH THÀNH TẠI BIỂN ATLANTIC HÔM NAY
498522095967569807-613	498522095967569807.wav	SSL/download/paper_benchmark/fleurs/audio/498522095967569807.wav	chủ nghĩa lãng mạn có một yếu tố lớn về quyết định văn hóa được rút ra từ những tác giả như goethe fichte và schlegel	CHỦ NGHĨA LÃNG MẠN CÓ MỘT YẾU TỐ LỚN VỀ QUYẾT ĐỊNH VĂN HÓA ĐƯỢC RÚT RA TỪ NHỮNG TÁC GIẢ NHƯ FITY VÀ REO	CHỦ NGHĨA LÃNG MẠN CÓ MỘT YẾU TỐ LỚN VỀ QUYẾT ĐỊNH VĂN HÓA ĐƯỢC RÚT RA TỪ NHỮNG TÁC GIẢ NHƯ GOETHE FICHTE VÀ SCHLEGEL
5112472991553410708-621	5112472991553410708.wav	SSL/download/paper_benchmark/fleurs/audio/5112472991553410708.wav	giancarlo fisichella mất kiểm soát chiếc xe của mình và kết thúc cuộc đua rất sớm sau khi bắt đầu	GHARN LÔ NÓ KIỂM SOÁT CHIẾC XE CỦA MÌNH VÀ KẾT THÚC CUỘC ĐUA RẤT SỚM SAU KHI BẮT ĐẦU	GIANCARLO FISICHELLA MẤT KIỂM SOÁT CHIẾC XE CỦA MÌNH VÀ KẾT THÚC CUỘC ĐUA RẤT SỚM SAU KHI BẮT ĐẦU
5221739262561830904-629	5221739262561830904.wav	SSL/download/paper_benchmark/fleurs/audio/5221739262561830904.wav	25 tờ dunlap được cho là vẫn còn là những bản chụp lâu đời nhất còn tồn tại của tài liệu này bản chụp viết tay ban đầu đã không còn nữa	HAI MƯƠI LĂM TỜ ĐUM LAP ĐƯỢC CHO LÀ VẪN CÒN LÀ NHỮNG BẢN CHỤP LÂU ĐỜI NHẤT CÒN TỒN TẠI CỦA TÀI LIỆU NÀY BẢN CHỤP VIẾT TAY BAN ĐẦU ĐÃ KHÔNG CÒN NỮA	25 TỜ DUNLAP ĐƯỢC CHO LÀ VẪN CÒN LÀ NHỮNG BẢN CHỤP LÂU ĐỜI NHẤT CÒN TỒN TẠI CỦA TÀI LIỆU NÀY BẢN CHỤP VIẾT TAY BAN ĐẦU ĐÃ KHÔNG CÒN NỮA
5425616863577167758-637	5425616863577167758.wav	SSL/download/paper_benchmark/fleurs/audio/5425616863577167758.wav	về cơ bản hợp kim là hỗn hợp của hai kim loại trở lên đừng quên rằng có nhiều nguyên tố trên bảng tuần hoàn	VỀ CƠ BẢN HỢP KIM LÀ HỖN HỢP CỦA HAI KIM LOẠI TRỞ LÊN ĐỪNG QUÊN RẰNG CÓ NHIỀU NGUYÊN TỐ TRÊN BẢNG TUẦN HOÀN	VỀ CƠ BẢN HỢP KIM LÀ HỖN HỢP CỦA HAI KIM LOẠI TRỞ LÊN ĐỪNG QUÊN RẰNG CÓ NHIỀU NGUYÊN TỐ TRÊN BẢNG TUẦN HOÀN
5552194812226333079-645	5552194812226333079.wav	SSL/download/paper_benchmark/fleurs/audio/5552194812226333079.wav	chỉ trong vòng hai tuần các lực lượng quân đội hoa kỳ và pháp quốc tự do đã giải phóng miền nam nước pháp rồi chuyển hướng về nước đức	CHỈ TRONG VÒNG HAI TUẦN CÁC LỰC LƯỢNG QUÂN SỰ ĐỘI HOA KỲ VÀ PHÁP QUỐC TỰ DO ĐÃ GIẢI PHÓNG MIỀN NAM NƯỚC PHÁP RỒI CHUYỂN HƯỚNG VỀ NƯỚC ĐỨC	CHỈ TRONG VÒNG HAI TUẦN CÁC LỰC LƯỢNG QUÂN ĐỘI HOA KỲ VÀ PHÁP QUỐC TỰ DO ĐÃ GIẢI PHÓNG MIỀN NAM NƯỚC PHÁP RỒI CHUYỂN HƯỚNG VỀ NƯỚC ĐỨC
5670203913874817744-653	5670203913874817744.wav	SSL/download/paper_benchmark/fleurs/audio/5670203913874817744.wav	"""đặc tính nhiệt của chúng không ổn định như các hang động lớn trên trái đất vốn thường duy trì nhiệt độ khá ổn định nhưng điều này phù hợp với các hố sâu trong lòng đất glen cushing thuộc toán địa chất học cơ quan thăm dò địa chất hoa kỳ usgs và trường northern arizona university ở flagstaff arizona cho biết"	ĐẶC TÍNH NHIỆT CỦA CHÚNG KHÔNG ỔN ĐỊNH NHƯ CÁC HANG ĐỘNG LỚN TRÊN TRÁI ĐẤT VỐN THƯỜNG DUY TRÌ NHIỆT ĐỘ KHÁ ỔN ĐỊNH NHƯNG ĐIỀU NÀY PHÙ HỢP VỚI CÁC HỐ SÂU TRONG LÒNG ĐẤT GLANSINE THUỘC ĐỊA CHẤT HỌC CƠ QUAN THĂM DÒ ĐỊA CHẤT HOA KỲ US VÀ TRƯỜNG NO AZONA UNIVESTAY Ở LATTAUNEA CHO BIẾT	"""ĐẶC TÍNH NHIỆT CỦA CHÚNG KHÔNG ỔN ĐỊNH NHƯ CÁC HANG ĐỘNG LỚN TRÊN TRÁI ĐẤT VỐN THƯỜNG DUY TRÌ NHIỆT ĐỘ KHÁ ỔN ĐỊNH NHƯNG ĐIỀU NÀY PHÙ HỢP VỚI CÁC HỐ SÂU TRONG LÒNG ĐẤT GLEN CUSHING THUỘC TOÁN ĐỊA CHẤT HỌC CƠ QUAN THĂM DÒ ĐỊA CHẤT HOA KỲ USGS VÀ TRƯỜNG NORTHERN ARIZONA UNIVERSITY Ở FLAGSTAFF ARIZONA CHO BIẾT"
5883406625404702422-661	5883406625404702422.wav	SSL/download/paper_benchmark/fleurs/audio/5883406625404702422.wav	công viên quốc gia plitvice lakes có khu rừng rậm rạp chủ yếu là cây sồi cây vân sam và cây linh sam và cùng với sự pha trộn thảm thực vật của vùng alps và địa trung hải	CÔNG VIÊN QUỐC GIA LIK CÓ KHU RỪNG RẬM GẠO CHỦ YẾU LÀ CÂY XOÀI LINH SAM VÀ CÙNG VỚI SỰ PHA TRỘN THỰC VẬT CỦA VÙNG ĐẮK VÀ ĐỊA TRUNG HẢI	CÔNG VIÊN QUỐC GIA PLITVICE LAKES CÓ KHU RỪNG RẬM RẠP CHỦ YẾU LÀ CÂY SỒI CÂY VÂN SAM VÀ CÂY LINH SAM VÀ CÙNG VỚI SỰ PHA TRỘN THẢM THỰC VẬT CỦA VÙNG ALPS VÀ ĐỊA TRUNG HẢI
5987753025043644241-669	5987753025043644241.wav	SSL/download/paper_benchmark/fleurs/audio/5987753025043644241.wav	tuy nhiên về khía cạnh này thì khu vực schengen vận hành gần như một quốc gia duy nhất	TUY NHIÊN VỀ KHÍA CẠNH NÀY THÌ KHU VỰC TREN GAN VẬN HÀNH GẦN NHƯ MỘT QUỐC GIA DUY NHẤT	TUY NHIÊN VỀ KHÍA CẠNH NÀY THÌ KHU VỰC SCHENGEN VẬN HÀNH GẦN NHƯ MỘT QUỐC GIA DUY NHẤT
6112421227697512660-677	6112421227697512660.wav	SSL/download/paper_benchmark/fleurs/audio/6112421227697512660.wav	loài dê được thuần hoá lần đầu vào khoảng 10.000 năm trước tại dãy núi zagros thuộc iran	LÒ DÊ ĐƯỢC THUẦN HÓA LẦN ĐẦU VÀO KHOẢNG MƯỜI NGÀN NĂM TRƯỚC TẠI DÃY NÚI JAT THUỘC IRAN	LOÀI DÊ ĐƯỢC THUẦN HOÁ LẦN ĐẦU VÀO KHOẢNG 10 000 NĂM TRƯỚC TẠI DÃY NÚI ZAGROS THUỘC IRAN
6202449582656236039-685	6202449582656236039.wav	SSL/download/paper_benchmark/fleurs/audio/6202449582656236039.wav	lệnh này là phản ứng của martelly với các cuộc biểu tình chống chế độ lan rộng từ tháng 10	LỆNH NÀY LÀ PHẢN ỨNG CỦA MA LY VỚI CÁC CUỘC BIỂU TÌNH CHỐNG CHẾ ĐỘ LAN RỘNG TỪ THÁNG MƯỜI	LỆNH NÀY LÀ PHẢN ỨNG CỦA MARTELLY VỚI CÁC CUỘC BIỂU TÌNH CHỐNG CHẾ ĐỘ LAN RỘNG TỪ THÁNG 10
6325084366008716138-693	6325084366008716138.wav	SSL/download/paper_benchmark/fleurs/audio/6325084366008716138.wav	mặc dù điều này thường chỉ là một khuôn mẫu không chính xác cách tốt nhất để quen với cuộc sống ở paris vẫn là cư xử đúng mực nhất hành động như một người bien élevé” được giáo dục tốt. điều này sẽ giúp mọi việc trở nên dễ dàng hơn rất nhiều	MẶC DÙ ĐIỀU NÀY THƯỜNG CHỈ LÀ MỘT KHUÔN MẪU KHÔNG CHÍNH XÁC CÁCH TỐT NHẤT ĐỂ QUEN VỚI CUỘC SỐNG Ở PARIS VẪN LÀ CƯ XỬ ĐÚNG MỰC NHẤT HÀNH ĐỘNG NHƯ MỘT NGƯỜI BINVEL ĐƯỢC GIÁO DỤC TỐT ĐIỀU NÀY SẼ GIÚP MỌI VIỆC TRỞ NÊN DỄ DÀNG HƠN RẤT NHIỀU	MẶC DÙ ĐIỀU NÀY THƯỜNG CHỈ LÀ MỘT KHUÔN MẪU KHÔNG CHÍNH XÁC CÁCH TỐT NHẤT ĐỂ QUEN VỚI CUỘC SỐNG Ở PARIS VẪN LÀ CƯ XỬ ĐÚNG MỰC NHẤT HÀNH ĐỘNG NHƯ MỘT NGƯỜI BIEN ÉLEVÉ” ĐƯỢC GIÁO DỤC TỐT ĐIỀU NÀY SẼ GIÚP MỌI VIỆC TRỞ NÊN DỄ DÀNG HƠN RẤT NHIỀU
6636546545430971862-701	6636546545430971862.wav	SSL/download/paper_benchmark/fleurs/audio/6636546545430971862.wav	thống đốc bang california arnold schwarzenegger đã ký thành luật cấm bán hoặc cho thuê trò chơi video mang tính chất bạo lực	THỐNG ĐỐC BANG CALIFIAM VE NI ĐÃ KÝ THÀNH LUẬT CẤM BÁN HOẶC CHO THUÊ TRÒ CHƠI VIDEO MANG TÍNH CHẤT BẠO LỰC	THỐNG ĐỐC BANG CALIFORNIA ARNOLD SCHWARZENEGGER ĐÃ KÝ THÀNH LUẬT CẤM BÁN HOẶC CHO THUÊ TRÒ CHƠI VIDEO MANG TÍNH CHẤT BẠO LỰC
6812418744252792453-709	6812418744252792453.wav	SSL/download/paper_benchmark/fleurs/audio/6812418744252792453.wav	nhiệm vụ truyền thống của lực lượng hải quân là phải đảm bảo việc duy trì khả năng vận chuyển người và hàng hoá của quốc gia đồng thời can thiệp vào công tác di chuyển người và hàng hoá của quân địch	NHIỆM VỤ TRUYỀN THỐNG CỦA LỰC LƯỢNG HẢI QUÂN LÀ PHẢI ĐẢM BẢO VIỆC DUY TRÌ KHẢ NĂNG VẬN CHUYỂN NGƯỜI VÀ HÀNG HÓA CỦA QUỐC GIA ĐỒNG THỜI CAN THIỆP CÔNG TÁC DI CHUYỂN NGƯỜI VÀ HÀNG HÓA CỦA QUÂN ĐỊCH	NHIỆM VỤ TRUYỀN THỐNG CỦA LỰC LƯỢNG HẢI QUÂN LÀ PHẢI ĐẢM BẢO VIỆC DUY TRÌ KHẢ NĂNG VẬN CHUYỂN NGƯỜI VÀ HÀNG HOÁ CỦA QUỐC GIA ĐỒNG THỜI CAN THIỆP VÀO CÔNG TÁC DI CHUYỂN NGƯỜI VÀ HÀNG HOÁ CỦA QUÂN ĐỊCH
7066290744369913940-717	7066290744369913940.wav	SSL/download/paper_benchmark/fleurs/audio/7066290744369913940.wav	xe buýt scotturb số 403 thường xuyên chạy đến sintra dừng ở cabo da roca	XE BUÝT SCOTON SỐ BỐN TRĂM LINH BA THƯỜNG XUYÊN CHẠY ĐẾN SINK DỪNG Ở KABOAGOKA	XE BUÝT SCOTTURB SỐ 403 THƯỜNG XUYÊN CHẠY ĐẾN SINTRA DỪNG Ở CABO DA ROCA
7315259316101141900-725	7315259316101141900.wav	SSL/download/paper_benchmark/fleurs/audio/7315259316101141900.wav	theo báo cáo thì cậu ấy đang ở độ tuổi đôi mươi trong một tuyên bố bieber nói rằng dù tôi không có mặt và cũng không liên quan trực tiếp đến vụ tai nạn thương tâm này tôi muốn gửi lời chia buồn và nguyện cầu đến gia đình nạn nhân	THEO BÁO CÁO THÌ CẬU ẤY ĐANG Ở ĐỘ TUỔI BA MƯƠI TRONG MỘT TUYÊN BỐ BIƠ NÓI RẰNG DÙ TÔI KHÔNG CÓ MẶT VÀ CŨNG KHÔNG LIÊN QUAN TRỰC TIẾP ĐẾN VỤ TAI NẠN THƯƠNG TÂM NÀY TÔI MUỐN GỬI LỜI CHIA VÀ NGUYỆN CẦU ĐẾN GIA ĐÌNH NẠN NHÂN	THEO BÁO CÁO THÌ CẬU ẤY ĐANG Ở ĐỘ TUỔI ĐÔI MƯƠI TRONG MỘT TUYÊN BỐ BIEBER NÓI RẰNG DÙ TÔI KHÔNG CÓ MẶT VÀ CŨNG KHÔNG LIÊN QUAN TRỰC TIẾP ĐẾN VỤ TAI NẠN THƯƠNG TÂM NÀY TÔI MUỐN GỬI LỜI CHIA BUỒN VÀ NGUYỆN CẦU ĐẾN GIA ĐÌNH NẠN NHÂN
7472865476041158026-733	7472865476041158026.wav	SSL/download/paper_benchmark/fleurs/audio/7472865476041158026.wav	vậy là có khả năng chú thích được thêm vào đơn giản chỉ là nhãn đánh dấu	VẬY LÀ CÓ KHẢ NĂNG CHÚ THÍCH ĐƯỢC THÊM VÀO ĐƠN GIẢN CHỈ LÀ NHÃN ĐÁNH DẤU	VẬY LÀ CÓ KHẢ NĂNG CHÚ THÍCH ĐƯỢC THÊM VÀO ĐƠN GIẢN CHỈ LÀ NHÃN ĐÁNH DẤU
7713958071603600353-741	7713958071603600353.wav	SSL/download/paper_benchmark/fleurs/audio/7713958071603600353.wav	hãy tỏ thái độ dứt khoát khi từ chối và đừng ngại giữ vững lập trường dù khác biệt văn hóa hay không điều đó cũng không biến sai thành đúng!	HÃY TỎ THÁI ĐỘ DỨT KHOÁT KHI TỪ CHỐI VÀ ĐỪNG NGẠI GIỮ VỮNG LẬP TRƯỜNG DÙ KHÁC BIỆT VĂN HÓA HAY KHÔNG ĐIỀU ĐÓ CŨNG KHÔNG BIẾN SAI THÀNH ĐÚNG	HÃY TỎ THÁI ĐỘ DỨT KHOÁT KHI TỪ CHỐI VÀ ĐỪNG NGẠI GIỮ VỮNG LẬP TRƯỜNG DÙ KHÁC BIỆT VĂN HÓA HAY KHÔNG ĐIỀU ĐÓ CŨNG KHÔNG BIẾN SAI THÀNH ĐÚNG
78243143814219998-749	78243143814219998.wav	SSL/download/paper_benchmark/fleurs/audio/78243143814219998.wav	do đó tỷ lệ khung hình cho định dạng này chia cho mười hai để đạt được tỷ lệ toàn bộ con số đơn giản nhất là 3:2	DO ĐÓ TỶ LỆ KHUNG HÌNH CHO ĐỊNH DẠNG NÀY CHIA CHO MƯỜI HAI ĐỂ ĐẠT ĐƯỢC TỶ LỆ TOÀN BỘ CON SỐ ĐƠN GIẢN NHẤT LÀ BA CHIA HAI	DO ĐÓ TỶ LỆ KHUNG HÌNH CHO ĐỊNH DẠNG NÀY CHIA CHO MƯỜI HAI ĐỂ ĐẠT ĐƯỢC TỶ LỆ TOÀN BỘ CON SỐ ĐƠN GIẢN NHẤT LÀ 3:2
7927299674295232491-757	7927299674295232491.wav	SSL/download/paper_benchmark/fleurs/audio/7927299674295232491.wav	các đô vật khác cũng thể hiện sự tri ân với luna	CÁC ĐỒ VẬT KHÁC CŨNG THỂ HIỆN SỰ TRI ÂN VỚI LUNA	CÁC ĐÔ VẬT KHÁC CŨNG THỂ HIỆN SỰ TRI ÂN VỚI LUNA
8169511515360475095-765	8169511515360475095.wav	SSL/download/paper_benchmark/fleurs/audio/8169511515360475095.wav	thanh giằng được biết đến khá sớm để giữ các ray tại vị trí tuy nhiên dần dần người ta nhận ra các đường ray này sẽ làm việc hiệu quả hơn nếu có miếng kim loại nhỏ phần đầu	THANH SẰNG ĐƯỢC BIẾT ĐẾN KHÁ SỚM ĐỂ GIỮ CÁC DÂY TẠI VỊ TRÍ TUY NHIÊN DẦN DẦN NGƯỜI TA NHẬN RA CÁC ĐƯỜNG DÂY NÀY SẼ LÀM VIỆC HIỆU QUẢ HƠN NẾU CÓ MIẾNG KIM LOẠI NHỎ PHẦN ĐẦU	THANH GIẰNG ĐƯỢC BIẾT ĐẾN KHÁ SỚM ĐỂ GIỮ CÁC RAY TẠI VỊ TRÍ TUY NHIÊN DẦN DẦN NGƯỜI TA NHẬN RA CÁC ĐƯỜNG RAY NÀY SẼ LÀM VIỆC HIỆU QUẢ HƠN NẾU CÓ MIẾNG KIM LOẠI NHỎ PHẦN ĐẦU
8257191357406466089-773	8257191357406466089.wav	SSL/download/paper_benchmark/fleurs/audio/8257191357406466089.wav	đừng phá hoại cảnh quan bằng cách viết vẽ khắc tranh phun sơn lên tường	ĐỪNG PHÁ HOẠI CẢNH QUAN BẰNG CÁCH VIẾT VẼ TRANH PHUN SƠN LÊN TƯỜNG	ĐỪNG PHÁ HOẠI CẢNH QUAN BẰNG CÁCH VIẾT VẼ KHẮC TRANH PHUN SƠN LÊN TƯỜNG
8384712424163622963-781	8384712424163622963.wav	SSL/download/paper_benchmark/fleurs/audio/8384712424163622963.wav	từ năm 1966 sundarbans là khu bảo tồn động vật hoang dã và ước tính hiện nay có 400 con cọp hoàng gia bengal và khoảng 30.000 con hươu đốm trong vùng này	TỪ NĂM MỘT NGÀN CHÍN TRĂM SÁU MƯƠI SÁU SANDA BAN LÀ KHU BẢO TỒN ĐỘNG VẬT HOANG DÃ VÀ ƯỚC TÍNH HIỆN NAY CÓ BỐN TRĂM CON CỌP HOÀNG GIA BAN GAN VÀ KHOẢNG BA MƯƠI NGÀN CON HU ĐỚM TRONG VÙNG NÀY	TỪ NĂM 1966 SUNDARBANS LÀ KHU BẢO TỒN ĐỘNG VẬT HOANG DÃ VÀ ƯỚC TÍNH HIỆN NAY CÓ 400 CON CỌP HOÀNG GIA BENGAL VÀ KHOẢNG 30 000 CON HƯƠU ĐỐM TRONG VÙNG NÀY
8541818811206192768-789	8541818811206192768.wav	SSL/download/paper_benchmark/fleurs/audio/8541818811206192768.wav	thời đại mà các sự kiện này diễn ra thường được gọi là trung kỳ thời trung cổ một giai đoạn trong lịch sử châu âu vào thế kỷ thứ 11 12 và 13 năm 1000-1300 sau công nguyên	THỜI ĐẠI MÀ CÁC SỰ KIỆN NÀY DIỄN RA THƯỜNG ĐƯỢC GỌI LÀ TRUNG KỲ THỜI TRUNG CỔ MỘT GIAI ĐOẠN TRONG LỊCH SỬ CHÂU ÂU VÀO THẾ KỈ THỨ MƯỜI MỘT MƯỜI HAI VÀ MƯỜI BA NĂM MỘT NGÀN ĐẾN MỘT NGÀN BA TRĂM SAU CÔNG NGUYÊN	THỜI ĐẠI MÀ CÁC SỰ KIỆN NÀY DIỄN RA THƯỜNG ĐƯỢC GỌI LÀ TRUNG KỲ THỜI TRUNG CỔ MỘT GIAI ĐOẠN TRONG LỊCH SỬ CHÂU ÂU VÀO THẾ KỶ THỨ 11 12 VÀ 13 NĂM 1000 1300 SAU CÔNG NGUYÊN
8691431674186236189-797	8691431674186236189.wav	SSL/download/paper_benchmark/fleurs/audio/8691431674186236189.wav	tương tự như vậy bằng việc sở hữu thị thực schengen bạn không cần phải nộp đơn xin thị thực riêng biệt cho mỗi quốc gia thành viên schengen vì vậy tiết kiệm thời gian tiền bạc và thủ tục hồ sơ	TƯƠNG TỰ NHƯ VẬY BẰNG VIỆC SỞ HỮU THỊ THỰC CEN BẠN KHÔNG CẦN PHẢI NỘP ĐƠN XIN THỊ THỰC RIÊNG BIỆT CHO MỖI QUỐC GIA THÀNH VIÊN SEN VÌ VẬY TIẾT KIỆM THỜI GIAN TIỀN BẠC VÀ THỦ TỤC HỒ SƠ	TƯƠNG TỰ NHƯ VẬY BẰNG VIỆC SỞ HỮU THỊ THỰC SCHENGEN BẠN KHÔNG CẦN PHẢI NỘP ĐƠN XIN THỊ THỰC RIÊNG BIỆT CHO MỖI QUỐC GIA THÀNH VIÊN SCHENGEN VÌ VẬY TIẾT KIỆM THỜI GIAN TIỀN BẠC VÀ THỦ TỤC HỒ SƠ
8842785454580050790-805	8842785454580050790.wav	SSL/download/paper_benchmark/fleurs/audio/8842785454580050790.wav	khốn nỗi rất khó để nghiên cứu lưu lượng giao thông vì không thể đoán chắc chắn một trăm phần trăm hành vi của người lái xe	KHỐN LỖI RẤT KHÓ ĐỂ NGHIÊN CỨU LƯU LƯỢNG GIAO THÔNG VÌ KHÔNG THỂ ĐOÁN CHẮC CHẮN MỘT TRĂM PHẦN TRĂM HÀNH VI CỦA NGƯỜI LÁI XE	KHỐN NỖI RẤT KHÓ ĐỂ NGHIÊN CỨU LƯU LƯỢNG GIAO THÔNG VÌ KHÔNG THỂ ĐOÁN CHẮC CHẮN MỘT TRĂM PHẦN TRĂM HÀNH VI CỦA NGƯỜI LÁI XE
9054413744223652356-813	9054413744223652356.wav	SSL/download/paper_benchmark/fleurs/audio/9054413744223652356.wav	đại kim tự tháp ở giza là một trong bảy kì quan thế giới vẫn còn tồn tại cho đến ngày nay	ĐẠI KIM TỰ THÁP Ở GYA LÀ MỘT TRONG BẢY KỲ QUAN THẾ GIỚI VẪN CÒN TỒN TẠI CHO ĐẾN NGÀY NAY	ĐẠI KIM TỰ THÁP Ở GIZA LÀ MỘT TRONG BẢY KÌ QUAN THẾ GIỚI VẪN CÒN TỒN TẠI CHO ĐẾN NGÀY NAY
910330178977835580-821	910330178977835580.wav	SSL/download/paper_benchmark/fleurs/audio/910330178977835580.wav	đây là cách rất quan trọng để phân biệt giữa động từ và tân ngữ	ĐÂY LÀ CÁCH RẤT QUAN TRỌNG ĐỂ PHÂN BIỆT GIỮA ĐỘNG TỪ VÀ TĂNG NGỮ	ĐÂY LÀ CÁCH RẤT QUAN TRỌNG ĐỂ PHÂN BIỆT GIỮA ĐỘNG TỪ VÀ TÂN NGỮ
928152760365176229-829	928152760365176229.wav	SSL/download/paper_benchmark/fleurs/audio/928152760365176229.wav	cũng như tất cả mọi công viên quốc gia của nam phi hoạt động bảo tồn diễn ra hàng ngày và phải mua vé vào cửa công viên	CŨNG NHƯ TẤT CẢ MỌI CÔNG VIÊN QUỐC GIA CỦA NAM PHI HOẠT ĐỘNG BẢO TỒN DIỄN RA HẰNG NGÀY VÀ PHẢI MUA VÉ VÀO CỬA CÔNG VIÊN	CŨNG NHƯ TẤT CẢ MỌI CÔNG VIÊN QUỐC GIA CỦA NAM PHI HOẠT ĐỘNG BẢO TỒN DIỄN RA HÀNG NGÀY VÀ PHẢI MUA VÉ VÀO CỬA CÔNG VIÊN
9483058710527586730-837	9483058710527586730.wav	SSL/download/paper_benchmark/fleurs/audio/9483058710527586730.wav	có thể có nhiều lưu vực ảnh hưởng trên sườn kế cận bởi vì tầng vỏ mỏng hơn dung nham dễ trồi lên khỏi bề mặt hơn	CÓ THỂ CÓ NHIỀU LƯU VỰC ẢNH HƯỞNG TRÊN SƯỜN KẾ CẬN BỞI VÌ TẦNG VỎNG HƠN DUNG NHAM DỄ CHỒI LÊN KHỎI BỀ MẶT HƠN	CÓ THỂ CÓ NHIỀU LƯU VỰC ẢNH HƯỞNG TRÊN SƯỜN KẾ CẬN BỞI VÌ TẦNG VỎ MỎNG HƠN DUNG NHAM DỄ TRỒI LÊN KHỎI BỀ MẶT HƠN
9672827979950260572-845	9672827979950260572.wav	SSL/download/paper_benchmark/fleurs/audio/9672827979950260572.wav	trong quần đảo và hồ bạn không nhất thiết phải cần đến thuyền buồm	TRONG QUẦN ĐẢO VÀ HỒ BẠN KHÔNG NHẤT THIẾT PHẢI CẦN ĐẾN THUYỀN	TRONG QUẦN ĐẢO VÀ HỒ BẠN KHÔNG NHẤT THIẾT PHẢI CẦN ĐẾN THUYỀN BUỒM
9947910696080043082-853	9947910696080043082.wav	SSL/download/paper_benchmark/fleurs/audio/9947910696080043082.wav	chúng ta dựng nhà từ thực vật và may quần áo từ thực vật hầu hết thức ăn của chúng ta là từ thực vật không có thực vật động vật không thể sống sót	CHÚNG TA DỰNG NHÀ TỪ THỰC VẬT MANG QUẦN ÁO TỪ THỰC VẬT HẦU HẾT CỦA CHÚNG TA LÀ TỪ THỰC VẬT KHÔNG CÓ THỰC VẬT ĐỘNG VẬT KHÔNG THỂ SỐNG SÓT	CHÚNG TA DỰNG NHÀ TỪ THỰC VẬT VÀ MAY QUẦN ÁO TỪ THỰC VẬT HẦU HẾT THỨC ĂN CỦA CHÚNG TA LÀ TỪ THỰC VẬT KHÔNG CÓ THỰC VẬT ĐỘNG VẬT KHÔNG THỂ SỐNG SÓT
10169179696365895477-6	10169179696365895477.wav	SSL/download/paper_benchmark/fleurs/audio/10169179696365895477.wav	thông báo thông thường trong khu metro chỉ được phát bằng tiếng catalunya tuy nhiên với những sự cố bất ngờ thì thông báo sẽ được thực hiên qua hệ thống tự động bằng nhiều thứ tiếng gồm tiếng tây ban nha tiếng anh tiếng pháp tiếng ả rập và tiếng nhật	THÔNG BÁO THÔNG THƯỜNG TRONG KHU METRO CHỈ ĐƯỢC PHÁT BẰNG TIẾNG KATARUNI TUY NHIÊN VỚI NHỮNG SỰ CỐ BẤT NGỜ THÌ THÔNG BÁO SẼ ĐƯỢC THỰC HIỆN QUA HỆ THỐNG TỰ ĐỘNG VÀ NHIỀU THỨ TIẾNG GỒM TIẾNG TÂY BAN NHA TIẾNG ANH TIẾNG PHÁP TIẾNG Ả RẬP VÀ TIẾNG NHẬT	THÔNG BÁO THÔNG THƯỜNG TRONG KHU METRO CHỈ ĐƯỢC PHÁT BẰNG TIẾNG CATALUNYA TUY NHIÊN VỚI NHỮNG SỰ CỐ BẤT NGỜ THÌ THÔNG BÁO SẼ ĐƯỢC THỰC HIÊN QUA HỆ THỐNG TỰ ĐỘNG BẰNG NHIỀU THỨ TIẾNG GỒM TIẾNG TÂY BAN NHA TIẾNG ANH TIẾNG PHÁP TIẾNG Ả RẬP VÀ TIẾNG NHẬT
10315066330134186872-14	10315066330134186872.wav	SSL/download/paper_benchmark/fleurs/audio/10315066330134186872.wav	bệnh viện này đã làm theo quy trình kiểm soát lây nhiễm bao gồm cách ly bệnh nhân với các bệnh nhân khác để ngăn ngừa lây nhiễm có thể có cho những người khác	BỆNH VIỆN NÀY ĐÃ LÀM THEO QUY TRÌNH KIỂM SOÁT BAO GỒM CÁCH LY BỆNH NHÂN VỚI CÁC BỆNH NHÂN KHÁC ĐỂ NGĂN NGỪA LÂY NHIỄM CÓ THỂ CÓ CHO NHỮNG NGƯỜI KHÁC	BỆNH VIỆN NÀY ĐÃ LÀM THEO QUY TRÌNH KIỂM SOÁT LÂY NHIỄM BAO GỒM CÁCH LY BỆNH NHÂN VỚI CÁC BỆNH NHÂN KHÁC ĐỂ NGĂN NGỪA LÂY NHIỄM CÓ THỂ CÓ CHO NHỮNG NGƯỜI KHÁC
10458632275226443935-22	10458632275226443935.wav	SSL/download/paper_benchmark/fleurs/audio/10458632275226443935.wav	cụ thể người ta cho rằng một người có thể phát hiện ai đó đang nói dối bằng việc giải nghĩa chính xác từng biểu hiện rất nhỏ	CỤ THỂ NGƯỜI TA CHO RẰNG MỘT NGƯỜI CÓ THỂ PHÁT HIỆN AI ĐÓ ĐANG NÓI DỐI BẰNG VIỆC TRẢI NGHIỆM CHÍNH XÁC TỪNG BIỂU HIỆN RẤT NHỎ	CỤ THỂ NGƯỜI TA CHO RẰNG MỘT NGƯỜI CÓ THỂ PHÁT HIỆN AI ĐÓ ĐANG NÓI DỐI BẰNG VIỆC GIẢI NGHĨA CHÍNH XÁC TỪNG BIỂU HIỆN RẤT NHỎ
10671728061564401646-30	10671728061564401646.wav	SSL/download/paper_benchmark/fleurs/audio/10671728061564401646.wav	du khách được khuyến cáo nên đề phòng mọi rủi ro thời tiết khắc nghiệt ảnh hưởng đến khu vực của họ vì thời tiết khắc nghiệt có thể ảnh hưởng đến bất kỳ kế hoạch du lịch nào	DU KHÁCH ĐƯỢC KHUYẾN CÁO NÊN ĐỀ PHÒNG MỌI RỦI RO THỜI TIẾT KHẮC NGHIỆT ẢNH HƯỞNG ĐẾN KHU VỰC CỦA HỌ VÌ THỜI TIẾT KHẮC NGHIỆT CÓ THỂ ẢNH HƯỞNG ĐẾN BẤT KỲ KẾ HOẠCH DU LỊCH NÀO	DU KHÁCH ĐƯỢC KHUYẾN CÁO NÊN ĐỀ PHÒNG MỌI RỦI RO THỜI TIẾT KHẮC NGHIỆT ẢNH HƯỞNG ĐẾN KHU VỰC CỦA HỌ VÌ THỜI TIẾT KHẮC NGHIỆT CÓ THỂ ẢNH HƯỞNG ĐẾN BẤT KỲ KẾ HOẠCH DU LỊCH NÀO
10821239110381895043-38	10821239110381895043.wav	SSL/download/paper_benchmark/fleurs/audio/10821239110381895043.wav	hầu hết các quần đảo nhỏ hơn là những quốc gia độc lập hoặc liên kết với pháp và được biết đến là những khu nghỉ mát bãi biển sang trọng	HẦU HẾT CÁC QUẦN ĐẢO NHỎ HƠN LÀ NHỮNG QUỐC GIA ĐỘC LẬP HOẶC LIÊN KẾT VỚI PHÁP VÀ ĐƯỢC BIẾT ĐẾN LÀ NHỮNG KHU NGHỈ MÁT BÃI BIỂN SANG TRỌNG	HẦU HẾT CÁC QUẦN ĐẢO NHỎ HƠN LÀ NHỮNG QUỐC GIA ĐỘC LẬP HOẶC LIÊN KẾT VỚI PHÁP VÀ ĐƯỢC BIẾT ĐẾN LÀ NHỮNG KHU NGHỈ MÁT BÃI BIỂN SANG TRỌNG
11041422100213829777-46	11041422100213829777.wav	SSL/download/paper_benchmark/fleurs/audio/11041422100213829777.wav	các cảnh được chiếu trên kim tự tháp và các kim tự tháp khác nhau được thắp sáng	CÁC CẢNH ĐƯỢC CHIẾU TRÊN KIM TỰ THÁP VÀ CÁC KIM TỰ THÁP KHÁC NHAU ĐƯỢC THẮP SÁNG	CÁC CẢNH ĐƯỢC CHIẾU TRÊN KIM TỰ THÁP VÀ CÁC KIM TỰ THÁP KHÁC NHAU ĐƯỢC THẮP SÁNG
11139384777781065720-54	11139384777781065720.wav	SSL/download/paper_benchmark/fleurs/audio/11139384777781065720.wav	chỉ huy cảnh sát chandra shekhar solanki nói rằng những bị cáo đã xuất hiện tại tòa với khuôn mặt bị che kín	CHỈ HUY CẢNH SÁT SOLANKI NÓI RẰNG NHỮNG BỊ CÁO ĐÃ XUẤT HIỆN TẠI TÒA VỚI KHUÔN MẶT BỊ CHE KÍN	CHỈ HUY CẢNH SÁT CHANDRA SHEKHAR SOLANKI NÓI RẰNG NHỮNG BỊ CÁO ĐÃ XUẤT HIỆN TẠI TÒA VỚI KHUÔN MẶT BỊ CHE KÍN
11253569361880612464-62	11253569361880612464.wav	SSL/download/paper_benchmark/fleurs/audio/11253569361880612464.wav	hội thể dục dụng cụ hoa kỳ ủng hộ lá thư của ủy ban olympic hoa kỳ và chấp nhận yêu cầu tuyệt đối của gia đình olympic để phát triển một môi trường an toàn cho tất cả vận động viên của chúng ta	HỘI THỂ DỤC DỤNG CỤ HOA KỲ ỦNG HỘ LÁ THƯ CỦA ỦY BAN OLYMPIC HOA KỲ VÀ CHẤP NHẬN YÊU CẦU TUYỆT ĐỐI CỦA GIA ĐÌNH OLYMPIC ĐỂ PHÁT TRIỂN MỘT MÔI TRƯỜNG AN TOÀN CHO TẤT CẢ VẬN ĐỘNG VIÊN CỦA CHÚNG TA	HỘI THỂ DỤC DỤNG CỤ HOA KỲ ỦNG HỘ LÁ THƯ CỦA ỦY BAN OLYMPIC HOA KỲ VÀ CHẤP NHẬN YÊU CẦU TUYỆT ĐỐI CỦA GIA ĐÌNH OLYMPIC ĐỂ PHÁT TRIỂN MỘT MÔI TRƯỜNG AN TOÀN CHO TẤT CẢ VẬN ĐỘNG VIÊN CỦA CHÚNG TA
11453780126561418607-70	11453780126561418607.wav	SSL/download/paper_benchmark/fleurs/audio/11453780126561418607.wav	nó cũng tấn công mọi thứ trong nước ngay cả khủng long khổng lồ như t rex cũng không phải là đối thủ với nó	NÓ CŨNG TẤN CÔNG MỌI THỨ TRONG NƯỚC NGAY CẢ KHỦNG LONG KHỔNG LỒ NHƯ TIAS CŨNG KHÔNG PHẢI LÀ ĐỐI THỦ VỚI NÓ	NÓ CŨNG TẤN CÔNG MỌI THỨ TRONG NƯỚC NGAY CẢ KHỦNG LONG KHỔNG LỒ NHƯ T REX CŨNG KHÔNG PHẢI LÀ ĐỐI THỦ VỚI NÓ
11598357094682861067-78	11598357094682861067.wav	SSL/download/paper_benchmark/fleurs/audio/11598357094682861067.wav	bốn vận động viên trượt tuyết trong đội nữ đã không hoàn tất được cuộc đua và 45 trong tổng số 117 vận động viên trượt tuyết ở môn giant slalom không giành được vị trí trong bảng xếp hạng	BỐN VẬN ĐỘNG VIÊN TRƯỢT TUYẾT TRONG ĐỘI NỮ ĐÃ KHÔNG HOÀN TOÀN TẮC CUỘC ĐUA VÀ BỐN LĂM TRONG TỔNG SỐ MỘT TRĂM MƯỜI BẢY VẬN ĐỘNG VIÊN TRƯỢT TUYẾT Ở MÔN GRAN LAM KHÔNG GIÀNH ĐƯỢC VỊ TRÍ TRONG BẢNG XẾP HẠNG	BỐN VẬN ĐỘNG VIÊN TRƯỢT TUYẾT TRONG ĐỘI NỮ ĐÃ KHÔNG HOÀN TẤT ĐƯỢC CUỘC ĐUA VÀ 45 TRONG TỔNG SỐ 117 VẬN ĐỘNG VIÊN TRƯỢT TUYẾT Ở MÔN GIANT SLALOM KHÔNG GIÀNH ĐƯỢC VỊ TRÍ TRONG BẢNG XẾP HẠNG
11717700058313745639-86	11717700058313745639.wav	SSL/download/paper_benchmark/fleurs/audio/11717700058313745639.wav	sau khi đã cân nhắc mọi thứ chúng ta không nên ngạc nhiên nếu tổ tiên của chúng ta đã giải quyết vấn đề protein theo cách tương tự như những con tinh tinh trên thảo nguyên ngày nay	SAU KHI ĐÃ CÂN NHẮC MỌI THỨ CHÚNG TA KHÔNG NÊN NGẠC NHIÊN NẾU TỔ TIÊN CỦA CHÚNG TA ĐÃ GIẢI QUYẾT VẤN ĐỀ GROTEIN THEO CÁCH TƯƠNG TỰ NHƯ NHỮNG CON TINH TRÊN THẢO NGUYÊN NGÀY NAY	SAU KHI ĐÃ CÂN NHẮC MỌI THỨ CHÚNG TA KHÔNG NÊN NGẠC NHIÊN NẾU TỔ TIÊN CỦA CHÚNG TA ĐÃ GIẢI QUYẾT VẤN ĐỀ PROTEIN THEO CÁCH TƯƠNG TỰ NHƯ NHỮNG CON TINH TINH TRÊN THẢO NGUYÊN NGÀY NAY
11880209235460541672-94	11880209235460541672.wav	SSL/download/paper_benchmark/fleurs/audio/11880209235460541672.wav	số người có mặt quá lớn nên việc mọi người tới được nơi tổ chức lễ tang tại quảng trường thánh peter là không thể	SỐ NGƯỜI CÓ MẶT QUÁ LỚN NÊN VIỆC MỌI NGƯỜI TỚI ĐƯỢC NƠI TỔ CHỨC LỄ TANG TẠI QUẢNG TRƯỜNG THÁNH PI TƠ LÀ KHÔNG THỂ	SỐ NGƯỜI CÓ MẶT QUÁ LỚN NÊN VIỆC MỌI NGƯỜI TỚI ĐƯỢC NƠI TỔ CHỨC LỄ TANG TẠI QUẢNG TRƯỜNG THÁNH PETER LÀ KHÔNG THỂ
12080327202655068621-102	12080327202655068621.wav	SSL/download/paper_benchmark/fleurs/audio/12080327202655068621.wav	chẳng có gì ngoài bầu trời cao trong vắt tuyệt mĩ bao lấy những rặng núi.một thế giới nhỏ bé được biết và nghe nói đến từ bên trong hang động	CHẲNG CÓ GÌ NGOÀI BẦU TRỜI CAO TRONG MẮT MỸ BAO LẤY NHỮNG GẶNG NÚI MỘT THẾ GIỚI NHỎ BÉ ĐƯỢC BIẾT VÀ NGHE NÓI ĐẾN TỪ BÊN TRONG HANG ĐỘNG	CHẲNG CÓ GÌ NGOÀI BẦU TRỜI CAO TRONG VẮT TUYỆT MĨ BAO LẤY NHỮNG RẶNG NÚI MỘT THẾ GIỚI NHỎ BÉ ĐƯỢC BIẾT VÀ NGHE NÓI ĐẾN TỪ BÊN TRONG HANG ĐỘNG
12238542883771465392-110	12238542883771465392.wav	SSL/download/paper_benchmark/fleurs/audio/12238542883771465392.wav	tất nhiên truyền thống này được lý giải theo thần học kitô giáo tuy nhiên đây cũng có thể là một nghi lễ mùa xuân tiền kitô giáo và phồn thực	TẤT NHIÊN TRUYỀN THỐNG NÀY ĐƯỢC LÝ GIẢI THEO THẦN HỌC KI TÔ GIÁO TUY NHIÊN ĐÂY CŨNG CÓ THỂ LÀ MỘT NGHI LỄ MÙA XUÂN TIỀN KI TÔ GIÁO VÀ PHỒN TỤC	TẤT NHIÊN TRUYỀN THỐNG NÀY ĐƯỢC LÝ GIẢI THEO THẦN HỌC KITÔ GIÁO TUY NHIÊN ĐÂY CŨNG CÓ THỂ LÀ MỘT NGHI LỄ MÙA XUÂN TIỀN KITÔ GIÁO VÀ PHỒN THỰC
12364273712888484717-118	12364273712888484717.wav	SSL/download/paper_benchmark/fleurs/audio/12364273712888484717.wav	đây là một trong những điểm du lịch thu hút chính của nam phi và nó được coi là nơi chủ đạo thuộc cơ quan vườn quốc gia nam phi sanparks	ĐÂY LÀ MỘT TRONG NHỮNG ĐIỂM DU LỊCH THU HÚT CHÍNH CỦA NAM PHI VÀ NÓ ĐƯỢC COI LÀ NƠI CHỦ ĐẠO THUỘC CƠ QUAN VƯỜN QUỐC GIA NAM PHI	ĐÂY LÀ MỘT TRONG NHỮNG ĐIỂM DU LỊCH THU HÚT CHÍNH CỦA NAM PHI VÀ NÓ ĐƯỢC COI LÀ NƠI CHỦ ĐẠO THUỘC CƠ QUAN VƯỜN QUỐC GIA NAM PHI SANPARKS
12497308397150899051-126	12497308397150899051.wav	SSL/download/paper_benchmark/fleurs/audio/12497308397150899051.wav	hãy nhớ rằng dù âm nhạc trên sân khấu chính đã tắt thì vẫn có một số khu vực của lễ hội sẽ tiếp tục chơi nhạc cho đến tối muộn	HÃY NHỚ RẰNG DÙ ÂM NHẠC TRÊN SÂN KHẤU CHÍNH ĐÃ TẮT THÌ VẪN CÓ MỘT SỐ KHU VỰC CỦA LỄ HỘI SẼ TIẾP TỤC CHƠI NHẠC CHO ĐẾN TỐI MUỘN	HÃY NHỚ RẰNG DÙ ÂM NHẠC TRÊN SÂN KHẤU CHÍNH ĐÃ TẮT THÌ VẪN CÓ MỘT SỐ KHU VỰC CỦA LỄ HỘI SẼ TIẾP TỤC CHƠI NHẠC CHO ĐẾN TỐI MUỘN
12582430485917821806-134	12582430485917821806.wav	SSL/download/paper_benchmark/fleurs/audio/12582430485917821806.wav	ngày nay những loại côn trung không thể gập cánh lại chỉ có chuồn chuồn và những con phù du	NGÀY NAY NHỮNG LOẠI CÔN CHUNG KHÔNG THỂ GẶT CÁNH LẠI CHỈ CÓ CHUỒNG CHUỒNG VÀ NHỮNG CON PHÙ DU	NGÀY NAY NHỮNG LOẠI CÔN TRUNG KHÔNG THỂ GẬP CÁNH LẠI CHỈ CÓ CHUỒN CHUỒN VÀ NHỮNG CON PHÙ DU
12858037995647160612-142	12858037995647160612.wav	SSL/download/paper_benchmark/fleurs/audio/12858037995647160612.wav	hầu hết các cách giải thích về quyết định luận công nghệ đều có hai ý tưởng chung bản thân sự phát triển công nghệ đi theo một con đường riêng không chịu sự ảnh hưởng của văn hóa và chính trị và công nghệ có ảnh hưởng ngược lại đến các xã hội vốn có chứ không phải xã hội điều kiện	HẦU HẾT CÁC CÁCH GIẢI THÍCH VỀ QUYẾT ĐỊNH CÔNG NGHỆ ĐỀU CÓ HAI Ý TƯỞNG CHUNG BẢN THÂN SỰ PHÁT TRIỂN CÔNG NGHỆ ĐI THEO MỘT CON ĐƯỜNG RIÊNG KHÔNG CHỊU SỰ ẢNH HƯỞNG CỦA VĂN HÓA VÀ CHÍNH TRỊ VÀ CÔNG NGHỆ CÓ ẢNH HƯỞNG NGƯỢC LẠI ĐẾN CÁC XÃ HỘI VỐN CÓ CHỨ KHÔNG PHẢI XÃ HỘI ĐIỀU KIỆN	HẦU HẾT CÁC CÁCH GIẢI THÍCH VỀ QUYẾT ĐỊNH LUẬN CÔNG NGHỆ ĐỀU CÓ HAI Ý TƯỞNG CHUNG BẢN THÂN SỰ PHÁT TRIỂN CÔNG NGHỆ ĐI THEO MỘT CON ĐƯỜNG RIÊNG KHÔNG CHỊU SỰ ẢNH HƯỞNG CỦA VĂN HÓA VÀ CHÍNH TRỊ VÀ CÔNG NGHỆ CÓ ẢNH HƯỞNG NGƯỢC LẠI ĐẾN CÁC XÃ HỘI VỐN CÓ CHỨ KHÔNG PHẢI XÃ HỘI ĐIỀU KIỆN
12973626254752465669-150	12973626254752465669.wav	SSL/download/paper_benchmark/fleurs/audio/12973626254752465669.wav	apia là thủ đô của samoa thành phố này nằm trên hòn đảo upolu và có dân số gần 40.000 người	A TIA LÀ THỦ ĐÔ CỦA SAM MO THÀNH PHỐ NÀY NẰM TRÊN HÒN ĐẢO UBOU VÀ CÓ DÂN SỐ GẦN BỐN MƯƠI NGHÌN NGƯỜI	APIA LÀ THỦ ĐÔ CỦA SAMOA THÀNH PHỐ NÀY NẰM TRÊN HÒN ĐẢO UPOLU VÀ CÓ DÂN SỐ GẦN 40 000 NGƯỜI
131205463175309080-158	131205463175309080.wav	SSL/download/paper_benchmark/fleurs/audio/131205463175309080.wav	khi tất cả các nguồn lực hiện có được sử dụng một cách hiệu quả ở khắp các phòng ban có chức năng của một tổ chức khả năng sáng tạo và sự khôn khéo có thể được phát huy	KHI TẤT CẢ CÁC NGUỒN LỰC HIỆN CÓ ĐƯỢC SỬ DỤNG MỘT CÁCH HIỆU QUẢ Ở KHẮP CÁC PHÒNG BAN CÓ CHỨC NĂNG CỦA MỘT TỔ CHỨC KHẢ NĂNG SÁNG TẠO VÀ SỰ KHÔN KHÉO CÓ THỂ ĐƯỢC PHÁT HUY	KHI TẤT CẢ CÁC NGUỒN LỰC HIỆN CÓ ĐƯỢC SỬ DỤNG MỘT CÁCH HIỆU QUẢ Ở KHẮP CÁC PHÒNG BAN CÓ CHỨC NĂNG CỦA MỘT TỔ CHỨC KHẢ NĂNG SÁNG TẠO VÀ SỰ KHÔN KHÉO CÓ THỂ ĐƯỢC PHÁT HUY
13326904783375085481-166	13326904783375085481.wav	SSL/download/paper_benchmark/fleurs/audio/13326904783375085481.wav	thuật ngữ safari được sử dụng phổ biến để chỉ việc du lịch đường bộ để chiêm ngưỡng cuộc sống hoang dã tại châu phi đặc biệt là savanna	THUẬT NGỮ SARI ĐƯỢC SỬ DỤNG PHỔ BIẾN ĐỂ CHỈ VIỆC DU LỊCH ĐƯỜNG BỘ ĐỂ CHIÊM NGƯỠNG CUỘC SỐNG HOANG DÃ TẠI CHÂU PHI ĐẶC BIỆT LÀ SAVANA	THUẬT NGỮ SAFARI ĐƯỢC SỬ DỤNG PHỔ BIẾN ĐỂ CHỈ VIỆC DU LỊCH ĐƯỜNG BỘ ĐỂ CHIÊM NGƯỠNG CUỘC SỐNG HOANG DÃ TẠI CHÂU PHI ĐẶC BIỆT LÀ SAVANNA
13516757418346250394-174	13516757418346250394.wav	SSL/download/paper_benchmark/fleurs/audio/13516757418346250394.wav	đại kim tự tháp ở giza là một trong bảy kì quan thế giới vẫn còn tồn tại cho đến ngày nay	ĐẠI KIM TỰ THÁP Ở GRIA LÀ MỘT TRONG BẢY KỲ QUAN THẾ GIỚI VẪN CÒN TỒN TẠI CHO ĐẾN NGÀY NAY	ĐẠI KIM TỰ THÁP Ở GIZA LÀ MỘT TRONG BẢY KÌ QUAN THẾ GIỚI VẪN CÒN TỒN TẠI CHO ĐẾN NGÀY NAY
13645053621181699022-182	13645053621181699022.wav	SSL/download/paper_benchmark/fleurs/audio/13645053621181699022.wav	trước khi quân đội có mặt haiti không gặp phải các vấn đề liên quan đến bệnh này từ những năm 1800	TRƯỚC KHI QUÂN ĐỘI CÓ MẶT HI TI KHÔNG GẶP PHẢI CÁC VẤN ĐỀ LIÊN QUAN ĐẾN BỆNH NÀY TỪ NHỮNG NĂM MỘT NGÀN TÁM TRĂM	TRƯỚC KHI QUÂN ĐỘI CÓ MẶT HAITI KHÔNG GẶP PHẢI CÁC VẤN ĐỀ LIÊN QUAN ĐẾN BỆNH NÀY TỪ NHỮNG NĂM 1800
13881625725955983582-190	13881625725955983582.wav	SSL/download/paper_benchmark/fleurs/audio/13881625725955983582.wav	vệ tinh được đưa vào vũ trụ bằng tên lửa các nhà khoa học sử dụng kính thiên văn trong không gian vì bầu khí quyển của trái đất làm biến dạng một số ánh sáng và hình ảnh quan sát của chúng ta	VỆ TINH ĐƯỢC ĐƯA VÀO VŨ TRỤ BẰNG TÊN LỬA CÁC NHÀ KHOA HỌC SỬ DỤNG KÍNH THIÊN TRONG KHÔNG GIAN VÌ BẦU KHÍ QUYỂN CỦA TRÁI ĐẤT LÀM BIẾN DẠNG MỘT SỐ ÁNH SÁNG VÀ HÌNH ẢNH QUAN SÁT CỦA CHÚNG TA	VỆ TINH ĐƯỢC ĐƯA VÀO VŨ TRỤ BẰNG TÊN LỬA CÁC NHÀ KHOA HỌC SỬ DỤNG KÍNH THIÊN VĂN TRONG KHÔNG GIAN VÌ BẦU KHÍ QUYỂN CỦA TRÁI ĐẤT LÀM BIẾN DẠNG MỘT SỐ ÁNH SÁNG VÀ HÌNH ẢNH QUAN SÁT CỦA CHÚNG TA
14018238705739685809-198	14018238705739685809.wav	SSL/download/paper_benchmark/fleurs/audio/14018238705739685809.wav	tác phẩm của ông có phẩm chất và chi tiết được tán dương đến mức ông là một trong số rất ít tên tuổi lớn nổi bật trong giới sưu tầm tem một số nhà sưu tập chỉ chuyên sưu tầm tác phẩm của ông	TÁC PHẨM CỦA ÔNG CÓ PHẨM CHẤT VÀ CHI TIẾT ĐƯỢC TÁN ĐẾN MỨC ÔNG LÀ MỘT TRONG SỐ RẤT ÍT TÊN TUỔI LỚN NỔI BẬT TRONG GIỚI SƯU TẦM TEM MỘT SỐ NHÀ SƯU TẬP CHỈ CHUYÊN SƯU TẦM TÁC PHẨM CỦA ÔNG	TÁC PHẨM CỦA ÔNG CÓ PHẨM CHẤT VÀ CHI TIẾT ĐƯỢC TÁN DƯƠNG ĐẾN MỨC ÔNG LÀ MỘT TRONG SỐ RẤT ÍT TÊN TUỔI LỚN NỔI BẬT TRONG GIỚI SƯU TẦM TEM MỘT SỐ NHÀ SƯU TẬP CHỈ CHUYÊN SƯU TẦM TÁC PHẨM CỦA ÔNG
14156560249604193509-206	14156560249604193509.wav	SSL/download/paper_benchmark/fleurs/audio/14156560249604193509.wav	sự kỷ luật trong phòng thủ khả năng xử lý bóng và tính đồng đội tuyệt vời khiến họ khác biệt và rõ ràng đây là đội hình chiến thắng	SỰ KỶ LUẬT TRONG PHÒNG THỦ KHẢ NĂNG XỬ LÝ BÓNG VÀ TÍNH ĐỒNG ĐỘI TUYỆT VỜI KHIẾN HỌ KHÁC BIỆT VÀ RÕ RÀNG ĐÂY LÀ ĐỘI HÌNH CHIẾN THẮNG	SỰ KỶ LUẬT TRONG PHÒNG THỦ KHẢ NĂNG XỬ LÝ BÓNG VÀ TÍNH ĐỒNG ĐỘI TUYỆT VỜI KHIẾN HỌ KHÁC BIỆT VÀ RÕ RÀNG ĐÂY LÀ ĐỘI HÌNH CHIẾN THẮNG
14349832770836461517-214	14349832770836461517.wav	SSL/download/paper_benchmark/fleurs/audio/14349832770836461517.wav	ngoài ra sau cuộc cách mạng các nghề nghiệp đã mở cửa cho tất cả nam giới đi xin việc giúp cho những người nhiều tham vọng nhất được thành công	NGOÀI RA SAU CUỘC CÁCH MẠNG CÁC NGHỀ NGHIỆP ĐÃ MỞ CỬA CHO TẤT CẢ NAM GIỚI ĐI XIN VIỆC GIÚP CHO NHỮNG NGƯỜI THAM VỌNG GIÚP ĐƯỢC THÀNH CÔNG	NGOÀI RA SAU CUỘC CÁCH MẠNG CÁC NGHỀ NGHIỆP ĐÃ MỞ CỬA CHO TẤT CẢ NAM GIỚI ĐI XIN VIỆC GIÚP CHO NHỮNG NGƯỜI NHIỀU THAM VỌNG NHẤT ĐƯỢC THÀNH CÔNG
14496671770495164342-222	14496671770495164342.wav	SSL/download/paper_benchmark/fleurs/audio/14496671770495164342.wav	aerosmith đã huỷ các buổi trình diễn còn lại trong chuyến lưu diễn của họ	I RAT BIT ĐÃ HỦY CÁC BUỔI TRÌNH DIỄN CÒN LẠI TRONG CHUYẾN LƯU DIỄN CỦA HỌ	AEROSMITH ĐÃ HUỶ CÁC BUỔI TRÌNH DIỄN CÒN LẠI TRONG CHUYẾN LƯU DIỄN CỦA HỌ
14592059070390238955-230	14592059070390238955.wav	SSL/download/paper_benchmark/fleurs/audio/14592059070390238955.wav	bầy gồm có một đến ba con đực trưởng thành có họ hàng với nhau cùng với khoảng ba mươi con cái và các con con	BẦY GỒM CÓ MỘT ĐẾN BA CON ĐƯỢC TRƯỞNG THÀNH CÓ HỌ HÀNG VỚI NHAU CÙNG VỚI KHOẢNG BA MƯƠI CON CÁI VÀ CÁC CON	BẦY GỒM CÓ MỘT ĐẾN BA CON ĐỰC TRƯỞNG THÀNH CÓ HỌ HÀNG VỚI NHAU CÙNG VỚI KHOẢNG BA MƯƠI CON CÁI VÀ CÁC CON CON
14703583153357557771-238	14703583153357557771.wav	SSL/download/paper_benchmark/fleurs/audio/14703583153357557771.wav	châu âu là lục địa tương đối nhỏ nhưng có nhiều quốc gia độc lập thông thường việc đi qua nhiều quốc gia đồng nghĩa với việc phải xin thị thực và xét hộ chiếu nhiều lần	CHÂU ÂU LÀ LỤC ĐỊA TƯƠNG ĐỐI NHỎ NHƯNG CÓ NHIỀU QUỐC GIA ĐỘC LẬP THÔNG THƯỜNG VIỆC ĐI QUA NHIỀU QUỐC GIA ĐỒNG NGHĨA VỚI VIỆC PHẢI XIN THỊ THỰC VÀ XÉT HỘ CHIẾU NHIỀU LẦN	CHÂU ÂU LÀ LỤC ĐỊA TƯƠNG ĐỐI NHỎ NHƯNG CÓ NHIỀU QUỐC GIA ĐỘC LẬP THÔNG THƯỜNG VIỆC ĐI QUA NHIỀU QUỐC GIA ĐỒNG NGHĨA VỚI VIỆC PHẢI XIN THỊ THỰC VÀ XÉT HỘ CHIẾU NHIỀU LẦN
14915420937137130906-246	14915420937137130906.wav	SSL/download/paper_benchmark/fleurs/audio/14915420937137130906.wav	hầu hết các quần đảo nhỏ hơn là những quốc gia độc lập hoặc liên kết với pháp và được biết đến là những khu nghỉ mát bãi biển sang trọng	HẦU HẾT CÁC QUẦN ĐẢO NHỎ HƠN LÀ NHỮNG QUỐC GIA ĐỘC LẬP HOẶC LIÊN KẾT VỚI PHÁP VÀ ĐƯỢC BIẾT ĐẾN LÀ NHỮNG KHU NGHỈ MÁT BÃI BIỂN SANG TRỌNG	HẦU HẾT CÁC QUẦN ĐẢO NHỎ HƠN LÀ NHỮNG QUỐC GIA ĐỘC LẬP HOẶC LIÊN KẾT VỚI PHÁP VÀ ĐƯỢC BIẾT ĐẾN LÀ NHỮNG KHU NGHỈ MÁT BÃI BIỂN SANG TRỌNG
15060749953671632932-254	15060749953671632932.wav	SSL/download/paper_benchmark/fleurs/audio/15060749953671632932.wav	việc sử dụng các trang blog một cách thích hợp có thể giúp học sinh nhạy bén hơn về khả năng phân tích và lý luận; qua những phản ứng tích cực với tài liệu trên internet học sinh có thể xác định vai trò của mình trong ngữ cảnh bài viết của người khác cũng như trình bày quan điểm của mình về những vấn đề cụ thể oravec 2002	VIỆC SỬ DỤNG CÁC TRANG BLOG MỘT CÁCH THÍCH HỢP CÓ THỂ GIÚP HỌC SINH NHẸ BÉN HƠN VỀ KHẢ NĂNG PHÂN TÍCH VÀ LÝ LUẬN QUA NHỮNG PHẢN ỨNG TÍCH CỰC VỚI TÀI LIỆU TRÊN INTERNET HỌC SINH CÓ THỂ XÁC ĐỊNH VAI TRÒ CỦA MÌNH TRONG NGỮ CẢNH BÀI VIẾT CỦA NGƯỜI KHÁC CŨNG NHƯ TRÌNH BÀY QUAN ĐIỂM CỦA MÌNH VỀ NHỮNG VẤN ĐỀ CỤ THỂ ORAV HAI KHÔNG KHÔNG HAI	VIỆC SỬ DỤNG CÁC TRANG BLOG MỘT CÁCH THÍCH HỢP CÓ THỂ GIÚP HỌC SINH NHẠY BÉN HƠN VỀ KHẢ NĂNG PHÂN TÍCH VÀ LÝ LUẬN; QUA NHỮNG PHẢN ỨNG TÍCH CỰC VỚI TÀI LIỆU TRÊN INTERNET HỌC SINH CÓ THỂ XÁC ĐỊNH VAI TRÒ CỦA MÌNH TRONG NGỮ CẢNH BÀI VIẾT CỦA NGƯỜI KHÁC CŨNG NHƯ TRÌNH BÀY QUAN ĐIỂM CỦA MÌNH VỀ NHỮNG VẤN ĐỀ CỤ THỂ ORAVEC 2002
15207612342643622159-262	15207612342643622159.wav	SSL/download/paper_benchmark/fleurs/audio/15207612342643622159.wav	lakkha singh cũng trình bày chhappan bhog bhajan ca kĩ raju khandelwal hát cùng ông	LATHAIN CŨNG TRÌNH BÀY BAN CA SĨ GAIU KHANDERT HÁT CÙNG ÔNG	LAKKHA SINGH CŨNG TRÌNH BÀY CHHAPPAN BHOG BHAJAN CA KĨ RAJU KHANDELWAL HÁT CÙNG ÔNG
15309101111563626638-270	15309101111563626638.wav	SSL/download/paper_benchmark/fleurs/audio/15309101111563626638.wav	tại nhiều thành phố khác ở ý và khu vực khác trên thế giới đặc biệt là tại ba lan những hệ thống tương tự cũng được lắp đặt và được theo dõi qua màn hình bởi rất nhiều người xem	TẠI NHIỀU THÀNH PHỐ KHÁC Ở Ý VÀ KHU VỰC KHÁC TRÊN THẾ GIỚI ĐẶC BIỆT LÀ TẠI BA LAN NHỮNG HỆ THỐNG TƯƠNG TỰ CŨNG ĐƯỢC LẮP ĐẶT VÀ ĐƯỢC THEO DÕI QUA MÀN HÌNH BỞI RẤT NHIỀU NGƯỜI XEM	TẠI NHIỀU THÀNH PHỐ KHÁC Ở Ý VÀ KHU VỰC KHÁC TRÊN THẾ GIỚI ĐẶC BIỆT LÀ TẠI BA LAN NHỮNG HỆ THỐNG TƯƠNG TỰ CŨNG ĐƯỢC LẮP ĐẶT VÀ ĐƯỢC THEO DÕI QUA MÀN HÌNH BỞI RẤT NHIỀU NGƯỜI XEM
15439020056621791020-278	15439020056621791020.wav	SSL/download/paper_benchmark/fleurs/audio/15439020056621791020.wav	sự phân tách và tái kết hợp diễn ra qua lại giữa hai nhóm qua mỗi thế hệ	SỰ PHÂN VÀ TÁI KẾT HỢP DIỄN RA QUA LẠI GIỮA HAI NHÓM QUA MỖI THẾ HỆ	SỰ PHÂN TÁCH VÀ TÁI KẾT HỢP DIỄN RA QUA LẠI GIỮA HAI NHÓM QUA MỖI THẾ HỆ
15550037634386513707-286	15550037634386513707.wav	SSL/download/paper_benchmark/fleurs/audio/15550037634386513707.wav	chúng hầu hết đều là bãi biển cát an toàn cho việc bơi lội và hầu hết có bóng mát từ các cây pohutukawa	CHÚNG HẦU HẾT ĐỀU LÀ BÃI BIỂN CÁT AN TOÀN CHO VIỆC BƠI LỘI VÀ HẦU HẾT CÓ BÓNG MÁT TỪ CÁC CÂY BOAO	CHÚNG HẦU HẾT ĐỀU LÀ BÃI BIỂN CÁT AN TOÀN CHO VIỆC BƠI LỘI VÀ HẦU HẾT CÓ BÓNG MÁT TỪ CÁC CÂY POHUTUKAWA
15627182877213762998-294	15627182877213762998.wav	SSL/download/paper_benchmark/fleurs/audio/15627182877213762998.wav	khu vực này được cai trị bởi chính phủ pháp vichy đây là những người pháp đã làm hòa với người đức vào năm 1940 và bắt tay với quân xâm lược thay vì chiến đấu chống lại chúng	KHU VỰC NÀY ĐƯỢC CAI TRỊ BỞI CHÍNH PHỦ PHÁP GY CHI ĐÂY LÀ NHỮNG NGƯỜI PHÁP ĐÃ LÀM HÒA VỚI NGƯỜI ĐỨC VÀO NĂM MỘT NGÀN CHÍN TRĂM BỐN MƯƠI VÀ BẮT TAY VỚI QUÂN XÂM LƯỢC THAY VÌ CHIẾN ĐẤU CHỐNG LẠI CHÚNG	KHU VỰC NÀY ĐƯỢC CAI TRỊ BỞI CHÍNH PHỦ PHÁP VICHY ĐÂY LÀ NHỮNG NGƯỜI PHÁP ĐÃ LÀM HÒA VỚI NGƯỜI ĐỨC VÀO NĂM 1940 VÀ BẮT TAY VỚI QUÂN XÂM LƯỢC THAY VÌ CHIẾN ĐẤU CHỐNG LẠI CHÚNG
15728726893932848479-302	15728726893932848479.wav	SSL/download/paper_benchmark/fleurs/audio/15728726893932848479.wav	du khách được khuyến cáo nên đề phòng mọi rủi ro thời tiết khắc nghiệt ảnh hưởng đến khu vực của họ vì thời tiết khắc nghiệt có thể ảnh hưởng đến bất kỳ kế hoạch du lịch nào	DU KHÁCH ĐƯỢC KHUYẾN CÁO NÊN ĐỀ PHÒNG MỌI RỦI RO THỜI TIẾT KHẮC NGHIỆT ẢNH HƯỞNG ĐẾN KHU VỰC CỦA HỌ VÌ THỜI TIẾT KHẮC NGHIỆT CÓ THỂ ẢNH HƯỞNG ĐẾN BẤT KỲ KẾ HOẠCH DU LỊCH NÀO	DU KHÁCH ĐƯỢC KHUYẾN CÁO NÊN ĐỀ PHÒNG MỌI RỦI RO THỜI TIẾT KHẮC NGHIỆT ẢNH HƯỞNG ĐẾN KHU VỰC CỦA HỌ VÌ THỜI TIẾT KHẮC NGHIỆT CÓ THỂ ẢNH HƯỞNG ĐẾN BẤT KỲ KẾ HOẠCH DU LỊCH NÀO
15956754515081322564-310	15956754515081322564.wav	SSL/download/paper_benchmark/fleurs/audio/15956754515081322564.wav	vào mùa hè mọi người thường hay thưởng thức một món đơn giản và phổ biến có tên là pa amb pli gồm bánh mì dùng kèm dầu ô-liu cà chua và bất cứ gia vị nào sẵn có như phô mai cá ngừ vv vào bữa tối	VÀO MÙA HÈ MỌI NGƯỜI THƯỜNG HAY THƯỞNG THỨC MỘT MÓN ĐƠN GIẢN VÀ PHỔ BIẾN CÓ TÊN LÀ PAM LY GỒM BÁNH MÌ DÙNG KÈM DẦU Ô LIU CÀ CHUA VÀ BẤT CỨ GIA VỊ NÀO SẴN CÓ NHƯ PHÔ MAI CÁ NGỪ VÂN VÀO BỮA TỐI	VÀO MÙA HÈ MỌI NGƯỜI THƯỜNG HAY THƯỞNG THỨC MỘT MÓN ĐƠN GIẢN VÀ PHỔ BIẾN CÓ TÊN LÀ PA AMB PLI GỒM BÁNH MÌ DÙNG KÈM DẦU Ô LIU CÀ CHUA VÀ BẤT CỨ GIA VỊ NÀO SẴN CÓ NHƯ PHÔ MAI CÁ NGỪ VV VÀO BỮA TỐI
16074572389702700182-318	16074572389702700182.wav	SSL/download/paper_benchmark/fleurs/audio/16074572389702700182.wav	cà ri là món ăn làm từ thảo mộc và gia vị cùng với thịt hoặc rau củ	CÀ GHI LÀ MÓN ĂN LÀM TỪ THẢO MỘC VÀ GIA VỊ CÙNG VỚI THỊT HOẶC RAU CỦ	CÀ RI LÀ MÓN ĂN LÀM TỪ THẢO MỘC VÀ GIA VỊ CÙNG VỚI THỊT HOẶC RAU CỦ
16194652466852432978-326	16194652466852432978.wav	SSL/download/paper_benchmark/fleurs/audio/16194652466852432978.wav	khốn nỗi rất khó để nghiên cứu lưu lượng giao thông vì không thể đoán chắc chắn một trăm phần trăm hành vi của người lái xe	KHỐN NỔI RẤT KHÓ ĐỂ NGHIÊN CỨU LƯU LƯỢNG GIAO THÔNG VÌ KHÔNG THỂ ĐOÁN CHẮC CHẮN MỘT TRĂM PHẦN TRĂM HÀNH VI CỦA NGƯỜI LÁI XE	KHỐN NỖI RẤT KHÓ ĐỂ NGHIÊN CỨU LƯU LƯỢNG GIAO THÔNG VÌ KHÔNG THỂ ĐOÁN CHẮC CHẮN MỘT TRĂM PHẦN TRĂM HÀNH VI CỦA NGƯỜI LÁI XE
16459630596072931017-334	16459630596072931017.wav	SSL/download/paper_benchmark/fleurs/audio/16459630596072931017.wav	người ta có thể không lường trước được rằng sự kiên nhẫn và thấu hiểu cũng rất cần thiết cho việc hồi hương	NGƯỜI TA CÓ THỂ KHÔNG LƯỜNG TRƯỚC ĐƯỢC RẰNG SỰ KIÊN NHẪN VÀ THẤU HIỂU CŨNG RẤT CẦN THIẾT CHO VIỆC HỒI HƯƠNG	NGƯỜI TA CÓ THỂ KHÔNG LƯỜNG TRƯỚC ĐƯỢC RẰNG SỰ KIÊN NHẪN VÀ THẤU HIỂU CŨNG RẤT CẦN THIẾT CHO VIỆC HỒI HƯƠNG
16597845551371280844-342	16597845551371280844.wav	SSL/download/paper_benchmark/fleurs/audio/16597845551371280844.wav	nextgen là hệ thống mà faa tuyên bố sẽ cho phép máy bay bay quãng đường ngắn hơn và tiết triệu hàng triệu gallon nhiên liệu mỗi năm và cắt giảm lượng khí thải cacbon	NÉT GEN LÀ HỆ THỐNG MÀ FA TUYÊN BỐ SẼ CHO PHÉP MÁY BAY QUÃNG ĐƯỜNG NGẮN HƠN VÀ TIẾT KIỆM HÀNG TRIỆU GALON NHIÊN LIỆU MỖI NĂM VÀ CÁC LOẠI LƯỢNG KHÍ THẢI CÁC BON	NEXTGEN LÀ HỆ THỐNG MÀ FAA TUYÊN BỐ SẼ CHO PHÉP MÁY BAY BAY QUÃNG ĐƯỜNG NGẮN HƠN VÀ TIẾT TRIỆU HÀNG TRIỆU GALLON NHIÊN LIỆU MỖI NĂM VÀ CẮT GIẢM LƯỢNG KHÍ THẢI CACBON
16845461410228847296-350	16845461410228847296.wav	SSL/download/paper_benchmark/fleurs/audio/16845461410228847296.wav	văn hóa và bộ lạc cổ xưa đã bắt đầu giữ những con vật này để dễ lấy sữa tóc thịt và da	VĂN HÓA VÀ BỘ LẠC XƯA ĐÃ BẮT ĐẦU GIỮ NHỮNG CON VẬT NÀY ĐỂ DỄ LẤY SỮA TÓC THỊT VÀ DA	VĂN HÓA VÀ BỘ LẠC CỔ XƯA ĐÃ BẮT ĐẦU GIỮ NHỮNG CON VẬT NÀY ĐỂ DỄ LẤY SỮA TÓC THỊT VÀ DA
17002668375838051600-358	17002668375838051600.wav	SSL/download/paper_benchmark/fleurs/audio/17002668375838051600.wav	các nhà khoa học hy vọng sẽ hiểu được cách thức hình thành của các hành tinh đặc biệt là trái đất được hình thành như thế nào bởi các sao chổi đã va chạm vào trái đất từ xa xưa	CÁC NHÀ KHOA HỌC HY VỌNG SẼ HIỂU ĐƯỢC CÁCH THỨC HÌNH THÀNH CỦA CÁC HÀNH TINH ĐẶC BIỆT LÀ TRÁI ĐẤT ĐƯỢC HÌNH THÀNH NHƯ THẾ NÀO BỞI CÁC SAO CHỔI ĐÃ VA CHẠM VÀO TRÁI ĐẤT TỪ XA XƯA	CÁC NHÀ KHOA HỌC HY VỌNG SẼ HIỂU ĐƯỢC CÁCH THỨC HÌNH THÀNH CỦA CÁC HÀNH TINH ĐẶC BIỆT LÀ TRÁI ĐẤT ĐƯỢC HÌNH THÀNH NHƯ THẾ NÀO BỞI CÁC SAO CHỔI ĐÃ VA CHẠM VÀO TRÁI ĐẤT TỪ XA XƯA
17237461836458691328-366	17237461836458691328.wav	SSL/download/paper_benchmark/fleurs/audio/17237461836458691328.wav	huhne đã từ chức và ed davey mp sẽ thay thế vào vị trí của ông trong nội các norman lamb mp được kỳ vọng sẽ đảm nhận công việc bộ trưởng kinh tế của davey đang còn trống	HÔ NE ĐÃ TỪ CHỨC VÀ Ê VI M SẼ THAY THẾ VÀO VỊ TRÍ CỦA ÔNG TRONG NỘI CÁC NOMA ĐƯỢC KỲ VỌNG SẼ ĐẢM NHẬN CÔNG VIỆC BỘ TRƯỞNG KINH TẾ CỦA DAVI ĐANG CÒN TRỐNG	HUHNE ĐÃ TỪ CHỨC VÀ ED DAVEY MP SẼ THAY THẾ VÀO VỊ TRÍ CỦA ÔNG TRONG NỘI CÁC NORMAN LAMB MP ĐƯỢC KỲ VỌNG SẼ ĐẢM NHẬN CÔNG VIỆC BỘ TRƯỞNG KINH TẾ CỦA DAVEY ĐANG CÒN TRỐNG
17382040271795696156-374	17382040271795696156.wav	SSL/download/paper_benchmark/fleurs/audio/17382040271795696156.wav	người pa ri nổi tiếng là ích kỷ thô lỗ và kiêu ngạo	NGƯỜI PARIS NỔI TIẾNG LÀ ÍCH KĨ THÔ LỖ VÀ KIÊU NGẠO	NGƯỜI PA RI NỔI TIẾNG LÀ ÍCH KỶ THÔ LỖ VÀ KIÊU NGẠO
17472892190751062187-382	17472892190751062187.wav	SSL/download/paper_benchmark/fleurs/audio/17472892190751062187.wav	họ thường cung cấp những thức ăn đồ uống và giải trí đặc biệt để giữ khách hàng thoải mái và giữ họ ở lại	HỌ THƯỜNG CUNG CẤP NHỮNG THỨC ĂN ĐỒ UỐNG VÀ GIẢI TRÍ ĐẶC BIỆT ĐỂ GIỮ KHÁCH HÀNG THOẢI MÁI VÀ GIỮ HỌ Ở LẠI	HỌ THƯỜNG CUNG CẤP NHỮNG THỨC ĂN ĐỒ UỐNG VÀ GIẢI TRÍ ĐẶC BIỆT ĐỂ GIỮ KHÁCH HÀNG THOẢI MÁI VÀ GIỮ HỌ Ở LẠI
17680749552498612886-390	17680749552498612886.wav	SSL/download/paper_benchmark/fleurs/audio/17680749552498612886.wav	nằm trên đỉnh của một trong những ngọn núi ở phía bắc mecca hang động này hoàn toàn tách biệt với phần còn lại của thế giới	NẰM TRÊN ĐỈNH CỦA MỘT TRONG NHỮNG NGỌN NÚI Ở PHÍA BẮC HANG ĐỘNG NÀY HOÀN TOÀN TÁCH BIỆT VỚI PHẦN CÒN LẠI CỦA THẾ GIỚI	NẰM TRÊN ĐỈNH CỦA MỘT TRONG NHỮNG NGỌN NÚI Ở PHÍA BẮC MECCA HANG ĐỘNG NÀY HOÀN TOÀN TÁCH BIỆT VỚI PHẦN CÒN LẠI CỦA THẾ GIỚI
17755811305763461460-398	17755811305763461460.wav	SSL/download/paper_benchmark/fleurs/audio/17755811305763461460.wav	một số chuyến du lịch sẽ đề cập đến thành phố berlin đức trong tờ quảng cáo như bạn thấy trên bản đồ berlin không nằm gần biển và chuyến tham quan thành phố sẽ không bao gồm trong giá chuyến đi	MỘT SỐ CHUYẾN DU LỊCH SẼ ĐỀ CẬP ĐẾN THÀNH PHỐ BERLIN TỨC TRONG TỜ QUẢNG CÁO NHƯ BẠN THẤY TRÊN BẢN ĐỒ BERLIN KHÔNG NẰM GẦN BIỂN VÀ CHUYẾN THĂM QUAN THÀNH PHỐ SẼ KHÔNG BAO GỒM TRONG GIÁ CHUYẾN ĐI	MỘT SỐ CHUYẾN DU LỊCH SẼ ĐỀ CẬP ĐẾN THÀNH PHỐ BERLIN ĐỨC TRONG TỜ QUẢNG CÁO NHƯ BẠN THẤY TRÊN BẢN ĐỒ BERLIN KHÔNG NẰM GẦN BIỂN VÀ CHUYẾN THAM QUAN THÀNH PHỐ SẼ KHÔNG BAO GỒM TRONG GIÁ CHUYẾN ĐI
17885363507867735047-406	17885363507867735047.wav	SSL/download/paper_benchmark/fleurs/audio/17885363507867735047.wav	aerosmith đã huỷ các buổi trình diễn còn lại trong chuyến lưu diễn của họ	A GOSMIC ĐÃ HỦY CÁC BUỔI TRÌNH DIỄN CÒN LẠI TRONG CHUYẾN LƯU DIỄN CỦA HỌ	AEROSMITH ĐÃ HUỶ CÁC BUỔI TRÌNH DIỄN CÒN LẠI TRONG CHUYẾN LƯU DIỄN CỦA HỌ
18212480126342863040-414	18212480126342863040.wav	SSL/download/paper_benchmark/fleurs/audio/18212480126342863040.wav	tới 11:35 tối đội cứu hỏa cuối cùng đã dùng nước dập được đám cháy	TỚI MƯỜI MỘT GIỜ BA MƯƠI LĂM TỐI CUỐI CÙNG ĐÃ DÙNG NƯỚC DẬP ĐƯỢC ĐÁM CHÁY	TỚI 11:35 TỐI ĐỘI CỨU HỎA CUỐI CÙNG ĐÃ DÙNG NƯỚC DẬP ĐƯỢC ĐÁM CHÁY
18402791005770944423-422	18402791005770944423.wav	SSL/download/paper_benchmark/fleurs/audio/18402791005770944423.wav	các đề cử khác bao gồm phim đạo diễn quay phim thiết kế trang phục biên tập phim nhạc phim gốc thiết kế sản xuất biên tập âm thanh hòa âm và kịch bản gốc hay nhất	CÁC ĐỀ CỬ KHÁC BAO GỒM PHIM ĐẠO DIỄN QUAY PHIM THIẾT KẾ TRANG PHỤC BIÊN TẬP PHIM NHẠC PHIM GỐC THIẾT KẾ SẢN XUẤT BIÊN TẬP ÂM THANH HOÀ ÂM VÀ KỊCH BẢN GỐC HAY NHẤT	CÁC ĐỀ CỬ KHÁC BAO GỒM PHIM ĐẠO DIỄN QUAY PHIM THIẾT KẾ TRANG PHỤC BIÊN TẬP PHIM NHẠC PHIM GỐC THIẾT KẾ SẢN XUẤT BIÊN TẬP ÂM THANH HÒA ÂM VÀ KỊCH BẢN GỐC HAY NHẤT
1890199087334768808-430	1890199087334768808.wav	SSL/download/paper_benchmark/fleurs/audio/1890199087334768808.wav	vào mùa hè mọi người thường hay thưởng thức một món đơn giản và phổ biến có tên là pa amb pli gồm bánh mì dùng kèm dầu ô-liu cà chua và bất cứ gia vị nào sẵn có như phô mai cá ngừ vv vào bữa tối	VÀO MÙA HÈ MỌI NGƯỜI THƯỜNG HAY THƯỞNG THỨC MỘT MÓN ĐƠN GIẢN VÀ PHỔ BIẾN CÓ TÊN LÀ BAMI GỒM BÁNH MÌ DÙNG KÈM DẦU Ô LIU CÀ CHUA VÀ BẤT CỨ GIA VỊ NÀO SẴN CÓ NHƯ PHÔ MAI CÁ NGỪ VÂN VÂN VÀO BUỔI TỐI	VÀO MÙA HÈ MỌI NGƯỜI THƯỜNG HAY THƯỞNG THỨC MỘT MÓN ĐƠN GIẢN VÀ PHỔ BIẾN CÓ TÊN LÀ PA AMB PLI GỒM BÁNH MÌ DÙNG KÈM DẦU Ô LIU CÀ CHUA VÀ BẤT CỨ GIA VỊ NÀO SẴN CÓ NHƯ PHÔ MAI CÁ NGỪ VV VÀO BỮA TỐI
1988769089134997232-438	1988769089134997232.wav	SSL/download/paper_benchmark/fleurs/audio/1988769089134997232.wav	việc sử dụng các trang blog một cách thích hợp có thể giúp học sinh nhạy bén hơn về khả năng phân tích và lý luận; qua những phản ứng tích cực với tài liệu trên internet học sinh có thể xác định vai trò của mình trong ngữ cảnh bài viết của người khác cũng như trình bày quan điểm của mình về những vấn đề cụ thể oravec 2002	VIỆC SỬ DỤNG CÁC TRANG BLOG MỘT CÁCH THÍCH HỢP CÓ THỂ GIÚP HỌC SINH NHẠY BÉN HƠN VỀ KHẢ NĂNG PHÂN TÍCH VÀ LÝ LUẬN QUA NHỮNG PHẢN ỨNG TÍCH CỰC VỚI TÀI LIỆU TRÊN INTERNET CÓ THỂ XÁC ĐỊNH VAI TRÒ CỦA MÌNH TRONG NGỮ CẢNH BÀI VIẾT CỦA NGƯỜI KHÁC CŨNG NHƯ TRÌNH BÀY QUAN ĐIỂM CỦA MÌNH VỀ NHỮNG VẤN ĐỀ CỤ THỂ ORAV HAI NGÀN KHÔNG TRĂM LINH HAI	VIỆC SỬ DỤNG CÁC TRANG BLOG MỘT CÁCH THÍCH HỢP CÓ THỂ GIÚP HỌC SINH NHẠY BÉN HƠN VỀ KHẢ NĂNG PHÂN TÍCH VÀ LÝ LUẬN; QUA NHỮNG PHẢN ỨNG TÍCH CỰC VỚI TÀI LIỆU TRÊN INTERNET HỌC SINH CÓ THỂ XÁC ĐỊNH VAI TRÒ CỦA MÌNH TRONG NGỮ CẢNH BÀI VIẾT CỦA NGƯỜI KHÁC CŨNG NHƯ TRÌNH BÀY QUAN ĐIỂM CỦA MÌNH VỀ NHỮNG VẤN ĐỀ CỤ THỂ ORAVEC 2002
2081262094198296624-446	2081262094198296624.wav	SSL/download/paper_benchmark/fleurs/audio/2081262094198296624.wav	đứng đầu trong 78 khuyến nghị là nên đưa ra sáng kiến ngoại giao mới trước khi kết thúc năm nay để củng cố biên giới iraq chống lại các can thiệp thù địch và tái thiết lập quan hệ ngoại giao với các nước láng giềng	ĐỨNG ĐẦU TRONG BẢY MƯƠI TÁM KHUYẾN NGHỊ LÀ NÊN ĐƯA RA SÁNG KIẾN NGOẠI GIAO MỚI TRƯỚC KHI KẾT THÚC NĂM NAY ĐỂ CỦNG CỐ BIÊN GIỚI CHỐNG LẠI CÁC CAN THIỆP VÀ TÁI THIẾT LẬP QUAN HỆ NGOẠI GIAO CÁC NƯỚC LÁNG GIỀNG	ĐỨNG ĐẦU TRONG 78 KHUYẾN NGHỊ LÀ NÊN ĐƯA RA SÁNG KIẾN NGOẠI GIAO MỚI TRƯỚC KHI KẾT THÚC NĂM NAY ĐỂ CỦNG CỐ BIÊN GIỚI IRAQ CHỐNG LẠI CÁC CAN THIỆP THÙ ĐỊCH VÀ TÁI THIẾT LẬP QUAN HỆ NGOẠI GIAO VỚI CÁC NƯỚC LÁNG GIỀNG
2254132785920496713-454	2254132785920496713.wav	SSL/download/paper_benchmark/fleurs/audio/2254132785920496713.wav	quốc hội bắt đầu cấp kinh phí cho đề xướng chống khiêu dâm trong năm tài khóa 2005 và quy định rằng fbi phải dành 10 đặc vụ cho nội dung khiêu dâm người lớn	QUỐC HỘI BẮT ĐẦU CẤP KINH PHÍ CHO ĐỀ CHỐNG KHIÊU TRONG NĂM TÀI KHÓA HAI NGÀN KHÔNG TRĂM LINH NĂM VÀ QUY ĐỊNH RẰNG FPI PHẢI DÀNH CHO NỘI DUNG KHIÊU NGƯỜI LỚN	QUỐC HỘI BẮT ĐẦU CẤP KINH PHÍ CHO ĐỀ XƯỚNG CHỐNG KHIÊU DÂM TRONG NĂM TÀI KHÓA 2005 VÀ QUY ĐỊNH RẰNG FBI PHẢI DÀNH 10 ĐẶC VỤ CHO NỘI DUNG KHIÊU DÂM NGƯỜI LỚN
2507014655349143436-462	2507014655349143436.wav	SSL/download/paper_benchmark/fleurs/audio/2507014655349143436.wav	cuomo 53 tuổi bắt đầu đảm nhiệm chức vụ thống đốc từ đầu năm nay tháng trước ông đã ký dự luật hợp pháp hóa hôn nhân đồng giới	CUA NĂM MƯƠI BA TUỔI BẮT ĐẦU ĐẢM NHIỆM CHỨC VỤ THỐNG ĐỐC TỪ ĐẦU NĂM NAY THÁNG TRƯỚC ÔNG ĐÃ KÝ DỰ LUẬT HỢP PHÁP HÓA HÔN NHÂN ĐỒNG GIỚI	CUOMO 53 TUỔI BẮT ĐẦU ĐẢM NHIỆM CHỨC VỤ THỐNG ĐỐC TỪ ĐẦU NĂM NAY THÁNG TRƯỚC ÔNG ĐÃ KÝ DỰ LUẬT HỢP PHÁP HÓA HÔN NHÂN ĐỒNG GIỚI
2596331178189514197-470	2596331178189514197.wav	SSL/download/paper_benchmark/fleurs/audio/2596331178189514197.wav	chỉ các đột biến ở tế bào dòng vi khuẩn mới có thể di truyền sang con cái trong khi đột biến ở nơi khác có thể gây chết tế bào hay ung thư	CHỈ CÁC ĐỘT BIẾN Ở TẾ BÀO DÒNG VI KHUẨN MỚI CÓ THỂ DI TRUYỀN SANG CON CÁI TRONG KHI ĐỘT BIẾN Ở NƠI KHÁC CÓ THỂ GÂY CHẾT TẾ BÀO HAY UNG THƯ	CHỈ CÁC ĐỘT BIẾN Ở TẾ BÀO DÒNG VI KHUẨN MỚI CÓ THỂ DI TRUYỀN SANG CON CÁI TRONG KHI ĐỘT BIẾN Ở NƠI KHÁC CÓ THỂ GÂY CHẾT TẾ BÀO HAY UNG THƯ
2769793849199477812-478	2769793849199477812.wav	SSL/download/paper_benchmark/fleurs/audio/2769793849199477812.wav	khu vực này tiếp giáp với sahei về phía bắc và giáp đại tây dương về phía nam và phía tây	KHU VỰC NÀY TIẾP GIÁP VỚI SAY VỀ PHÍA BẮC VÀ GIÁP ĐẠI TÂY DƯƠNG VỀ PHÍA NAM VÀ PHÍA TÂY	KHU VỰC NÀY TIẾP GIÁP VỚI SAHEI VỀ PHÍA BẮC VÀ GIÁP ĐẠI TÂY DƯƠNG VỀ PHÍA NAM VÀ PHÍA TÂY
2954426135015464414-486	2954426135015464414.wav	SSL/download/paper_benchmark/fleurs/audio/2954426135015464414.wav	bên cạnh đó giữa các triều đại là những giai đoạn bất ổn khi các châu bị chia rẽ giai đoạn nổi tiếng nhất là thời tam quốc kéo dài trong 60 năm giữa nhà hán và nhà tấn	BÊN CẠNH ĐÓ GIỮA CÁC TRIỀU ĐẠI LÀ NHỮNG GIAI ĐOẠN BẤT ỔN KHI CÁC CHÂU BỊ CHIA RẼ GIAI ĐOẠN NỔI TIẾNG NHẤT LÀ THỜI TAM QUỐC KÉO DÀI TRONG SÁU MƯƠI NĂM GIỮA NHÀ HÁN VÀ NHÀ TẮM	BÊN CẠNH ĐÓ GIỮA CÁC TRIỀU ĐẠI LÀ NHỮNG GIAI ĐOẠN BẤT ỔN KHI CÁC CHÂU BỊ CHIA RẼ GIAI ĐOẠN NỔI TIẾNG NHẤT LÀ THỜI TAM QUỐC KÉO DÀI TRONG 60 NĂM GIỮA NHÀ HÁN VÀ NHÀ TẤN
3096070416170534446-494	3096070416170534446.wav	SSL/download/paper_benchmark/fleurs/audio/3096070416170534446.wav	những cặp đôi này đã quyết định lên kế hoạch nhận con nuôi	NHỮNG CẶP ĐÔI NÀY ĐÃ QUYẾT ĐỊNH LÊN KẾ HOẠCH NHẬN CON NUÔI	NHỮNG CẶP ĐÔI NÀY ĐÃ QUYẾT ĐỊNH LÊN KẾ HOẠCH NHẬN CON NUÔI
3240223208590720495-502	3240223208590720495.wav	SSL/download/paper_benchmark/fleurs/audio/3240223208590720495.wav	cùng tháng đó cũng chứng kiến một máy bay khác chạy quá đường băng tại mashhad và đâm vào một bức tường làm thiệt mạng mười bảy người	CÙNG THÁNG ĐÓ CŨNG CHỨNG KIẾN MỘT MÁY BAY KHÁC CHẠY QUÁ ĐƯỜNG BĂNG TẠI MÁT HA VÀ ĐÂM VÀO MỘT BỨC TƯỜNG LÀM THIỆT MẠNG MƯỜI BẢY NGƯỜI	CÙNG THÁNG ĐÓ CŨNG CHỨNG KIẾN MỘT MÁY BAY KHÁC CHẠY QUÁ ĐƯỜNG BĂNG TẠI MASHHAD VÀ ĐÂM VÀO MỘT BỨC TƯỜNG LÀM THIỆT MẠNG MƯỜI BẢY NGƯỜI
338851110245745911-510	338851110245745911.wav	SSL/download/paper_benchmark/fleurs/audio/338851110245745911.wav	vì vậy ngay từ những ngày mới ra đời bút chì đã trở thành người bạn tốt của nhiều người	VÌ VẬY NGAY TỪ NHỮNG NGÀY MỚI RA ĐỜI ÚT CHÌ ĐÃ TRỞ THÀNH NGƯỜI BẠN TỐT CỦA NHIỀU NGƯỜI	VÌ VẬY NGAY TỪ NHỮNG NGÀY MỚI RA ĐỜI BÚT CHÌ ĐÃ TRỞ THÀNH NGƯỜI BẠN TỐT CỦA NHIỀU NGƯỜI
3595628137187671907-518	3595628137187671907.wav	SSL/download/paper_benchmark/fleurs/audio/3595628137187671907.wav	hầu hết các tòa nhà ở ngoài rìa khu quần thể đều được tái tạo nhằm giúp du khách hình dung rõ nét hơn về diện mạo nguyên bản của chúng	HẦU HẾT CÁC TÒA NHÀ Ở NGOÀI GHÈ KHU THỂ ĐỀU ĐƯỢC TÁI TẠO NHẰM GIÚP DU KHÁCH HÌNH DUNG RÕ NÉT HƠN VỀ DIỆN MẠO NGUYÊN BẢN CỦA CHÚNG	HẦU HẾT CÁC TÒA NHÀ Ở NGOÀI RÌA KHU QUẦN THỂ ĐỀU ĐƯỢC TÁI TẠO NHẰM GIÚP DU KHÁCH HÌNH DUNG RÕ NÉT HƠN VỀ DIỆN MẠO NGUYÊN BẢN CỦA CHÚNG
3692930283852287016-526	3692930283852287016.wav	SSL/download/paper_benchmark/fleurs/audio/3692930283852287016.wav	trong khoảng 150 đến 200 bản in đã được tạo ra xuyên đêm ngày nay được biết tới là bản in dunlap	TRONG KHOẢNG MỘT TRĂM NĂM MƯƠI ĐẾN HAI TRĂM BẢNG IN ĐÃ ĐƯỢC TẠO RA XUYÊN ĐÊM NGÀY NAY ĐƯỢC BIẾT TỚI LÀ BẢN IN LAP	TRONG KHOẢNG 150 ĐẾN 200 BẢN IN ĐÃ ĐƯỢC TẠO RA XUYÊN ĐÊM NGÀY NAY ĐƯỢC BIẾT TỚI LÀ BẢN IN DUNLAP
380646360080464748-534	380646360080464748.wav	SSL/download/paper_benchmark/fleurs/audio/380646360080464748.wav	trẻ em lang thang có thể đã bị ngược đãi tàn nhẫn hoặc bị sang chấn tâm lý trước khi bị bỏ rơi hoặc bỏ trốn	TRẺ EM LAN CÓ THỂ ĐÃ BỊ NGƯỢC ĐÃI TÀN NHẪN HOẶC BỊ SANG CHẤN TÂM LÝ TRƯỚC KHI BỊ BỎ RƠI HOẶC BỎ TRỐN	TRẺ EM LANG THANG CÓ THỂ ĐÃ BỊ NGƯỢC ĐÃI TÀN NHẪN HOẶC BỊ SANG CHẤN TÂM LÝ TRƯỚC KHI BỊ BỎ RƠI HOẶC BỎ TRỐN
3898408423558063341-542	3898408423558063341.wav	SSL/download/paper_benchmark/fleurs/audio/3898408423558063341.wav	25 tờ dunlap được cho là vẫn còn là những bản chụp lâu đời nhất còn tồn tại của tài liệu này bản chụp viết tay ban đầu đã không còn nữa	HAI MƯƠI LĂM TỜ LUN LAP ĐƯỢC CHO LÀ VẪN CÒN LÀ NHỮNG BẢN CHỤP LÂU ĐỜI NHẤT CÒN TỒN TẠI CỦA TÀI LIỆU NÀY BẢN CHỤP VIẾT TAY BAN ĐẦU ĐÃ KHÔNG CÒN NỮA	25 TỜ DUNLAP ĐƯỢC CHO LÀ VẪN CÒN LÀ NHỮNG BẢN CHỤP LÂU ĐỜI NHẤT CÒN TỒN TẠI CỦA TÀI LIỆU NÀY BẢN CHỤP VIẾT TAY BAN ĐẦU ĐÃ KHÔNG CÒN NỮA
3990257738227286034-550	3990257738227286034.wav	SSL/download/paper_benchmark/fleurs/audio/3990257738227286034.wav	các chỉ trích tự do của nỗ lực tái thiết tập trung vào việc trao các hợp đồng tái thiết cho những người có thông tin nội bộ của washington	CÁC CHỈ TRÍCH TỰ DO CỦA NỖ LỰC TÁI THIẾT TẬP TRUNG VÀO VIỆC TRAO CÁC HỢP ĐỒNG TÁI THIẾT CHO NHỮNG NGƯỜI CÓ THÔNG TIN NỘI BỘ CỦA WASHINGTON	CÁC CHỈ TRÍCH TỰ DO CỦA NỖ LỰC TÁI THIẾT TẬP TRUNG VÀO VIỆC TRAO CÁC HỢP ĐỒNG TÁI THIẾT CHO NHỮNG NGƯỜI CÓ THÔNG TIN NỘI BỘ CỦA WASHINGTON
4051886311694235581-558	4051886311694235581.wav	SSL/download/paper_benchmark/fleurs/audio/4051886311694235581.wav	del potro có ưu thế sớm trong set thứ hai tuy nhiên thời gian nghỉ giải lao khá ít sau khi đạt tỷ số 6-6	DE BO CÓ ƯU THẾ SỚM TRONG SET THỨ HAI TUY NHIÊN THỜI GIAN NGHỈ GIẢI LAO KHÁ SAU KHI ĐẠT TỶ SỐ SÁU SÁU	DEL POTRO CÓ ƯU THẾ SỚM TRONG SET THỨ HAI TUY NHIÊN THỜI GIAN NGHỈ GIẢI LAO KHÁ ÍT SAU KHI ĐẠT TỶ SỐ 6 6
4133680951122510355-566	4133680951122510355.wav	SSL/download/paper_benchmark/fleurs/audio/4133680951122510355.wav	các nhà khoa học đã có thể kết luận rằng vật chất tối ảnh hưởng tới vật chất tối khác giống như tính chất của vật chất thông thường	CÁC NHÀ KHOA HỌC ĐÃ CÓ THỂ KẾT LUẬN RẰNG VẬT CHẤT TỐI ẢNH HƯỞNG ĐẾN VẬT CHẤT TỐI KHÁC NHƯ TÍNH CHẤT CỦA VẬT CHẤT THÔNG THƯỜNG	CÁC NHÀ KHOA HỌC ĐÃ CÓ THỂ KẾT LUẬN RẰNG VẬT CHẤT TỐI ẢNH HƯỞNG TỚI VẬT CHẤT TỐI KHÁC GIỐNG NHƯ TÍNH CHẤT CỦA VẬT CHẤT THÔNG THƯỜNG
429371922100132038-574	429371922100132038.wav	SSL/download/paper_benchmark/fleurs/audio/429371922100132038.wav	viện tư pháp và dân chủ haiti đã tham khảo các kết quả nghiên cứu độc lập cho thấy tiểu đoàn gìn giữ hòa bình của liên hiệp quốc ở nepal đã vô tình mang mầm bệnh đến haiti	VIỆN TƯ PHÁP VÀ DÂN CHỦ HI TI ĐÃ THAM KHẢO CÁC KẾT QUẢ NGHIÊN CỨU ĐỘC LẬP CHO THẤY TIỂU ĐOÀN GÌN GIỮ HÒA BÌNH CỦA LIÊN HỢP QUỐC Ở NEB ĐÃ VÔ TÌNH MANG MẦM BỆNH ĐẾN HI TI	VIỆN TƯ PHÁP VÀ DÂN CHỦ HAITI ĐÃ THAM KHẢO CÁC KẾT QUẢ NGHIÊN CỨU ĐỘC LẬP CHO THẤY TIỂU ĐOÀN GÌN GIỮ HÒA BÌNH CỦA LIÊN HIỆP QUỐC Ở NEPAL ĐÃ VÔ TÌNH MANG MẦM BỆNH ĐẾN HAITI
4423131533199988978-582	4423131533199988978.wav	SSL/download/paper_benchmark/fleurs/audio/4423131533199988978.wav	tương tự nam giới phải mặc quần dài che phủ đầu gối	TƯƠNG TỰ NAM GIỚI PHẢI MẶC QUẦN DÀI CHE PHỦ ĐẦU GÓI	TƯƠNG TỰ NAM GIỚI PHẢI MẶC QUẦN DÀI CHE PHỦ ĐẦU GỐI
4584717646392412363-590	4584717646392412363.wav	SSL/download/paper_benchmark/fleurs/audio/4584717646392412363.wav	chuyến đi thực tế là một phần quan trọng trong lớp học giáo viên khá thường xuyên đưa học sinh tới những nơi mà việc đi xe buýt không phải là lựa chọn	CHUYẾN ĐI THỰC TẾ LÀ MỘT PHẦN QUAN TRỌNG TRONG LỚP HỌC GIÁO VIÊN KHÁ THƯỜNG XUYÊN ĐƯA HỌC SINH TỚI NHỮNG NƠI MÀ VIỆC ĐI XE BUÝT KHÔNG PHẢI LÀ LỰA CHỌN	CHUYẾN ĐI THỰC TẾ LÀ MỘT PHẦN QUAN TRỌNG TRONG LỚP HỌC GIÁO VIÊN KHÁ THƯỜNG XUYÊN ĐƯA HỌC SINH TỚI NHỮNG NƠI MÀ VIỆC ĐI XE BUÝT KHÔNG PHẢI LÀ LỰA CHỌN
4692998548530714145-598	4692998548530714145.wav	SSL/download/paper_benchmark/fleurs/audio/4692998548530714145.wav	chỉ trong vòng hai tuần các lực lượng quân đội hoa kỳ và pháp quốc tự do đã giải phóng miền nam nước pháp rồi chuyển hướng về nước đức	CHỈ TRONG VÒNG HAI TUẦN CÁC LỰC LƯỢNG QUÂN ĐỘI HOA KỲ VÀ PHÁP QUỐC TỰ DO ĐÃ GIẢI PHÓNG MIỀN NAM NƯỚC PHÁP RỒI CHUYỂN HƯỚNG VỀ NƯỚC ĐỨC	CHỈ TRONG VÒNG HAI TUẦN CÁC LỰC LƯỢNG QUÂN ĐỘI HOA KỲ VÀ PHÁP QUỐC TỰ DO ĐÃ GIẢI PHÓNG MIỀN NAM NƯỚC PHÁP RỒI CHUYỂN HƯỚNG VỀ NƯỚC ĐỨC
4878288597309579137-606	4878288597309579137.wav	SSL/download/paper_benchmark/fleurs/audio/4878288597309579137.wav	ví dụ định dạng chụp ảnh tĩnh phổ biến nhất trên thế giới là 35mm kích cỡ phim thịnh hành trước khi kết thúc thời đại phim analog	VÍ DỤ ĐỊNH DẠNG CHỤP ẢNH TỈNH PHỔ BIẾN NHẤT TRÊN THẾ GIỚI LÀ BA MƯƠI LĂM MILIMET KÍCH CỠ PHIM HÌNH THÀNH TRƯỚC KHI KẾT THÚC THỜI ĐẠI PHIM ANARLO	VÍ DỤ ĐỊNH DẠNG CHỤP ẢNH TĨNH PHỔ BIẾN NHẤT TRÊN THẾ GIỚI LÀ 35MM KÍCH CỠ PHIM THỊNH HÀNH TRƯỚC KHI KẾT THÚC THỜI ĐẠI PHIM ANALOG
4987855830303550594-614	4987855830303550594.wav	SSL/download/paper_benchmark/fleurs/audio/4987855830303550594.wav	can thiệp giấc ngủ là quá trình cố tình đánh thức một người trong thời gian ngủ bình thường của người đó và ngủ lại một lát sau đó 10-60 phút	CAN THIỆP GIẤC NGỦ LÀ QUÁ TRÌNH CỐ TÌNH ĐÁNH THỨC MỘT NGƯỜI TRONG THỜI GIAN NGỦ BÌNH THƯỜNG CỦA NGƯỜI ĐÓ VÀ NGỦ LẠI MỘT LÁT SAU ĐÓ MƯỜI ĐẾN SÁU MƯƠI PHÚT	CAN THIỆP GIẤC NGỦ LÀ QUÁ TRÌNH CỐ TÌNH ĐÁNH THỨC MỘT NGƯỜI TRONG THỜI GIAN NGỦ BÌNH THƯỜNG CỦA NGƯỜI ĐÓ VÀ NGỦ LẠI MỘT LÁT SAU ĐÓ 10 60 PHÚT
5142952810022636598-622	5142952810022636598.wav	SSL/download/paper_benchmark/fleurs/audio/5142952810022636598.wav	loài dê được thuần hoá lần đầu vào khoảng 10.000 năm trước tại dãy núi zagros thuộc iran	LOÀI DÊ ĐƯỢC THUẦN HÓA LẦN ĐẦU VÀO KHOẢNG MƯỜI NGÀN NĂM TRƯỚC ĐÂY TẠI DÃY NÚI SAT THUỘC I	LOÀI DÊ ĐƯỢC THUẦN HOÁ LẦN ĐẦU VÀO KHOẢNG 10 000 NĂM TRƯỚC TẠI DÃY NÚI ZAGROS THUỘC IRAN
5274456148997354263-630	5274456148997354263.wav	SSL/download/paper_benchmark/fleurs/audio/5274456148997354263.wav	phụ nữ du khách nữ nên nói là họ đã kết hôn dù tình trạng hôn nhân thực tế là gì	PHỤ NỮ DU KHÁCH NỮ NÊN NÓI LÀ HỌ ĐÃ KẾT HÔN DÙ TÌNH TRẠNG HÔN NHÂN THỰC TẾ LÀ GÌ	PHỤ NỮ DU KHÁCH NỮ NÊN NÓI LÀ HỌ ĐÃ KẾT HÔN DÙ TÌNH TRẠNG HÔN NHÂN THỰC TẾ LÀ GÌ
5456770454860414223-638	5456770454860414223.wav	SSL/download/paper_benchmark/fleurs/audio/5456770454860414223.wav	thường bạn luôn nghe tiếng của các du khách và người bán hàng rong câu chuyện về âm thanh và ánh sáng giống như một quyển sách truyện	THƯỜNG BẠN LUÔN NGHE TIẾNG CỦA CÁC DU KHÁCH VÀ NGƯỜI BÁN HÀNG RONG CÂU CHUYỆN VỀ ÂM THANH VÀ ÁNH SÁNG GIỐNG NHƯ MỘT QUYỂN SÁCH TRUYỆN	THƯỜNG BẠN LUÔN NGHE TIẾNG CỦA CÁC DU KHÁCH VÀ NGƯỜI BÁN HÀNG RONG CÂU CHUYỆN VỀ ÂM THANH VÀ ÁNH SÁNG GIỐNG NHƯ MỘT QUYỂN SÁCH TRUYỆN
5584229045866157975-646	5584229045866157975.wav	SSL/download/paper_benchmark/fleurs/audio/5584229045866157975.wav	một số người nghĩ rằng ông ấy đã đúng nhưng nhiều người tin điều ngược lại; rằng hệ mặt trời xoay quanh trái đất bao gồm cả mặt trời và cả những ngôi sao khác	MỘT SỐ NGƯỜI NGHĨ RẰNG ÔNG ẤY ĐÃ ĐÚNG NHƯNG NHIỀU NGƯỜI TIN ĐIỀU NGƯỢC LẠI RẰNG HỆ MẶT TRỜI XOAY QUANH TRÁI ĐẤT BAO GỒM CẢ MẶT TRỜI VÀ CẢ NHỮNG NGÔI SAO KHÁC	MỘT SỐ NGƯỜI NGHĨ RẰNG ÔNG ẤY ĐÃ ĐÚNG NHƯNG NHIỀU NGƯỜI TIN ĐIỀU NGƯỢC LẠI; RẰNG HỆ MẶT TRỜI XOAY QUANH TRÁI ĐẤT BAO GỒM CẢ MẶT TRỜI VÀ CẢ NHỮNG NGÔI SAO KHÁC
5714031489489416595-654	5714031489489416595.wav	SSL/download/paper_benchmark/fleurs/audio/5714031489489416595.wav	cao nguyên giza hay khu lăng mộ giza trong thung lũng lăng mộ của ai cập có nhiều kim tự tháp trong đó đại kim tự tháp là kim tự tháp lớn nhất nhiều ngôi mộ nhỏ nhiều đền đài và tượng đại nhân sư	CAO NGUYÊN GYA HAY KHU LĂNG MỘ TRONG THUNG LŨNG LĂNG MỘ CỦA AI CẬP CÓ NHIỀU KIM TỰ THÁP TRONG ĐÓ ĐẠI KIM TỰ THÁP LÀ KIM TỰ THÁP LỚN NHẤT NHIỀU NGÔI NHỎ NHIỀU ĐỀN ĐÀI VÀ TƯỢNG ĐẠI NHÂN SƯ	CAO NGUYÊN GIZA HAY KHU LĂNG MỘ GIZA TRONG THUNG LŨNG LĂNG MỘ CỦA AI CẬP CÓ NHIỀU KIM TỰ THÁP TRONG ĐÓ ĐẠI KIM TỰ THÁP LÀ KIM TỰ THÁP LỚN NHẤT NHIỀU NGÔI MỘ NHỎ NHIỀU ĐỀN ĐÀI VÀ TƯỢNG ĐẠI NHÂN SƯ
5889299845847263987-662	5889299845847263987.wav	SSL/download/paper_benchmark/fleurs/audio/5889299845847263987.wav	ngày nay con người viết tin nhắn trên màn hình máy tính không bao giờ phải dúng đến gọt bút chì nữa	NGÀY NAY CON NGƯỜI BIẾT TIN NHẮN TRÊN MÀN HÌNH MÁY TÍNH KHÔNG BAO GIỜ PHẢI DÚNG ĐẾN GIỌT BÚT CHÌ NỮA	NGÀY NAY CON NGƯỜI VIẾT TIN NHẮN TRÊN MÀN HÌNH MÁY TÍNH KHÔNG BAO GIỜ PHẢI DÚNG ĐẾN GỌT BÚT CHÌ NỮA
5993472210594479877-670	5993472210594479877.wav	SSL/download/paper_benchmark/fleurs/audio/5993472210594479877.wav	đến cuối thời trung cổ tây âu bắt đầu phát triển phong cách của riêng mình kết quả của cuộc thập tự chinh mang đến một trong những phát triển quan trọng nhất vào thời điểm đó là người dân bắt đầu sử dụng nút áo	ĐẾN CUỐI THỜI TRUNG CỔ TÂY ÂU BẮT ĐẦU PHÁT TRIỂN PHONG CÁCH CỦA RIÊNG MÌNH KẾT QUẢ CỦA CUỘC THẬP TỰ TRINH MANG ĐẾN MỘT TRONG NHỮNG PHÁT TRIỂN QUAN TRỌNG NHẤT VÀO THỜI ĐIỂM ĐÓ LÀ NGƯỜI DÂN BẮT ĐẦU SỬ DỤNG NÚT	ĐẾN CUỐI THỜI TRUNG CỔ TÂY ÂU BẮT ĐẦU PHÁT TRIỂN PHONG CÁCH CỦA RIÊNG MÌNH KẾT QUẢ CỦA CUỘC THẬP TỰ CHINH MANG ĐẾN MỘT TRONG NHỮNG PHÁT TRIỂN QUAN TRỌNG NHẤT VÀO THỜI ĐIỂM ĐÓ LÀ NGƯỜI DÂN BẮT ĐẦU SỬ DỤNG NÚT ÁO
6123457703641310716-678	6123457703641310716.wav	SSL/download/paper_benchmark/fleurs/audio/6123457703641310716.wav	cà ri là món ăn làm từ thảo mộc và gia vị cùng với thịt hoặc rau củ	CÀ GHI LÀ MÓN ĂN LÀM TỪ THẢO MỘC VÀ GIA VỊ CÙNG VỚI THỊT HOẶC RAU CỦ	CÀ RI LÀ MÓN ĂN LÀM TỪ THẢO MỘC VÀ GIA VỊ CÙNG VỚI THỊT HOẶC RAU CỦ
6257983320697401912-686	6257983320697401912.wav	SSL/download/paper_benchmark/fleurs/audio/6257983320697401912.wav	triết gia aristotle đề ra giả thuyết rằng mọi vật đều được tạo ra từ sự kết hợp của một hoặc nhiều hơn bốn yếu tố đó là đất nước gió và lửa	TRIẾT GIA ARICTO ĐỀ RA GIẢ THUYẾT RẰNG MỌI VẬT ĐỀU ĐƯỢC TẠO RA TỪ SỰ KẾT HỢP CỦA MỘT HOẶC NHIỀU HƠN BỐN YẾU TỐ ĐÓ LÀ ĐẤT NƯỚC GIÓ VÀ LỬA	TRIẾT GIA ARISTOTLE ĐỀ RA GIẢ THUYẾT RẰNG MỌI VẬT ĐỀU ĐƯỢC TẠO RA TỪ SỰ KẾT HỢP CỦA MỘT HOẶC NHIỀU HƠN BỐN YẾU TỐ ĐÓ LÀ ĐẤT NƯỚC GIÓ VÀ LỬA
6370103256732012100-694	6370103256732012100.wav	SSL/download/paper_benchmark/fleurs/audio/6370103256732012100.wav	phụ nữ du khách nữ nên nói là họ đã kết hôn dù tình trạng hôn nhân thực tế là gì	PHỤ NỮ DU KHÁCH NỮ NÊN NÓI LÀ HỌ ĐÃ KẾT HÔN DÙ TÌNH TRẠNG HÔN NHÂN THỰC TẾ LÀ GÌ	PHỤ NỮ DU KHÁCH NỮ NÊN NÓI LÀ HỌ ĐÃ KẾT HÔN DÙ TÌNH TRẠNG HÔN NHÂN THỰC TẾ LÀ GÌ
6674927470850118500-702	6674927470850118500.wav	SSL/download/paper_benchmark/fleurs/audio/6674927470850118500.wav	sự kỷ luật trong phòng thủ khả năng xử lý bóng và tính đồng đội tuyệt vời khiến họ khác biệt và rõ ràng đây là đội hình chiến thắng	SỰ KỶ LUẬT TRONG PHÒNG THỦ KHẢ NĂNG XỬ LÝ BÓNG VÀ TÍNH ĐỒNG ĐỘI TUYỆT VỜI KHIẾN HỌ KHÁC BIỆT VÀ RÕ RÀNG ĐÂY LÀ ĐỘI HÌNH CHIẾN THẮNG	SỰ KỶ LUẬT TRONG PHÒNG THỦ KHẢ NĂNG XỬ LÝ BÓNG VÀ TÍNH ĐỒNG ĐỘI TUYỆT VỜI KHIẾN HỌ KHÁC BIỆT VÀ RÕ RÀNG ĐÂY LÀ ĐỘI HÌNH CHIẾN THẮNG
6832512988792584037-710	6832512988792584037.wav	SSL/download/paper_benchmark/fleurs/audio/6832512988792584037.wav	có người sẽ biến thành một người hoàn toàn khác và cảm thấy họ phải thay đổi mọi thứ mà cả nhóm đang làm và tự mình thực hiện	CON NGƯỜI SẼ BIẾN THÀNH MỘT NGƯỜI HOÀN TOÀN KHÁC VÀ CẢM THẤY HỌ PHẢI THAY ĐỔI MỌI THỨ MÀ CẢ NHÓM ĐANG LÀM VÀ TỰ MÌNH THỰC HIỆN	CÓ NGƯỜI SẼ BIẾN THÀNH MỘT NGƯỜI HOÀN TOÀN KHÁC VÀ CẢM THẤY HỌ PHẢI THAY ĐỔI MỌI THỨ MÀ CẢ NHÓM ĐANG LÀM VÀ TỰ MÌNH THỰC HIỆN
7100495442091091416-718	7100495442091091416.wav	SSL/download/paper_benchmark/fleurs/audio/7100495442091091416.wav	cơ quan năng lượng hạt nhân nhật bản thông báo đã phát hiện chất xê-zi và i-ốt phóng xạ tại nhà máy này	CƠ QUAN NĂNG LƯỢNG HẠT NHÂN NHẬT BẢN THÔNG BÁO ĐÃ PHÁT HIỆN CHẤT C VÀ GIÓ PHÓNG XẠ TẠI NHÀ MÁY NÀY	CƠ QUAN NĂNG LƯỢNG HẠT NHÂN NHẬT BẢN THÔNG BÁO ĐÃ PHÁT HIỆN CHẤT XÊ ZI VÀ I ỐT PHÓNG XẠ TẠI NHÀ MÁY NÀY
7319072354537271972-726	7319072354537271972.wav	SSL/download/paper_benchmark/fleurs/audio/7319072354537271972.wav	đại kim tự tháp ở giza là một trong bảy kì quan thế giới vẫn còn tồn tại cho đến ngày nay	ĐẠI KIM TỰ THÁP GYA LÀ MỘT TRONG BẢY KỲ QUAN THẾ GIỚI VẪN CÒN TỒN TẠI CHO ĐẾN NGÀY NAY	ĐẠI KIM TỰ THÁP Ở GIZA LÀ MỘT TRONG BẢY KÌ QUAN THẾ GIỚI VẪN CÒN TỒN TẠI CHO ĐẾN NGÀY NAY
7500010259362029907-734	7500010259362029907.wav	SSL/download/paper_benchmark/fleurs/audio/7500010259362029907.wav	hai hợp chất này phản ứng với nhau để tạo thành các tinh thể có thể làm cản trở chức năng thận các nhà nghiên cứu tại trường đại học cho biết	HAI HỢP CHẤT NÀY PHẢN ỨNG VỚI NHAU ĐỂ TẠO THÀNH CÁC TINH THỂ CÓ THỂ LÀM CẢN TRỞ CHỨC NĂNG THẬN CÁC NHÀ NGHIÊN CỨU TẠI TRƯỜNG ĐẠI HỌC CHO BIẾT	HAI HỢP CHẤT NÀY PHẢN ỨNG VỚI NHAU ĐỂ TẠO THÀNH CÁC TINH THỂ CÓ THỂ LÀM CẢN TRỞ CHỨC NĂNG THẬN CÁC NHÀ NGHIÊN CỨU TẠI TRƯỜNG ĐẠI HỌC CHO BIẾT
772186385399316214-742	772186385399316214.wav	SSL/download/paper_benchmark/fleurs/audio/772186385399316214.wav	nếu muốn ở gần khu vực diễn ra hoạt động bạn cần phải đến sớm để có được một địa điểm cắm trại gần với dàn âm thanh	NẾU MUỐN Ở GẦN KHU VỰC DIỄN RA HOẠT ĐỘNG BẠN CẦN PHẢI ĐẾN SỚM ĐỂ CÓ ĐƯỢC MỘT ĐỊA ĐIỂM CẮM TRẠI GẦN VỚI DÀN ÂM THANH	NẾU MUỐN Ở GẦN KHU VỰC DIỄN RA HOẠT ĐỘNG BẠN CẦN PHẢI ĐẾN SỚM ĐỂ CÓ ĐƯỢC MỘT ĐỊA ĐIỂM CẮM TRẠI GẦN VỚI DÀN ÂM THANH
7856972400469653541-750	7856972400469653541.wav	SSL/download/paper_benchmark/fleurs/audio/7856972400469653541.wav	trẻ em lang thang có thể đã bị ngược đãi tàn nhẫn hoặc bị sang chấn tâm lý trước khi bị bỏ rơi hoặc bỏ trốn	TRẺ EM LAN CÓ THỂ ĐÃ BỊ NGƯỢC ĐÃI TÀN NHẪN HOẶC BỊ SANG CHẤN TÂM LÝ TRƯỚC KHI BỊ BỎ RƠI HOẶC BỎ TRỐN	TRẺ EM LANG THANG CÓ THỂ ĐÃ BỊ NGƯỢC ĐÃI TÀN NHẪN HOẶC BỊ SANG CHẤN TÂM LÝ TRƯỚC KHI BỊ BỎ RƠI HOẶC BỎ TRỐN
792774605292323776-758	792774605292323776.wav	SSL/download/paper_benchmark/fleurs/audio/792774605292323776.wav	mọi danh từ kế bên từ sie dành cho bạn luôn bắt đầu bằng một chữ viết hoa ngay cả khi ở giữa câu	MỌI DANH TỪ KẾ BÊN TỪ SI DÀNH CHO BẠN LUÔN BẮT ĐẦU BẰNG MỘT CHỮ VIẾT HOA NGAY CẢ KHI Ở GIỮA CÂU	MỌI DANH TỪ KẾ BÊN TỪ SIE DÀNH CHO BẠN LUÔN BẮT ĐẦU BẰNG MỘT CHỮ VIẾT HOA NGAY CẢ KHI Ở GIỮA CÂU
817385464682514867-766	817385464682514867.wav	SSL/download/paper_benchmark/fleurs/audio/817385464682514867.wav	thành phố này đối lập hoàn toàn với những thành phố khác trong nước vì nơi đây mang đậm phong cách ả-rập hơn là châu phi	THÀNH PHỐ NÀY ĐỐI LẬP HOÀN TOÀN VỚI NHỮNG THÀNH PHỐ KHÁC TRONG NƯỚC VÌ NƠI ĐÂY MANG ĐẬM PHONG CÁCH Ả RẬP HƠN LÀ CHÂU PHI	THÀNH PHỐ NÀY ĐỐI LẬP HOÀN TOÀN VỚI NHỮNG THÀNH PHỐ KHÁC TRONG NƯỚC VÌ NƠI ĐÂY MANG ĐẬM PHONG CÁCH Ả RẬP HƠN LÀ CHÂU PHI
8294981910226026667-774	8294981910226026667.wav	SSL/download/paper_benchmark/fleurs/audio/8294981910226026667.wav	martelly đã tuyên thệ trong hội đồng bầu cử lâm thời provisional electoral council cep mới gồm chín thành viên vào ngày hôm qua	MA TA LI ĐÃ TUYÊNỆ TRONG HỘI ĐỒNG BẦU CỬ LÂM THỜI ROBOT CB MỚI GỒM CHÍN THÀNH VIÊN VÀO NGÀY HÔM QUA	MARTELLY ĐÃ TUYÊN THỆ TRONG HỘI ĐỒNG BẦU CỬ LÂM THỜI PROVISIONAL ELECTORAL COUNCIL CEP MỚI GỒM CHÍN THÀNH VIÊN VÀO NGÀY HÔM QUA
8434417761574869750-782	8434417761574869750.wav	SSL/download/paper_benchmark/fleurs/audio/8434417761574869750.wav	mọi thứ trong vũ trụ đều được tạo thành bởi vật chất tất cả vật chất được tạo nên bởi các hạt cực nhỏ gọi là nguyên tử	MỌI THỨ TRONG VŨ TRỤ ĐỀU ĐƯỢC TẠO THÀNH BỞI VẬT CHẤT TẤT CẢ VẬT CHẤT ĐƯỢC TẠO NÊN BỞI CÁC HẠT NHỎ GỌI LÀ NGUYÊN TỬ	MỌI THỨ TRONG VŨ TRỤ ĐỀU ĐƯỢC TẠO THÀNH BỞI VẬT CHẤT TẤT CẢ VẬT CHẤT ĐƯỢC TẠO NÊN BỞI CÁC HẠT CỰC NHỎ GỌI LÀ NGUYÊN TỬ
8547868824296581499-790	8547868824296581499.wav	SSL/download/paper_benchmark/fleurs/audio/8547868824296581499.wav	cùng tháng đó cũng chứng kiến một máy bay khác chạy quá đường băng tại mashhad và đâm vào một bức tường làm thiệt mạng mười bảy người	CÙNG THÁNG ĐÓ CŨNG CHỨNG KIẾN MỘT MÁY BAY KHÁC CHẠY QUÁ ĐƯỜNG BĂNG TẠI MAKHAD VÀ ĐÂM VÀO MỘT BỨC TƯỜNG LÀM THIỆT MẠNG MƯỜI BẢY NGƯỜI	CÙNG THÁNG ĐÓ CŨNG CHỨNG KIẾN MỘT MÁY BAY KHÁC CHẠY QUÁ ĐƯỜNG BĂNG TẠI MASHHAD VÀ ĐÂM VÀO MỘT BỨC TƯỜNG LÀM THIỆT MẠNG MƯỜI BẢY NGƯỜI
8713058807842409455-798	8713058807842409455.wav	SSL/download/paper_benchmark/fleurs/audio/8713058807842409455.wav	giống như một vận động viên toàn năng cọp có thể leo trèo dù không giỏi lắm bơi nhảy xa và kéo với lực gấp năm lần sức kéo của một người khỏe mạnh	GIỐNG NHƯ MỘT VẬN ĐỘNG VIÊN TOÀN NĂNG CỌP CÓ THỂ LEO DÙ KHÔNG GIỎI LẮM BƠI XA VÀ KÉO VỚI LỰC GẤP NĂM LẦN SỨC KÉO CỦA MỘT NGƯỜI KHỎE MẠNH	GIỐNG NHƯ MỘT VẬN ĐỘNG VIÊN TOÀN NĂNG CỌP CÓ THỂ LEO TRÈO DÙ KHÔNG GIỎI LẮM BƠI NHẢY XA VÀ KÉO VỚI LỰC GẤP NĂM LẦN SỨC KÉO CỦA MỘT NGƯỜI KHỎE MẠNH
8851706700498989329-806	8851706700498989329.wav	SSL/download/paper_benchmark/fleurs/audio/8851706700498989329.wav	chia sẻ chuyến đi dã ngoại qua hình thức trực tuyến cũng là một cách tuyệt vời để chiêm nghiệm lại chuyến đi và chia sẻ kinh nghiệm với những khóa học sinh sau	CHIA SẺ CHUYẾN ĐI DÃ NGOẠI QUA HÌNH THỨC TRỰC TUYẾN CŨNG LÀ MỘT CÁCH TUYỆT VỜI ĐỂ CHIÊM NGHIỆM LẠI CHUYẾN ĐI VÀ CHIA SẺ KINH NGHIỆM VỚI NHỮNG KHÓA HỌC SINH SAU	CHIA SẺ CHUYẾN ĐI DÃ NGOẠI QUA HÌNH THỨC TRỰC TUYẾN CŨNG LÀ MỘT CÁCH TUYỆT VỜI ĐỂ CHIÊM NGHIỆM LẠI CHUYẾN ĐI VÀ CHIA SẺ KINH NGHIỆM VỚI NHỮNG KHÓA HỌC SINH SAU
9055186564111638333-814	9055186564111638333.wav	SSL/download/paper_benchmark/fleurs/audio/9055186564111638333.wav	nếu vượt biển bắc baltic vào mùa đông hãy kiểm tra lại buồng ngủ vì khi tàu phá băng sẽ tạo ra những tiếng ồn kinh khủng mà không phải ai cũng chịu đựng được	NẾU VƯỢT BIỂN BẮC VÀO MÙA ĐÔNG HÃY KIỂM TRA LẠI BUỒN NGỦ VÌ KHI TÀU PHÁ BĂNG SẼ TẠO RA NHỮNG TIẾNG ỒN KINH KHỦNG MÀ KHÔNG PHẢI AI CŨNG CHỊU ĐỰNG ĐƯỢC	NẾU VƯỢT BIỂN BẮC BALTIC VÀO MÙA ĐÔNG HÃY KIỂM TRA LẠI BUỒNG NGỦ VÌ KHI TÀU PHÁ BĂNG SẼ TẠO RA NHỮNG TIẾNG ỒN KINH KHỦNG MÀ KHÔNG PHẢI AI CŨNG CHỊU ĐỰNG ĐƯỢC
9108963788530129912-822	9108963788530129912.wav	SSL/download/paper_benchmark/fleurs/audio/9108963788530129912.wav	do đó hai loài cá đã tuyệt chủng và hai loài khác đang có nguy cơ tuyệt chủng bao gồm cả loài cá bống lưng gù	DO ĐÓ HAI LOÀI CÁ ĐANG TUYỆT CHỦNG VÀ HAI LOÀI KHÁC ĐANG CÓ NGUY CƠ TUYỆT CHỦNG BAO GỒM CẢ LOÀI CÁ BÓNG LÊN GÙ	DO ĐÓ HAI LOÀI CÁ ĐÃ TUYỆT CHỦNG VÀ HAI LOÀI KHÁC ĐANG CÓ NGUY CƠ TUYỆT CHỦNG BAO GỒM CẢ LOÀI CÁ BỐNG LƯNG GÙ
9298479927389175793-830	9298479927389175793.wav	SSL/download/paper_benchmark/fleurs/audio/9298479927389175793.wav	cuomo 53 tuổi bắt đầu đảm nhiệm chức vụ thống đốc từ đầu năm nay tháng trước ông đã ký dự luật hợp pháp hóa hôn nhân đồng giới	CU NĂM BA TUỔI BẮT ĐẦU ĐẢM NHIỆM CHỨC VỤ THỐNG ĐỐC TỪ ĐẦU NĂM NAY THÁNG TRƯỚC ÔNG ĐÃ KÝ DỰ LUẬT HỢP PHÁP HÓA HÔN NHÂN ĐỒNG GIỚI	CUOMO 53 TUỔI BẮT ĐẦU ĐẢM NHIỆM CHỨC VỤ THỐNG ĐỐC TỪ ĐẦU NĂM NAY THÁNG TRƯỚC ÔNG ĐÃ KÝ DỰ LUẬT HỢP PHÁP HÓA HÔN NHÂN ĐỒNG GIỚI
951032730914962684-838	951032730914962684.wav	SSL/download/paper_benchmark/fleurs/audio/951032730914962684.wav	bề mặt của mặt trăng được tạo nên bởi đá và bụi lớp bên ngoài của mặt trăng được gọi là lớp vỏ	BỀ MẶT CỦA MẶT TRĂNG ĐƯỢC TẠO NÊN BỞI ĐÁ VÀ BỤI LỚP BÊN NGOÀI CỦA MẶT TRĂNG ĐƯỢC GỌI LÀ LỚP VỎ	BỀ MẶT CỦA MẶT TRĂNG ĐƯỢC TẠO NÊN BỞI ĐÁ VÀ BỤI LỚP BÊN NGOÀI CỦA MẶT TRĂNG ĐƯỢC GỌI LÀ LỚP VỎ
9748260291459541124-846	9748260291459541124.wav	SSL/download/paper_benchmark/fleurs/audio/9748260291459541124.wav	một số màn hình truyền hình lớn được lắp đặt tại nhiều nơi ở rome để mọi người có thể xem buổi lễ	MỘT SỐ MÀN HÌNH LỚN ĐƯỢC LẮP ĐẶT TẠI NHIỀU NƠI Ở GOMA ĐỂ MỌI NGƯỜI CÓ THỂ XEM BUỔI LỄ	MỘT SỐ MÀN HÌNH TRUYỀN HÌNH LỚN ĐƯỢC LẮP ĐẶT TẠI NHIỀU NƠI Ở ROME ĐỂ MỌI NGƯỜI CÓ THỂ XEM BUỔI LỄ
9948124516635966938-854	9948124516635966938.wav	SSL/download/paper_benchmark/fleurs/audio/9948124516635966938.wav	nextgen là hệ thống mà faa tuyên bố sẽ cho phép máy bay bay quãng đường ngắn hơn và tiết triệu hàng triệu gallon nhiên liệu mỗi năm và cắt giảm lượng khí thải cacbon	NÉT GEN LÀ HỆ THỐNG MÀ FA TUYÊN BỐ SẼ CHO PHÉP MÁY BAY QUÃNG ĐƯỜNG NGẮN HƠN VÀ TIẾT KIỆM HÀNG TRIỆU GONLON NHIÊN LIỆU MỖI NĂM VÀ CẮT GIẢM LƯỢNG KHÍ THẢI CÁC BON	NEXTGEN LÀ HỆ THỐNG MÀ FAA TUYÊN BỐ SẼ CHO PHÉP MÁY BAY BAY QUÃNG ĐƯỜNG NGẮN HƠN VÀ TIẾT TRIỆU HÀNG TRIỆU GALLON NHIÊN LIỆU MỖI NĂM VÀ CẮT GIẢM LƯỢNG KHÍ THẢI CACBON
10185666587391780903-7	10185666587391780903.wav	SSL/download/paper_benchmark/fleurs/audio/10185666587391780903.wav	các nguyên tố như canxi và kali được coi là kim loại dĩ nhiên cũng có các kim loại như vàng và bạc	CÁC NGUYÊN TỐ NHƯ CANXI VÀ KALI ĐƯỢC COI LÀ KIM LOẠI DĨ NHIÊN CŨNG CÓ CÁC KIM LOẠI NHƯ VÀNG VÀ BẠC	CÁC NGUYÊN TỐ NHƯ CANXI VÀ KALI ĐƯỢC COI LÀ KIM LOẠI DĨ NHIÊN CŨNG CÓ CÁC KIM LOẠI NHƯ VÀNG VÀ BẠC
10342739006640083455-15	10342739006640083455.wav	SSL/download/paper_benchmark/fleurs/audio/10342739006640083455.wav	tuy nhiên sau khi thua gôn của đội trưởng ấn độ chỉ thực hiện được 36 lần chạy và thua 7 gôn trước khi kết thúc hiệp thi đấu	TUY NHIÊN SAU KHI THUA GÔN CỦA ĐỘI TRƯỞNG ẤN ĐỘ CHỈ THỰC HIỆN ĐƯỢC BA MƯƠI SÁU LẦN CHẠY VÀ THUA BẢY GOL TRƯỚC KHI KẾT THÚC HIỆP THI ĐẤU	TUY NHIÊN SAU KHI THUA GÔN CỦA ĐỘI TRƯỞNG ẤN ĐỘ CHỈ THỰC HIỆN ĐƯỢC 36 LẦN CHẠY VÀ THUA 7 GÔN TRƯỚC KHI KẾT THÚC HIỆP THI ĐẤU
10473837320520117918-23	10473837320520117918.wav	SSL/download/paper_benchmark/fleurs/audio/10473837320520117918.wav	cơn bão được đặt tên thứ mười của mùa bão atlantic bão cận nhiệt đới jerry đã hình thành tại biển atlantic hôm nay	CƠN BÃO ĐƯỢC ĐẶT TÊN MỜI CỦA MÙA BÃO ALINTIC BÃO NHIỆT ĐỚI CHE ĐÃ HÌNH THÀNH TẠI BIỂN ALINTIC HÔM NAY	CƠN BÃO ĐƯỢC ĐẶT TÊN THỨ MƯỜI CỦA MÙA BÃO ATLANTIC BÃO CẬN NHIỆT ĐỚI JERRY ĐÃ HÌNH THÀNH TẠI BIỂN ATLANTIC HÔM NAY
10684685439757401963-31	10684685439757401963.wav	SSL/download/paper_benchmark/fleurs/audio/10684685439757401963.wav	thời gian di chuyển của tàu saint petersburg bao gồm cả thời gian trong thành phố. hành khách trên tàu được miễn thị thực kiểm tra các điều khoản	THỜI GIAN DI CHUYỂN CỦA TÀU BI BAO GỒM CẢ THỜI GIAN TRONG THÀNH PHỐ HÀNH KHÁCH TRÊN TÀU ĐƯỢC MIỄN THỊ THỰC KIỂM TRA CÁC ĐIỀU KHOẢN	THỜI GIAN DI CHUYỂN CỦA TÀU SAINT PETERSBURG BAO GỒM CẢ THỜI GIAN TRONG THÀNH PHỐ HÀNH KHÁCH TRÊN TÀU ĐƯỢC MIỄN THỊ THỰC KIỂM TRA CÁC ĐIỀU KHOẢN
10826204555500854553-39	10826204555500854553.wav	SSL/download/paper_benchmark/fleurs/audio/10826204555500854553.wav	cái này gọi là độ ph của hóa chất bạn có thể tạo ra chất chỉ thị bằng nước ép bắp cải đỏ	CÁI NÀY GỌI LÀ ĐỘ BH CỦA HÓA CHẤT BẠN CÓ THỂ TẠO RA CHẤT CHỈ THỊ BẰNG NƯỚC ÉP BẮP CẢI ĐỎ	CÁI NÀY GỌI LÀ ĐỘ PH CỦA HÓA CHẤT BẠN CÓ THỂ TẠO RA CHẤT CHỈ THỊ BẰNG NƯỚC ÉP BẮP CẢI ĐỎ
1104537856130539646-47	1104537856130539646.wav	SSL/download/paper_benchmark/fleurs/audio/1104537856130539646.wav	tuy nhiên về khía cạnh này thì khu vực schengen vận hành gần như một quốc gia duy nhất	TUY NHIÊN VỀ KHÍA CẠNH NÀY THÌ KHU VỰC TREN GAN VẬN HÀNH GẦN NHƯ MỘT QUỐC GIA DUY NHẤT	TUY NHIÊN VỀ KHÍA CẠNH NÀY THÌ KHU VỰC SCHENGEN VẬN HÀNH GẦN NHƯ MỘT QUỐC GIA DUY NHẤT
11158540918299428613-55	11158540918299428613.wav	SSL/download/paper_benchmark/fleurs/audio/11158540918299428613.wav	do đó hai loài cá đã tuyệt chủng và hai loài khác đang có nguy cơ tuyệt chủng bao gồm cả loài cá bống lưng gù	DO ĐÓ HAI LOÀI CÁ ĐÃ TUYỆT CHỦNG VÀ HAI LOÀI KHÁC ĐANG CÓ NGUY CƠ TUYỆT CHỦNG BAO GỒM CẢ LOÀI CÁ BÓNG RỤNG	DO ĐÓ HAI LOÀI CÁ ĐÃ TUYỆT CHỦNG VÀ HAI LOÀI KHÁC ĐANG CÓ NGUY CƠ TUYỆT CHỦNG BAO GỒM CẢ LOÀI CÁ BỐNG LƯNG GÙ
11294540912606279849-63	11294540912606279849.wav	SSL/download/paper_benchmark/fleurs/audio/11294540912606279849.wav	đảng cầm quyền tổ chức nhân dân tây nam phi swapo cũng giữ được thế đa số trong các cuộc bầu cử nghị viện	ĐẢNG CẦM QUYỀN TỔ CHỨC NHÂN DÂN TÂY NAM PHI A BEO CŨNG GIỮ ĐƯỢC THẾ ĐA SỐ TRONG CÁC CUỘC BẦU CỬ VIỆN	ĐẢNG CẦM QUYỀN TỔ CHỨC NHÂN DÂN TÂY NAM PHI SWAPO CŨNG GIỮ ĐƯỢC THẾ ĐA SỐ TRONG CÁC CUỘC BẦU CỬ NGHỊ VIỆN
11453833847884158456-71	11453833847884158456.wav	SSL/download/paper_benchmark/fleurs/audio/11453833847884158456.wav	chấp nhận là quan điểm của aristotle về tất cả mọi vấn đề liên quan đến khoa học kể cả tâm lý học	CHẤP NHẬN LÀ QUAN ĐIỂM CỦA ARISON VỀ TẤT CẢ MỌI VẤN ĐỀ LIÊN QUAN ĐẾN KHOA HỌC KỂ CẢ TÂM LÝ HỌC	CHẤP NHẬN LÀ QUAN ĐIỂM CỦA ARISTOTLE VỀ TẤT CẢ MỌI VẤN ĐỀ LIÊN QUAN ĐẾN KHOA HỌC KỂ CẢ TÂM LÝ HỌC
11601077082806576373-79	11601077082806576373.wav	SSL/download/paper_benchmark/fleurs/audio/11601077082806576373.wav	ông ấy đã không đưa ra con số cắt giảm mà nói rằng việc đó sẽ được thực hiện dựa vào kết quả của nền kinh tế trung quốc	ÔNG ẤY ĐÃ KHÔNG ĐƯA RA CON SỐ CẮT GIẢM MÀ NÓI RẰNG VIỆC ĐÓ SẼ ĐƯỢC THỰC HIỆN DỰA VÀO KẾT QUẢ CỦA NỀN KINH TẾ TRUNG QUỐC	ÔNG ẤY ĐÃ KHÔNG ĐƯA RA CON SỐ CẮT GIẢM MÀ NÓI RẰNG VIỆC ĐÓ SẼ ĐƯỢC THỰC HIỆN DỰA VÀO KẾT QUẢ CỦA NỀN KINH TẾ TRUNG QUỐC
1173834242528950394-87	1173834242528950394.wav	SSL/download/paper_benchmark/fleurs/audio/1173834242528950394.wav	xe buýt xuất phát từ trạm xe buýt liên huyện dọc con sông chạy cả ngày dù chủ yếu đặc biệt là các xe đến phía đông và jakar/bumthang sẽ xuất phát từ lúc 06:30 đến 07:30	XE BUÝT XUẤT PHÁT TỪ TRẠM XE BUÝT LIÊN HUYỆN DỌC CON SÔNG CHẠY CẢ NGÀY DÙ CHỦ YẾU ĐẶC BIỆT LÀ CÁC XE ĐẾN PHÍA ĐÔNG VÀ CÁT THAN SẼ ĐƯỢC PHÁT TỪ LÚC SÁU GIỜ BA MƯƠI ĐẾN BẢY GIỜ BA MƯƠI	XE BUÝT XUẤT PHÁT TỪ TRẠM XE BUÝT LIÊN HUYỆN DỌC CON SÔNG CHẠY CẢ NGÀY DÙ CHỦ YẾU ĐẶC BIỆT LÀ CÁC XE ĐẾN PHÍA ĐÔNG VÀ JAKAR/BUMTHANG SẼ XUẤT PHÁT TỪ LÚC 06:30 ĐẾN 07:30
11884353831059896293-95	11884353831059896293.wav	SSL/download/paper_benchmark/fleurs/audio/11884353831059896293.wav	không có cảnh báo sóng thần nào được đưa ra và theo cơ quan địa vật lý jakarta sẽ không có cảnh báo sóng thần vì cơn địa chấn chưa đạt tới tiêu chuẩn 6.5 độ richter	KHÔNG CÓ CẢNH BÁO SÓNG THẦN NÀO ĐƯỢC ĐƯA RA VÀ THEO CƠ QUAN ĐỊA LÝ SAKTA SẼ KHÔNG CÓ CẢNH BÁO SÓNG THẦN VÌ CƠN ĐỊA CHẤN CHƯA ĐẠT TỚI TIÊU CHUẨN SÁU CHẤM NĂM ĐỘ RICHTER	KHÔNG CÓ CẢNH BÁO SÓNG THẦN NÀO ĐƯỢC ĐƯA RA VÀ THEO CƠ QUAN ĐỊA VẬT LÝ JAKARTA SẼ KHÔNG CÓ CẢNH BÁO SÓNG THẦN VÌ CƠN ĐỊA CHẤN CHƯA ĐẠT TỚI TIÊU CHUẨN 6 5 ĐỘ RICHTER
12082001259535908107-103	12082001259535908107.wav	SSL/download/paper_benchmark/fleurs/audio/12082001259535908107.wav	tuy nhiên không phải chỉ có thử nghiệm và thực nghiệm là một thí nghiệm được sử dụng để loại bỏ một hoặc nhiều giả thuyết có thể có đặt ra các câu hỏi và thực hiện các quan sát cũng chỉ dẫn cho công tác nghiên cứu khoa học	TUY NHIÊN KHÔNG PHẢI CHỈ CÓ THỬ NGHIỆM VÀ THỰC NGHIỆM LÀ MỘT THÍ NGHIỆM ĐƯỢC SỬ DỤNG ĐỂ LOẠI BỎ MỘT HOẶC NHIỀU GIẢ THUYẾT CÓ THỂ CÓ ĐẶT RA CÁC CÂU HỎI VÀ THỰC HIỆN CÁC QUAN SÁT CŨNG CHỈ DẪN CHO CÔNG TÁC NGHIÊN CỨU KHOA HỌC	TUY NHIÊN KHÔNG PHẢI CHỈ CÓ THỬ NGHIỆM VÀ THỰC NGHIỆM LÀ MỘT THÍ NGHIỆM ĐƯỢC SỬ DỤNG ĐỂ LOẠI BỎ MỘT HOẶC NHIỀU GIẢ THUYẾT CÓ THỂ CÓ ĐẶT RA CÁC CÂU HỎI VÀ THỰC HIỆN CÁC QUAN SÁT CŨNG CHỈ DẪN CHO CÔNG TÁC NGHIÊN CỨU KHOA HỌC
12248278775709569896-111	12248278775709569896.wav	SSL/download/paper_benchmark/fleurs/audio/12248278775709569896.wav	không có cảnh báo sóng thần nào được đưa ra và theo cơ quan địa vật lý jakarta sẽ không có cảnh báo sóng thần vì cơn địa chấn chưa đạt tới tiêu chuẩn 6.5 độ richter	KHÔNG CÓ CẢNH BÁO SÓNG THẦN NÀO ĐƯỢC ĐƯA RA VÀ THEO CƠ QUAN ĐỊA LÝ SẼ KHÔNG CÓ CẢNH BÁO SÓNG THẦN VÌ CƠN TRẮNG CHƯA ĐẠT TỚI TIÊU CHUẨN XÁC NĂNG LƯỢNG RITTE	KHÔNG CÓ CẢNH BÁO SÓNG THẦN NÀO ĐƯỢC ĐƯA RA VÀ THEO CƠ QUAN ĐỊA VẬT LÝ JAKARTA SẼ KHÔNG CÓ CẢNH BÁO SÓNG THẦN VÌ CƠN ĐỊA CHẤN CHƯA ĐẠT TỚI TIÊU CHUẨN 6 5 ĐỘ RICHTER
12395245262321340558-119	12395245262321340558.wav	SSL/download/paper_benchmark/fleurs/audio/12395245262321340558.wav	vào mùa hè mọi người thường hay thưởng thức một món đơn giản và phổ biến có tên là pa amb pli gồm bánh mì dùng kèm dầu ô-liu cà chua và bất cứ gia vị nào sẵn có như phô mai cá ngừ vv vào bữa tối	VÀO MÙA HÈ MỌI NGƯỜI THƯỜNG HAY THƯỞNG THỨC MỘT MÓN ĐƠN GIẢN VÀ PHỔ BIẾN CÓ TÊN LÀ BA LY GỒM BÁNH MÌ DÙNG KÈM DẦU Ô LIU CÀ CHUA VÀ BẤT CỨ GIA VỊ NÀO SẴN CÓ NHƯ PHÔ MAI CÁ NGỪ VÂN VÀO BUỔI TỐI	VÀO MÙA HÈ MỌI NGƯỜI THƯỜNG HAY THƯỞNG THỨC MỘT MÓN ĐƠN GIẢN VÀ PHỔ BIẾN CÓ TÊN LÀ PA AMB PLI GỒM BÁNH MÌ DÙNG KÈM DẦU Ô LIU CÀ CHUA VÀ BẤT CỨ GIA VỊ NÀO SẴN CÓ NHƯ PHÔ MAI CÁ NGỪ VV VÀO BỮA TỐI
12507985491009086913-127	12507985491009086913.wav	SSL/download/paper_benchmark/fleurs/audio/12507985491009086913.wav	các đề cử khác bao gồm phim đạo diễn quay phim thiết kế trang phục biên tập phim nhạc phim gốc thiết kế sản xuất biên tập âm thanh hòa âm và kịch bản gốc hay nhất	CÁC ĐỀ CỬ KHÁC BAO GỒM PHIM ĐẠO DIỄN QUAY PHIM THIẾT KẾ TRANG PHỤC BIÊN TẬP PHIM NHẠC PHIM GỐC THIẾT KẾ SẢN XUẤT BIÊN TẬP ÂM THANH HÒA ÂM VÀ KỊCH BẢN GỐC HAY NHẤT	CÁC ĐỀ CỬ KHÁC BAO GỒM PHIM ĐẠO DIỄN QUAY PHIM THIẾT KẾ TRANG PHỤC BIÊN TẬP PHIM NHẠC PHIM GỐC THIẾT KẾ SẢN XUẤT BIÊN TẬP ÂM THANH HÒA ÂM VÀ KỊCH BẢN GỐC HAY NHẤT
12604341100268521310-135	12604341100268521310.wav	SSL/download/paper_benchmark/fleurs/audio/12604341100268521310.wav	thung lũng cochamó địa điểm leo núi hàng đầu của chile được gọi là yosemite nam mỹ với nhiều vách núi dựng đứng và sườn dốc lởm chởm của đá granit	THUNG LŨNG COUCHAM ĐỊA ĐIỂM LEO NÚI HÀNG ĐẦU CỦA CHI LÊ ĐƯỢC GỌI LÀ JUSHI NAM MỸ VỚI NHIỀU VÁCH ĐỨNG VÀ SƯỜN DỐC LỞM CHẢM CỦA ĐÁI	THUNG LŨNG COCHAMÓ ĐỊA ĐIỂM LEO NÚI HÀNG ĐẦU CỦA CHILE ĐƯỢC GỌI LÀ YOSEMITE NAM MỸ VỚI NHIỀU VÁCH NÚI DỰNG ĐỨNG VÀ SƯỜN DỐC LỞM CHỞM CỦA ĐÁ GRANIT
12858254046189091722-143	12858254046189091722.wav	SSL/download/paper_benchmark/fleurs/audio/12858254046189091722.wav	căn bệnh được truyền trên lợn sau đó di trú sang người thông qua muỗi	CĂN BỆNH ĐƯỢC TRUYỀN TRÊN LỢN SAU ĐÓ DI TRÚ SANG NGƯỜI THÔNG QUA MUỖI	CĂN BỆNH ĐƯỢC TRUYỀN TRÊN LỢN SAU ĐÓ DI TRÚ SANG NGƯỜI THÔNG QUA MUỖI
13024359626818040993-151	13024359626818040993.wav	SSL/download/paper_benchmark/fleurs/audio/13024359626818040993.wav	tuy nhiên điều đó không đúng mặc dù có thứ gì đó được viết ở mặt sau của tài liệu nhưng đó không phải là bản đồ kho báu	TUY NHIÊN ĐIỀU ĐÓ KHÔNG ĐÚNG MẶC DÙ CÓ THỨ GÌ ĐÓ ĐƯỢC VIẾT Ở MẶT SAU CỦA TÀI LIỆU NHƯNG NÓ KHÔNG PHẢI LÀ MEN KHOĂN	TUY NHIÊN ĐIỀU ĐÓ KHÔNG ĐÚNG MẶC DÙ CÓ THỨ GÌ ĐÓ ĐƯỢC VIẾT Ở MẶT SAU CỦA TÀI LIỆU NHƯNG ĐÓ KHÔNG PHẢI LÀ BẢN ĐỒ KHO BÁU
13155135477116054788-159	13155135477116054788.wav	SSL/download/paper_benchmark/fleurs/audio/13155135477116054788.wav	cao nguyên giza hay khu lăng mộ giza trong thung lũng lăng mộ của ai cập có nhiều kim tự tháp trong đó đại kim tự tháp là kim tự tháp lớn nhất nhiều ngôi mộ nhỏ nhiều đền đài và tượng đại nhân sư	CAO NGUYÊN GYA HAY KHU LĂNG MỘ TRONG THUNG LŨNG LĂNG MỘ CỦA AI CẬP CÓ RẤT NHIỀU KIM TỰ THÁP TRONG ĐÓ ĐẠI KIM TỰ THÁP LÀ KIM TỰ THÁP LỚN NHẤT NHIỀU NGÔI NHỎ NHIỀU ĐỀN ĐÀI VÀ TƯỢNG ĐẠI NHÂN SƯ	CAO NGUYÊN GIZA HAY KHU LĂNG MỘ GIZA TRONG THUNG LŨNG LĂNG MỘ CỦA AI CẬP CÓ NHIỀU KIM TỰ THÁP TRONG ĐÓ ĐẠI KIM TỰ THÁP LÀ KIM TỰ THÁP LỚN NHẤT NHIỀU NGÔI MỘ NHỎ NHIỀU ĐỀN ĐÀI VÀ TƯỢNG ĐẠI NHÂN SƯ
13341011197251957111-167	13341011197251957111.wav	SSL/download/paper_benchmark/fleurs/audio/13341011197251957111.wav	các nhà khoa học đã có thể kết luận rằng vật chất tối ảnh hưởng tới vật chất tối khác giống như tính chất của vật chất thông thường	CÁC NHÀ KHOA HỌC ĐÃ CÓ THỂ KẾT LUẬN RẰNG VẬT CHẤT TỐI ẢNH HƯỞNG ĐẾN VẬT CHẤT TỐI KHÁC GIỐNG NHƯ TÍNH CHẤT CỦA VẬT CHẤT THÔNG THƯỜNG	CÁC NHÀ KHOA HỌC ĐÃ CÓ THỂ KẾT LUẬN RẰNG VẬT CHẤT TỐI ẢNH HƯỞNG TỚI VẬT CHẤT TỐI KHÁC GIỐNG NHƯ TÍNH CHẤT CỦA VẬT CHẤT THÔNG THƯỜNG
13518464900579241028-175	13518464900579241028.wav	SSL/download/paper_benchmark/fleurs/audio/13518464900579241028.wav	về cơ bản hợp kim là hỗn hợp của hai kim loại trở lên đừng quên rằng có nhiều nguyên tố trên bảng tuần hoàn	VỀ CƠ BẢN HỢP KIM LÀ HỖN HỢP CỦA HAI KIM LOẠI TRỞ LÊN ĐỪNG QUÊN RẰNG CÓ NHIỀU NGUYÊN TỐ TRÊN BẢNG TUẦN HOÀN	VỀ CƠ BẢN HỢP KIM LÀ HỖN HỢP CỦA HAI KIM LOẠI TRỞ LÊN ĐỪNG QUÊN RẰNG CÓ NHIỀU NGUYÊN TỐ TRÊN BẢNG TUẦN HOÀN
13673190477474533047-183	13673190477474533047.wav	SSL/download/paper_benchmark/fleurs/audio/13673190477474533047.wav	sự căng thẳng càng giảm bớt thì sinh lực tích cực càng hiện hữu tất cả mọi người đều có tiềm năng tìm được sự yên bình và mãn nguyện tuyệt đối	SỰ CĂNG THẲNG CÀNG GIẢM BỚT THÌ SINH LỰC TÍCH CỰC CÀNG HIỆN HỮU TẤT CẢ MỌI NGƯỜI ĐỀU CÓ TIỀM NĂNG TÌM ĐƯỢC SỰ YÊN BÌNH VÀ NGUYỆN TUYỆT ĐỐI	SỰ CĂNG THẲNG CÀNG GIẢM BỚT THÌ SINH LỰC TÍCH CỰC CÀNG HIỆN HỮU TẤT CẢ MỌI NGƯỜI ĐỀU CÓ TIỀM NĂNG TÌM ĐƯỢC SỰ YÊN BÌNH VÀ MÃN NGUYỆN TUYỆT ĐỐI
13882630326259838823-191	13882630326259838823.wav	SSL/download/paper_benchmark/fleurs/audio/13882630326259838823.wav	các nhà khoa học hy vọng sẽ hiểu được cách thức hình thành của các hành tinh đặc biệt là trái đất được hình thành như thế nào bởi các sao chổi đã va chạm vào trái đất từ xa xưa	CÁC NHÀ KHOA HỌC HI VỌNG SẼ HIỂU ĐƯỢC CÁCH TÍCH HÌNH THÀNH CỦA CÁC HÀNH TINH ĐẶC BIỆT LÀ TRÁI ĐẤT ĐƯỢC HÌNH THÀNH NHƯ THẾ NÀO BỞI CÁC SAO CHỔI ĐÃ VA CHẠM VÀO TRÁI ĐẤT TỪ XA XƯA	CÁC NHÀ KHOA HỌC HY VỌNG SẼ HIỂU ĐƯỢC CÁCH THỨC HÌNH THÀNH CỦA CÁC HÀNH TINH ĐẶC BIỆT LÀ TRÁI ĐẤT ĐƯỢC HÌNH THÀNH NHƯ THẾ NÀO BỞI CÁC SAO CHỔI ĐÃ VA CHẠM VÀO TRÁI ĐẤT TỪ XA XƯA
14038566863874624535-199	14038566863874624535.wav	SSL/download/paper_benchmark/fleurs/audio/14038566863874624535.wav	nói chung có hai lối ứng xử có thể xuất hiện khi nhà quản lý bắt đầu lãnh đạo các đồng nghiệp cũ lối thứ nhất là cố gắng duy trì quan hệ thân thiết	NÓI CHUNG CÓ HAI LỐI ỨNG XỬ CÓ THỂ XUẤT HIỆN KHI NHÀ QUẢN LÝ BẮT ĐẦU LÃNH ĐẠO CÁC ĐỒNG NGHIỆP CŨ THỨ NHẤT LÀ CỐ GẮNG DUY TRÌ QUAN HỆ	NÓI CHUNG CÓ HAI LỐI ỨNG XỬ CÓ THỂ XUẤT HIỆN KHI NHÀ QUẢN LÝ BẮT ĐẦU LÃNH ĐẠO CÁC ĐỒNG NGHIỆP CŨ LỐI THỨ NHẤT LÀ CỐ GẮNG DUY TRÌ QUAN HỆ THÂN THIẾT
14174506080020378139-207	14174506080020378139.wav	SSL/download/paper_benchmark/fleurs/audio/14174506080020378139.wav	hãy nghĩ hành trình trượt tuyết tương tự như một hành trình đi bộ đường dài	HÃY NGHĨ HÀNH TRÌNH TRƯỢT TUYẾT TƯƠNG TỰ NHƯ MỘT HÀNH TRÌNH ĐI BỘ ĐƯỜNG DÀI	HÃY NGHĨ HÀNH TRÌNH TRƯỢT TUYẾT TƯƠNG TỰ NHƯ MỘT HÀNH TRÌNH ĐI BỘ ĐƯỜNG DÀI
14358342116335223723-215	14358342116335223723.wav	SSL/download/paper_benchmark/fleurs/audio/14358342116335223723.wav	trẻ em được đưa vào diện chăm sóc thay thế vì nhiều lý do từ không quan tâm đến lạm dụng hay thậm chí cưỡng đoạt	TRẺ EM ĐƯỢC ĐƯA VÀO DIỆN CHĂM SÓC THAY THẾ VÌ NHIỀU LÝ DO TỪ KHÔNG QUAN TÂM ĐẾN LẠM DỤNG HAY THẬM CHÍ ĐOẠT	TRẺ EM ĐƯỢC ĐƯA VÀO DIỆN CHĂM SÓC THAY THẾ VÌ NHIỀU LÝ DO TỪ KHÔNG QUAN TÂM ĐẾN LẠM DỤNG HAY THẬM CHÍ CƯỠNG ĐOẠT
14510865305269872390-223	14510865305269872390.wav	SSL/download/paper_benchmark/fleurs/audio/14510865305269872390.wav	các chính sách huỷ có khác nhau tuy nhiên tính đến cuối tháng 3 hầu hết các chính sách huỷ do vi-rút corona đều không cho phép gia hạn đến tháng 7 năm 2020 - thời điểm diễn ra thế vận hội theo kế hoạch	CÁC CHÍNH SÁCH HỦY CÓ KHÁC NHAU TUY NHIÊN TÍNH ĐẾN CUỐI THÁNG BA HẦU HẾT CÁC CHÍNH SÁCH HỦY DO VIRUS CORONA ĐỀU KHÔNG CHO PHÉP GIA HẠN ĐẾN THÁNG BẢY NĂM HAI NGÀN KHÔNG TRĂM HAI MƯƠI THỜI ĐIỂM DIỄN RA THẾ VẬN HỘI THEO KẾ HOẠCH	CÁC CHÍNH SÁCH HUỶ CÓ KHÁC NHAU TUY NHIÊN TÍNH ĐẾN CUỐI THÁNG 3 HẦU HẾT CÁC CHÍNH SÁCH HUỶ DO VI RÚT CORONA ĐỀU KHÔNG CHO PHÉP GIA HẠN ĐẾN THÁNG 7 NĂM 2020 THỜI ĐIỂM DIỄN RA THẾ VẬN HỘI THEO KẾ HOẠCH
14613654960470655945-231	14613654960470655945.wav	SSL/download/paper_benchmark/fleurs/audio/14613654960470655945.wav	do cấu trúc địa hình dưới nước dòng chảy ngược tập trung tại một số khu vực sâu hơn và dòng chảy nhanh đến vùng nước sâu có thể hình thành ở đó	DO CẤU TRÚC ĐỊA HÌNH DƯỚI NƯỚC DÒNG CHẢY NGƯỢC TẬP TRUNG TẠI MỘT SỐ KHU VỰC SÂU HƠN VÀ DÒNG CHẢY NHANH ĐẾN VÙNG NƯỚC SÂU CÓ THỂ HÌNH THÀNH Ở ĐÓ	DO CẤU TRÚC ĐỊA HÌNH DƯỚI NƯỚC DÒNG CHẢY NGƯỢC TẬP TRUNG TẠI MỘT SỐ KHU VỰC SÂU HƠN VÀ DÒNG CHẢY NHANH ĐẾN VÙNG NƯỚC SÂU CÓ THỂ HÌNH THÀNH Ở ĐÓ
14749734800013766761-239	14749734800013766761.wav	SSL/download/paper_benchmark/fleurs/audio/14749734800013766761.wav	điều này cho phép nó có khả năng tương thích ngược với 802.11a 802.11b và 802.11g với điều kiện các trạm cơ sở có ra-đi-ô có băng tần kép	ĐIỀU NÀY CHO PHÉP NÓ CÓ KHẢ NĂNG TƯƠNG THÍCH NGƯỢC VỚI TÁM TRĂM LINH HAI CHẤM MƯỜI MỘT A TÁM TRĂM LINH HAI CHẤM MƯỜI MỘT B VÀ TÁM TRĂM LINH HAI CHẤM MƯỜI MỘT G VỚI ĐIỀU KIỆN CÁC TRẠM CƠ SỞ CÓ RADIO CÓ BĂNG TẦNG	ĐIỀU NÀY CHO PHÉP NÓ CÓ KHẢ NĂNG TƯƠNG THÍCH NGƯỢC VỚI 802 11A 802 11B VÀ 802 11G VỚI ĐIỀU KIỆN CÁC TRẠM CƠ SỞ CÓ RA ĐI Ô CÓ BĂNG TẦN KÉP
14996071226113050699-247	14996071226113050699.wav	SSL/download/paper_benchmark/fleurs/audio/14996071226113050699.wav	từ năm 1966 sundarbans là khu bảo tồn động vật hoang dã và ước tính hiện nay có 400 con cọp hoàng gia bengal và khoảng 30.000 con hươu đốm trong vùng này	TỪ NĂM MỘT NGÀN CHÍN TRĂM SÁU MƯƠI SÁU SANDA BAN LÀ KHU BẢO TỒN ĐỘNG VẬT HOANG DÃ VÀ CÓ ƯỚC TÍNH HIỆN NAY CÓ BỐN TRĂM CON CỌP HOÀNG GIA BAN GAN VÀ KHOẢNG BA MƯƠI NGÀN CON HƯ ĐỚM TRONG VÙNG NÀY	TỪ NĂM 1966 SUNDARBANS LÀ KHU BẢO TỒN ĐỘNG VẬT HOANG DÃ VÀ ƯỚC TÍNH HIỆN NAY CÓ 400 CON CỌP HOÀNG GIA BENGAL VÀ KHOẢNG 30 000 CON HƯƠU ĐỐM TRONG VÙNG NÀY
15078039156111929832-255	15078039156111929832.wav	SSL/download/paper_benchmark/fleurs/audio/15078039156111929832.wav	trên chiếc xe ngựa họ trở về paris bị bao quanh bởi một đám đông đang la hét và đe dọa đức vua và nữ hoàng	TRÊN CHIẾC XE NGỰA HỌ TRỞ VỀ PARIS BỊ BAO QUANH BỞI MỘT ĐÁM ĐÔNG ĐANG LA HÉT VÀ ĐE DỌA ĐỨC VUA VÀ NỮ HOÀNG	TRÊN CHIẾC XE NGỰA HỌ TRỞ VỀ PARIS BỊ BAO QUANH BỞI MỘT ĐÁM ĐÔNG ĐANG LA HÉT VÀ ĐE DỌA ĐỨC VUA VÀ NỮ HOÀNG
15219585541550638914-263	15219585541550638914.wav	SSL/download/paper_benchmark/fleurs/audio/15219585541550638914.wav	ông gọi những tin đồn này là cuộc tán gẫu về chính trị và sự điên rồ	ÔNG GỌI NHỮNG TIN ĐỒN NÀY LÀ CUỘC TÁN VỀ CHÍNH TRỊ VÀ SỰ ĐIÊN RỒ	ÔNG GỌI NHỮNG TIN ĐỒN NÀY LÀ CUỘC TÁN GẪU VỀ CHÍNH TRỊ VÀ SỰ ĐIÊN RỒ
15325351138624919727-271	15325351138624919727.wav	SSL/download/paper_benchmark/fleurs/audio/15325351138624919727.wav	số rossby càng nhỏ ngôi sao càng ít hoạt động liên quan tới nghịch đảo từ trường	SỐ RAP BI CÀNG NHỎ NGÔI SAO CÀNG ÍT HOẠT ĐỘNG LIÊN QUAN TỚI NGHỊCH ĐẢO TỪ TRƯỜNG	SỐ ROSSBY CÀNG NHỎ NGÔI SAO CÀNG ÍT HOẠT ĐỘNG LIÊN QUAN TỚI NGHỊCH ĐẢO TỪ TRƯỜNG
15451333162491866196-279	15451333162491866196.wav	SSL/download/paper_benchmark/fleurs/audio/15451333162491866196.wav	đây sẽ không phải là từ biệt đây chỉ là kết thúc một chương và mở ra một chương mới	ĐÂY SẼ KHÔNG PHẢI LÀ TỪ BIỆT ĐÂY CHỈ LÀ KẾT THÚC MỘT CHƯƠNG VÀ MỞ RA MỘT CHƯƠNG MỚI	ĐÂY SẼ KHÔNG PHẢI LÀ TỪ BIỆT ĐÂY CHỈ LÀ KẾT THÚC MỘT CHƯƠNG VÀ MỞ RA MỘT CHƯƠNG MỚI
15559390473564798724-287	15559390473564798724.wav	SSL/download/paper_benchmark/fleurs/audio/15559390473564798724.wav	sự căng thẳng càng giảm bớt thì sinh lực tích cực càng hiện hữu tất cả mọi người đều có tiềm năng tìm được sự yên bình và mãn nguyện tuyệt đối	SỰ CĂNG THẲNG CÀNG GIẢM BỚT THÌ SINH LỰC TÍCH CỰC CÀNG HIỆN HỮU TẤT CẢ MỌI NGƯỜI ĐỀU CÓ TIỀM NĂNG TÌM ĐƯỢC SỰ YÊN BÌNH VÀ QUẢNG TUYỆT ĐỐI	SỰ CĂNG THẲNG CÀNG GIẢM BỚT THÌ SINH LỰC TÍCH CỰC CÀNG HIỆN HỮU TẤT CẢ MỌI NGƯỜI ĐỀU CÓ TIỀM NĂNG TÌM ĐƯỢC SỰ YÊN BÌNH VÀ MÃN NGUYỆN TUYỆT ĐỐI
15640286507683765657-295	15640286507683765657.wav	SSL/download/paper_benchmark/fleurs/audio/15640286507683765657.wav	kể từ năm 1988 các thùng phiếu phải trong suốt để cử tri và các quan sát viên có thể làm chứng rằng không có phong bì nào có sẵn khi bắt đầu bỏ phiếu và không có phong bì nào được bỏ thêm vào ngoại trừ những phong bì của các cử tri hợp lệ và được cho phép	KỂ TỪ NĂM MỘT NGÀN CHÍN TRĂM TÁM TÁM CÁC THÙNG PHIẾU PHẢI TRONG SUỐT ĐỂ CỬ TRI VÀ CÁC QUAN SÁT VIÊN CÓ THỂ LÀM CHỨNG RẰNG KHÔNG CÓ PHONG BÌ NÀO CÓ SẴN KHI BẮT ĐẦU BỎ PHIẾU VÀ KHÔNG CÓ PHONG BÌ NÀO ĐƯỢC BỎ THÊM VÀO NGOÀI TRỪ NHỮNG PHONG BÌ CỦA CÁC CỬ TRI HỢP LỆ VÀ ĐƯỢC CHO PHÉP	KỂ TỪ NĂM 1988 CÁC THÙNG PHIẾU PHẢI TRONG SUỐT ĐỂ CỬ TRI VÀ CÁC QUAN SÁT VIÊN CÓ THỂ LÀM CHỨNG RẰNG KHÔNG CÓ PHONG BÌ NÀO CÓ SẴN KHI BẮT ĐẦU BỎ PHIẾU VÀ KHÔNG CÓ PHONG BÌ NÀO ĐƯỢC BỎ THÊM VÀO NGOẠI TRỪ NHỮNG PHONG BÌ CỦA CÁC CỬ TRI HỢP LỆ VÀ ĐƯỢC CHO PHÉP
15785799983327590664-303	15785799983327590664.wav	SSL/download/paper_benchmark/fleurs/audio/15785799983327590664.wav	cùng tháng đó cũng chứng kiến một máy bay khác chạy quá đường băng tại mashhad và đâm vào một bức tường làm thiệt mạng mười bảy người	CÙNG THÁNG ĐÓ CŨNG CHỨNG KIẾN MỘT MÁY BAY KHÁC CHẠY QUÁ ĐƯỜNG BĂNG TẠI MATHA VÀ ĐÂM VÀO MỘT BỨC TƯỜNG LÀM THIỆT MẠNG MƯỜI BẢY NGƯỜI	CÙNG THÁNG ĐÓ CŨNG CHỨNG KIẾN MỘT MÁY BAY KHÁC CHẠY QUÁ ĐƯỜNG BĂNG TẠI MASHHAD VÀ ĐÂM VÀO MỘT BỨC TƯỜNG LÀM THIỆT MẠNG MƯỜI BẢY NGƯỜI
15988068266071045826-311	15988068266071045826.wav	SSL/download/paper_benchmark/fleurs/audio/15988068266071045826.wav	trang web tin tức giải trí tmz được biết người phóng viên ảnh đã ngừng xe ở phía bên kia đường sepulveda boulevard và cố gắng chụp ảnh chốt chặn của cảnh sát trước khi băng qua đường và tiếp tục chụp ảnh khiến cho viên cảnh sát tuần tra quốc lộ california đang tiến hành chặn xe phải ra lệnh cho anh trở qua bên kia đường hai lần	TRANG WEB TIN TỨC GIẢI TRÍ TMZ ĐƯỢC BIẾT NGƯỜI PHÓNG VIÊN ẢNH ĐÃ DỪNG XE Ở PHÍA BÊN KIA ĐƯỜNG XE BU VEDA VÀ CỐ GẮNG CHỤP ẢNH CHỐT CHẶN CỦA CẢNH SÁT TRƯỚC KHI BĂNG QUA ĐƯỜNG VÀ TIẾP TỤC CHỤP ẢNH KHIẾN CHO VIÊN CẢNH SÁT TUẦN TRA QUỐC LỘ CALIFIA ĐANG TIẾN HÀNH CHẶN XE PHẢI RA LỆNH CHO ANH CHỞ QUA BÊN KIA ĐƯỜNG HAI LẦN	TRANG WEB TIN TỨC GIẢI TRÍ TMZ ĐƯỢC BIẾT NGƯỜI PHÓNG VIÊN ẢNH ĐÃ NGỪNG XE Ở PHÍA BÊN KIA ĐƯỜNG SEPULVEDA BOULEVARD VÀ CỐ GẮNG CHỤP ẢNH CHỐT CHẶN CỦA CẢNH SÁT TRƯỚC KHI BĂNG QUA ĐƯỜNG VÀ TIẾP TỤC CHỤP ẢNH KHIẾN CHO VIÊN CẢNH SÁT TUẦN TRA QUỐC LỘ CALIFORNIA ĐANG TIẾN HÀNH CHẶN XE PHẢI RA LỆNH CHO ANH TRỞ QUA BÊN KIA ĐƯỜNG HAI LẦN
16081964092337246756-319	16081964092337246756.wav	SSL/download/paper_benchmark/fleurs/audio/16081964092337246756.wav	bề mặt của mặt trăng được tạo nên bởi đá và bụi lớp bên ngoài của mặt trăng được gọi là lớp vỏ	BỀ MẶT CỦA MẶT TRĂNG ĐƯỢC TẠO NÊN BỞI ĐÁ VÀ BỤI LỚP BÊN NGOÀI CỦA MẶT TRĂNG ĐƯỢC GỌI LÀ LỚP VỎ	BỀ MẶT CỦA MẶT TRĂNG ĐƯỢC TẠO NÊN BỞI ĐÁ VÀ BỤI LỚP BÊN NGOÀI CỦA MẶT TRĂNG ĐƯỢC GỌI LÀ LỚP VỎ
16198245957345320675-327	16198245957345320675.wav	SSL/download/paper_benchmark/fleurs/audio/16198245957345320675.wav	thung lũng cochamó địa điểm leo núi hàng đầu của chile được gọi là yosemite nam mỹ với nhiều vách núi dựng đứng và sườn dốc lởm chởm của đá granit	THUNG LŨNG KOKHA ĐỊA ĐIỂM LEO NÚI HÀNG ĐẦU CỦA CHI LÊ ĐƯỢC GỌI LÀ YOXI NAM MỸ VỚI NHIỀU VÁCH DỰNG ĐỨNG VÀ SƯỜN DỐC LỞM TRỞ CỦA ĐÁN	THUNG LŨNG COCHAMÓ ĐỊA ĐIỂM LEO NÚI HÀNG ĐẦU CỦA CHILE ĐƯỢC GỌI LÀ YOSEMITE NAM MỸ VỚI NHIỀU VÁCH NÚI DỰNG ĐỨNG VÀ SƯỜN DỐC LỞM CHỞM CỦA ĐÁ GRANIT
1646383960192106781-335	1646383960192106781.wav	SSL/download/paper_benchmark/fleurs/audio/1646383960192106781.wav	để được ngắm nhìn hồng kông từ góc độ đẹp nhất hãy rời hòn đảo và đến thẳng bờ sông kowloon đối diện	ĐỂ ĐƯỢC NGẮM NHÌN HỒNG KÔNG TỪ GÓC ĐỘ ĐẸP NHẤT HÃY RỜI HÒN ĐẢO VÀ ĐẾN THẲNG BỜ SÔNG CULON ĐỐI DIỆN	ĐỂ ĐƯỢC NGẮM NHÌN HỒNG KÔNG TỪ GÓC ĐỘ ĐẸP NHẤT HÃY RỜI HÒN ĐẢO VÀ ĐẾN THẲNG BỜ SÔNG KOWLOON ĐỐI DIỆN
16619774559783770211-343	16619774559783770211.wav	SSL/download/paper_benchmark/fleurs/audio/16619774559783770211.wav	"""anh ta [wales] từ đầu đã nói dối chúng tôi. đầu tiên bằng việc làm như thể vì những lý do hợp pháp. thứ nữa bằng việc giả bộ như đang lắng nghe chúng tôi anh ta đã có màn xóa dấu vết đầy ngoạn mục."	ANH TA WANS TỪ ĐẦU ĐÃ NÓI DỐI CHÚNG TÔI ĐẦU TIÊN BẰNG VIỆC LÀM NHƯ THỂ VÌ NHỮNG LÝ DO HỢP PHÁP THỨ NỮA BẰNG VIỆC GIẢ BỘ NHƯ ĐANG LẮNG NGHE CHÚNG TÔI ANH TA ĐÃ CÓ MÀN XÓA DẤU VẾT ĐẦY NGOẠN MỤC	"""ANH TA [WALES] TỪ ĐẦU ĐÃ NÓI DỐI CHÚNG TÔI ĐẦU TIÊN BẰNG VIỆC LÀM NHƯ THỂ VÌ NHỮNG LÝ DO HỢP PHÁP THỨ NỮA BẰNG VIỆC GIẢ BỘ NHƯ ĐANG LẮNG NGHE CHÚNG TÔI ANH TA ĐÃ CÓ MÀN XÓA DẤU VẾT ĐẦY NGOẠN MỤC"
16850538145286439979-351	16850538145286439979.wav	SSL/download/paper_benchmark/fleurs/audio/16850538145286439979.wav	vì vậy ngay từ những ngày mới ra đời bút chì đã trở thành người bạn tốt của nhiều người	VÌ VẬY NGAY TỪ NHỮNG NGÀY MỚI RA ĐỜI BÚT CHÌ ĐÃ TRỞ THÀNH NGƯỜI BẠN TỐT CỦA NHIỀU NGƯỜI	VÌ VẬY NGAY TỪ NHỮNG NGÀY MỚI RA ĐỜI BÚT CHÌ ĐÃ TRỞ THÀNH NGƯỜI BẠN TỐT CỦA NHIỀU NGƯỜI
17034879897905749244-359	17034879897905749244.wav	SSL/download/paper_benchmark/fleurs/audio/17034879897905749244.wav	cũng như tất cả mọi công viên quốc gia của nam phi hoạt động bảo tồn diễn ra hàng ngày và phải mua vé vào cửa công viên	CŨNG NHƯ TẤT CẢ MỌI CÔNG VIÊN QUỐC GIA CỦA NAM PHI HOẠT ĐỘNG BẢO TỒN DIỄN RA HẰNG NGÀY VÀ PHẢI MUA VÉ VÀO CỬA CÔNG VIÊN	CŨNG NHƯ TẤT CẢ MỌI CÔNG VIÊN QUỐC GIA CỦA NAM PHI HOẠT ĐỘNG BẢO TỒN DIỄN RA HÀNG NGÀY VÀ PHẢI MUA VÉ VÀO CỬA CÔNG VIÊN
17238531885163339652-367	17238531885163339652.wav	SSL/download/paper_benchmark/fleurs/audio/17238531885163339652.wav	chỉ huy cảnh sát chandra shekhar solanki nói rằng những bị cáo đã xuất hiện tại tòa với khuôn mặt bị che kín	CHỈ HUY CẢNH SÁT CHAN GAO LAN NÓI RẰNG NHỮNG BỊ CÁO ĐÃ XUẤT HIỆN TẠI TÒA VỚI KHUÔN MẶT BỊ CHE KÍN	CHỈ HUY CẢNH SÁT CHANDRA SHEKHAR SOLANKI NÓI RẰNG NHỮNG BỊ CÁO ĐÃ XUẤT HIỆN TẠI TÒA VỚI KHUÔN MẶT BỊ CHE KÍN
17385034458298614015-375	17385034458298614015.wav	SSL/download/paper_benchmark/fleurs/audio/17385034458298614015.wav	sau khi đã cân nhắc mọi thứ chúng ta không nên ngạc nhiên nếu tổ tiên của chúng ta đã giải quyết vấn đề protein theo cách tương tự như những con tinh tinh trên thảo nguyên ngày nay	SAU KHI ĐÃ CÂN NHẮC MỌI THỨ CHÚNG TA KHÔNG NÊN NGẠC NHIÊN NẾU TÔI TIN CỦA CHÚNG TA ĐÃ GIẢI QUYẾT VẤN ĐỀ GROTEIN THEO CÁCH TƯƠNG TỰ NHƯ NHỮNG CON TIN TRÊN THẢO NGUYÊN NGÀY NAY	SAU KHI ĐÃ CÂN NHẮC MỌI THỨ CHÚNG TA KHÔNG NÊN NGẠC NHIÊN NẾU TỔ TIÊN CỦA CHÚNG TA ĐÃ GIẢI QUYẾT VẤN ĐỀ PROTEIN THEO CÁCH TƯƠNG TỰ NHƯ NHỮNG CON TINH TINH TRÊN THẢO NGUYÊN NGÀY NAY
17473443327005623969-383	17473443327005623969.wav	SSL/download/paper_benchmark/fleurs/audio/17473443327005623969.wav	nếu muốn ở gần khu vực diễn ra hoạt động bạn cần phải đến sớm để có được một địa điểm cắm trại gần với dàn âm thanh	NẾU MUỐN Ở GẦN KHU VỰC DIỄN RA HOẠT ĐỘNG BẠN CẦN PHẢI ĐẾN SỚM ĐỂ CÓ ĐƯỢC MỘT ĐỊA ĐIỂM CẮM TRẠI GẦN VỚI NHÀ ÂM THANH	NẾU MUỐN Ở GẦN KHU VỰC DIỄN RA HOẠT ĐỘNG BẠN CẦN PHẢI ĐẾN SỚM ĐỂ CÓ ĐƯỢC MỘT ĐỊA ĐIỂM CẮM TRẠI GẦN VỚI DÀN ÂM THANH
17701852648151965549-391	17701852648151965549.wav	SSL/download/paper_benchmark/fleurs/audio/17701852648151965549.wav	madagascar là khu vực rộng lớn nhất và là lục địa dành riêng cho động vật hoang dã	MADAT LÀ KHU VỰC RỘNG LỚN NHẤT VÀ LÀ LỤC ĐỊA DÀNH RIÊNG CHO ĐỘNG VẬT HOANG DÃ	MADAGASCAR LÀ KHU VỰC RỘNG LỚN NHẤT VÀ LÀ LỤC ĐỊA DÀNH RIÊNG CHO ĐỘNG VẬT HOANG DÃ
17763658986448060888-399	17763658986448060888.wav	SSL/download/paper_benchmark/fleurs/audio/17763658986448060888.wav	những khu vực rộng lớn xa hơn về phía bắc có dân số khá thưa thớt và một số vùng gần như là đất hoang không có người ở	NHỮNG KHU VỰC RỘNG LỚN XA HƠN VỀ PHÍA BẮC CÓ DÂN SỐ KHÁ THỪA THỚT VÀ MỘT SỐ VÙNG GẦN NHƯ LÀ ĐẤT HOANG KHÔNG CÓ NGƯỜI Ở	NHỮNG KHU VỰC RỘNG LỚN XA HƠN VỀ PHÍA BẮC CÓ DÂN SỐ KHÁ THƯA THỚT VÀ MỘT SỐ VÙNG GẦN NHƯ LÀ ĐẤT HOANG KHÔNG CÓ NGƯỜI Ở
17894564507507219418-407	17894564507507219418.wav	SSL/download/paper_benchmark/fleurs/audio/17894564507507219418.wav	đội nhóm làm việc từ xa phải đáp ứng tiêu chuẩn chất lượng như đội nhóm truyền thống nhưng vẫn có những khác biệt nhỏ	ĐỘI NHÓM LÀM VIỆC TỪ XA PHẢI ĐÁP ỨNG TIÊU CHUẨN CHẤT LƯỢNG NHƯ ĐỘI NHÓM TRUYỀN THỐNG NHƯNG VẪN CÓ NHỮNG KHÁC BIỆT NHỎ	ĐỘI NHÓM LÀM VIỆC TỪ XA PHẢI ĐÁP ỨNG TIÊU CHUẨN CHẤT LƯỢNG NHƯ ĐỘI NHÓM TRUYỀN THỐNG NHƯNG VẪN CÓ NHỮNG KHÁC BIỆT NHỎ
1821285818559060431-415	1821285818559060431.wav	SSL/download/paper_benchmark/fleurs/audio/1821285818559060431.wav	madagascar là khu vực rộng lớn nhất và là lục địa dành riêng cho động vật hoang dã	MADAT LÀ KHU VỰC RỘNG LỚN NHẤT VÀ LÀ LỤC ĐỊA DÀNH RIÊNG CHO ĐỘNG VẬT HOANG DÃ	MADAGASCAR LÀ KHU VỰC RỘNG LỚN NHẤT VÀ LÀ LỤC ĐỊA DÀNH RIÊNG CHO ĐỘNG VẬT HOANG DÃ
18411486285890824776-423	18411486285890824776.wav	SSL/download/paper_benchmark/fleurs/audio/18411486285890824776.wav	tuy nhiên những kế hoạch này sụp đổ gần như chỉ sau một đêm khi hơn 800.000 hồng quân liên xô đã tiến vào và tạo nên mặt trận belarus và ukraine sau khi xâm lược các vùng phía đông ba lan vi phạm hiệp ước hòa bình riga công ước không xâm phạm giữa liên xô và ba lan và các hiệp ước quốc tế khác cả song phương lẫn đa phương	TUY NHIÊN NHỮNG KẾ HOẠCH NÀY SỤP ĐỔ GẦN NHƯ CHỈ SAU MỘT ĐÊM KHI HƠN TÁM TRĂM NGÀN HỒNG QUÂN LIÊN XÔ ĐÃ TIẾN VÀO VÀ TẠO NÊN MẶT TRẬN MET VÀ UKRAINE SAU KHI XÂM LƯỢC CÁC VÙNG PHÍA ĐÔNG BA LAN VI PHẠM HIỆP ƯỚC HÒA BÌNH GHA CÔNG ƯỚC KHÔNG XÂM PHẠM GIỮA LIÊN XÔ VÀ BA LAN VÀ CÁC HIỆP ƯỚC QUỐC TẾ KHÁC CẢ SONG PHƯƠNG LẪN ĐA PHƯƠNG	TUY NHIÊN NHỮNG KẾ HOẠCH NÀY SỤP ĐỔ GẦN NHƯ CHỈ SAU MỘT ĐÊM KHI HƠN 800 000 HỒNG QUÂN LIÊN XÔ ĐÃ TIẾN VÀO VÀ TẠO NÊN MẶT TRẬN BELARUS VÀ UKRAINE SAU KHI XÂM LƯỢC CÁC VÙNG PHÍA ĐÔNG BA LAN VI PHẠM HIỆP ƯỚC HÒA BÌNH RIGA CÔNG ƯỚC KHÔNG XÂM PHẠM GIỮA LIÊN XÔ VÀ BA LAN VÀ CÁC HIỆP ƯỚC QUỐC TẾ KHÁC CẢ SONG PHƯƠNG LẪN ĐA PHƯƠNG
1899802389149937483-431	1899802389149937483.wav	SSL/download/paper_benchmark/fleurs/audio/1899802389149937483.wav	phương pháp scaffolds ảo được nội tại hóa trong phần mềm và có mục đích nhằm đặt câu hỏi nhắc nhở và giải thích các quy trình mà có thể thách thức các học sinh giải quyết vấn đề một mình	PHƯƠNG PHÁP SCAPON ẢO ĐƯỢC NỘI TẠI HÓA TRONG PHẦN MỀM VÀ CÓ MỤC ĐÍCH NHẰM ĐẶT CÂU HỎI NHẮC NHỞ VÀ GIẢI THÍCH CÁC QUY TRÌNH MÀ CÓ THỂ THÁCH THỨC CÁC HỌC SINH GIẢI QUYẾT VẤN ĐỀ MỘT MÌNH	PHƯƠNG PHÁP SCAFFOLDS ẢO ĐƯỢC NỘI TẠI HÓA TRONG PHẦN MỀM VÀ CÓ MỤC ĐÍCH NHẰM ĐẶT CÂU HỎI NHẮC NHỞ VÀ GIẢI THÍCH CÁC QUY TRÌNH MÀ CÓ THỂ THÁCH THỨC CÁC HỌC SINH GIẢI QUYẾT VẤN ĐỀ MỘT MÌNH
2007027604538012037-439	2007027604538012037.wav	SSL/download/paper_benchmark/fleurs/audio/2007027604538012037.wav	nước rau bắp cải đổi màu theo nồng độ axit hoặc bazơ kiềm của hoá chất	NƯỚC RA BẮP CẢI ĐỔI MÀU THEO NỒNG ĐỘ AXIT HOẶC BASER KÈM CỦA HÓA CHẤT	NƯỚC RAU BẮP CẢI ĐỔI MÀU THEO NỒNG ĐỘ AXIT HOẶC BAZƠ KIỀM CỦA HOÁ CHẤT
2087049112494881829-447	2087049112494881829.wav	SSL/download/paper_benchmark/fleurs/audio/2087049112494881829.wav	độ ph được chỉ thị bằng số lượng ion hydro h trong ph trong hóa chất thí nghiệm	ĐỘ B ĐƯỢC CHỈ THỊ BẰNG SỐ LƯỢNG IONG HYDRO H TRONG BH TRONG HÓA CHẤT THÍ NGHIỆM	ĐỘ PH ĐƯỢC CHỈ THỊ BẰNG SỐ LƯỢNG ION HYDRO H TRONG PH TRONG HÓA CHẤT THÍ NGHIỆM
2274944403961584706-455	2274944403961584706.wav	SSL/download/paper_benchmark/fleurs/audio/2274944403961584706.wav	phụ nữ du khách nữ nên nói là họ đã kết hôn dù tình trạng hôn nhân thực tế là gì	PHỤ NỮ DU KHÁCH NỮ NÊN NÓI LÀ HỌ ĐÃ KẾT HÔN DÙ TÌNH TRẠNG HÔN NHÂN THỰC TẾ LÀ GÌ	PHỤ NỮ DU KHÁCH NỮ NÊN NÓI LÀ HỌ ĐÃ KẾT HÔN DÙ TÌNH TRẠNG HÔN NHÂN THỰC TẾ LÀ GÌ
2509167304639059745-463	2509167304639059745.wav	SSL/download/paper_benchmark/fleurs/audio/2509167304639059745.wav	chúng ta không biết chắc chắn nhưng có thể nó có lưỡi chẻ thức ăn của nó bao gồm rùa cá lớn những con mosasaur khác và nó thậm chí có thể là thú ăn thịt	CHÚNG TA KHÔNG BIẾT CHẮC CHẮN NHƯNG CÓ THỂ NÓ CÓ LƯỠI TRẺ THỨC ĂN CỦA NÓ BAO GỒM RÙA CÁ LỚN NHỮNG CON MUSONSAL KHÁC VÀ NÓ THẬM CHÍ CÓ THỂ LÀ THÚ ĂN THỊT	CHÚNG TA KHÔNG BIẾT CHẮC CHẮN NHƯNG CÓ THỂ NÓ CÓ LƯỠI CHẺ THỨC ĂN CỦA NÓ BAO GỒM RÙA CÁ LỚN NHỮNG CON MOSASAUR KHÁC VÀ NÓ THẬM CHÍ CÓ THỂ LÀ THÚ ĂN THỊT
2656236448183436238-471	2656236448183436238.wav	SSL/download/paper_benchmark/fleurs/audio/2656236448183436238.wav	bên cạnh đó giữa các triều đại là những giai đoạn bất ổn khi các châu bị chia rẽ giai đoạn nổi tiếng nhất là thời tam quốc kéo dài trong 60 năm giữa nhà hán và nhà tấn	BÊN CẠNH ĐÓ GIỮA CÁC TRIỀU ĐẠI LÀ NHỮNG GIAI ĐOẠN BẤT ỔN KHI CÁC CHÂU BỊ CHIA RẼ GIAI ĐOẠN NỔI TIẾNG NHẤT LÀ THỜI TAM QUỐC KÉO DÀI TRONG SÁU MƯƠI NĂM GIỮA NHÀ HÁN VÀ NHÀ TẤN	BÊN CẠNH ĐÓ GIỮA CÁC TRIỀU ĐẠI LÀ NHỮNG GIAI ĐOẠN BẤT ỔN KHI CÁC CHÂU BỊ CHIA RẼ GIAI ĐOẠN NỔI TIẾNG NHẤT LÀ THỜI TAM QUỐC KÉO DÀI TRONG 60 NĂM GIỮA NHÀ HÁN VÀ NHÀ TẤN
2771867212074662085-479	2771867212074662085.wav	SSL/download/paper_benchmark/fleurs/audio/2771867212074662085.wav	các nhà khoa học đã có thể kết luận rằng vật chất tối ảnh hưởng tới vật chất tối khác giống như tính chất của vật chất thông thường	CÁC NHÀ KHOA HỌC ĐÃ CÓ THỂ KẾT LUẬN RẰNG VẬT CHẤT TỐI ẢNH HƯỞNG TỚI VẬT CHẤT TỐI GIỐNG NHƯ TÍNH CHẤT CỦA VẬT CHẤT THÔNG THƯỜNG	CÁC NHÀ KHOA HỌC ĐÃ CÓ THỂ KẾT LUẬN RẰNG VẬT CHẤT TỐI ẢNH HƯỞNG TỚI VẬT CHẤT TỐI KHÁC GIỐNG NHƯ TÍNH CHẤT CỦA VẬT CHẤT THÔNG THƯỜNG
2961037099089241171-487	2961037099089241171.wav	SSL/download/paper_benchmark/fleurs/audio/2961037099089241171.wav	tam quốc là một trong những kỷ nguyên đẫm máu nhất trong lịch sử trung hoa cổ đại hàng ngàn người đã chết chỉ để tranh ngồi vào ngai vàng trong đại điện ở thành tây an	TAM QUỐC LÀ MỘT TRONG NHỮNG KỶ NGUYÊN ĐẪM MÁU NHẤT TRONG LỊCH SỬ HOA CỔ ĐẠI HÀNG NGÀN NGƯỜI ĐÃ CHẾT CHỈ ĐỂ TRANH NGƯỜI VÀO NGA HOÀNG TRONG ĐẠI DIỆN Ở THÀNH ĐẠI AN	TAM QUỐC LÀ MỘT TRONG NHỮNG KỶ NGUYÊN ĐẪM MÁU NHẤT TRONG LỊCH SỬ TRUNG HOA CỔ ĐẠI HÀNG NGÀN NGƯỜI ĐÃ CHẾT CHỈ ĐỂ TRANH NGỒI VÀO NGAI VÀNG TRONG ĐẠI ĐIỆN Ở THÀNH TÂY AN
3097523119117147857-495	3097523119117147857.wav	SSL/download/paper_benchmark/fleurs/audio/3097523119117147857.wav	các nhà côn trùng học sử dụng thuật ngữ bọ với nghĩa chính thức để đặt cho nhóm côn trùng này	CÁC NHÀ CÔN TRÙNG HỌC SỬ DỤNG THUẬT NGỮ BỌ VỚI NGHĨA CHÍNH THỨC ĐỂ ĐẶT CHO NHÓM CÔN TRÙNG NÀY	CÁC NHÀ CÔN TRÙNG HỌC SỬ DỤNG THUẬT NGỮ BỌ VỚI NGHĨA CHÍNH THỨC ĐỂ ĐẶT CHO NHÓM CÔN TRÙNG NÀY
3245089434712789982-503	3245089434712789982.wav	SSL/download/paper_benchmark/fleurs/audio/3245089434712789982.wav	cao nguyên giza hay khu lăng mộ giza trong thung lũng lăng mộ của ai cập có nhiều kim tự tháp trong đó đại kim tự tháp là kim tự tháp lớn nhất nhiều ngôi mộ nhỏ nhiều đền đài và tượng đại nhân sư	CAO NGUYÊN GYA HAY KHU LĂNG MỘ TRONG THUNG LŨNG LĂNG MỘ CỦA AI CẬP CÓ NHIỀU KIM TỰ THÁP TRONG ĐÓ ĐẠI KIM TỰ THÁP LÀ KIM TỰ THÁP LỚN NHẤT NHIỀU NGÔI NHỎ NHIỀU ĐỀN ĐÀI VÀ TƯỢNG ĐÀI NHÂN SƯ	CAO NGUYÊN GIZA HAY KHU LĂNG MỘ GIZA TRONG THUNG LŨNG LĂNG MỘ CỦA AI CẬP CÓ NHIỀU KIM TỰ THÁP TRONG ĐÓ ĐẠI KIM TỰ THÁP LÀ KIM TỰ THÁP LỚN NHẤT NHIỀU NGÔI MỘ NHỎ NHIỀU ĐỀN ĐÀI VÀ TƯỢNG ĐẠI NHÂN SƯ
3391775413896811853-511	3391775413896811853.wav	SSL/download/paper_benchmark/fleurs/audio/3391775413896811853.wav	bởi vì lông vũ của khủng long không có thân lông phát triển tốt được gọi là thân ống lông nhưng lại có các đặc điểm khác của lông vũ tơ và lông tơ nên các nhà nghiên cứu cho rằng thân ống lông có thể là sự phát triển tiến hóa sau này với những đặc điểm khác này	BỞI VÌ LÔNG CỦA KHỦNG LONG KHÔNG CÓ THĂNG LONG PHÁT TRIỂN TỐT ĐƯỢC GỌI LÀ THĂNG LONG NHƯNG LẠI CÓ CÁC ĐẶC ĐIỂM KHÁC CỦA LONG VŨ TƠ VÀ LÔNG TƠ NÊN CÁC NHÀ NGHIÊN CỨU CHO RẰNG THĂNG LONG CÓ THỂ LÀ SỰ PHÁT TRIỂN TIẾN HÓA SAU NÀY VỚI NHỮNG ĐẶC ĐIỂM KHÁC NÀY	BỞI VÌ LÔNG VŨ CỦA KHỦNG LONG KHÔNG CÓ THÂN LÔNG PHÁT TRIỂN TỐT ĐƯỢC GỌI LÀ THÂN ỐNG LÔNG NHƯNG LẠI CÓ CÁC ĐẶC ĐIỂM KHÁC CỦA LÔNG VŨ TƠ VÀ LÔNG TƠ NÊN CÁC NHÀ NGHIÊN CỨU CHO RẰNG THÂN ỐNG LÔNG CÓ THỂ LÀ SỰ PHÁT TRIỂN TIẾN HÓA SAU NÀY VỚI NHỮNG ĐẶC ĐIỂM KHÁC NÀY
360144692973256307-519	360144692973256307.wav	SSL/download/paper_benchmark/fleurs/audio/360144692973256307.wav	người ta chỉ có thể tự hỏi rồi đây bàn phím sẽ có số phận như thế nào khi một thứ gì đó mới hơn xuất hiện	NGƯỜI TA CHỈ CÓ THỂ TỰ HỎI RỒI ĐÂY BÀN PHÍM SẼ CÓ SỐ PHẬN NHƯ THẾ NÀO KHI MỘT THỨ GÌ ĐÓ MỚI HƠN XUẤT HIỆN	NGƯỜI TA CHỈ CÓ THỂ TỰ HỎI RỒI ĐÂY BÀN PHÍM SẼ CÓ SỐ PHẬN NHƯ THẾ NÀO KHI MỘT THỨ GÌ ĐÓ MỚI HƠN XUẤT HIỆN
3712046617774551008-527	3712046617774551008.wav	SSL/download/paper_benchmark/fleurs/audio/3712046617774551008.wav	cơ quan trung ương của giáo hội đã tọa lạc ở rome hơn một ngàn năm qua và sự tập trung quyền lực và tiền bạc này khiến nhiều người thắc mắc là liệu giáo lý nói trên có được tuân theo hay không	CƠ QUAN TRUNG ƯƠNG CỦA GIÁO HỘI ĐÃ TỌA LẠC Ở RÔM ME HƠN MỘT NGÀN NĂM QUA VÀ SỰ TẬP TRUNG QUYỀN LỰC VÀ TIỀN BẠC NÀY KHIẾN NHIỀU NGƯỜI THẮC MẮC LÀ LIỆU GIÁO LÝ NÓI TRÊN CÓ ĐƯỢC TUÂN THEO HAY KHÔNG	CƠ QUAN TRUNG ƯƠNG CỦA GIÁO HỘI ĐÃ TỌA LẠC Ở ROME HƠN MỘT NGÀN NĂM QUA VÀ SỰ TẬP TRUNG QUYỀN LỰC VÀ TIỀN BẠC NÀY KHIẾN NHIỀU NGƯỜI THẮC MẮC LÀ LIỆU GIÁO LÝ NÓI TRÊN CÓ ĐƯỢC TUÂN THEO HAY KHÔNG
3819888757186019174-535	3819888757186019174.wav	SSL/download/paper_benchmark/fleurs/audio/3819888757186019174.wav	trung tâm của thiền tây tạng là deity yoga thông qua việc hình dung hình dáng các vị thần khác nhau các trường năng lượng sạch các luân xa được khởi động và ý thức của sự giác ngộ được tạo ra	TRUNG TÂM CỦA THIỀN TÂY TẠNG LÀ DETIOGA THÔNG QUA VIỆC HÌNH DUNG CÁC VỊ THẦN KHÁC NHAU CÁC TRƯỜNG NĂNG LƯỢNG SẠCH ĐƯỢC KHỞI ĐỘNG VÀ Ý THỨC CỦA SỰ GIÁC NGỘ ĐƯỢC TẠO RA	TRUNG TÂM CỦA THIỀN TÂY TẠNG LÀ DEITY YOGA THÔNG QUA VIỆC HÌNH DUNG HÌNH DÁNG CÁC VỊ THẦN KHÁC NHAU CÁC TRƯỜNG NĂNG LƯỢNG SẠCH CÁC LUÂN XA ĐƯỢC KHỞI ĐỘNG VÀ Ý THỨC CỦA SỰ GIÁC NGỘ ĐƯỢC TẠO RA
3904131171379356002-543	3904131171379356002.wav	SSL/download/paper_benchmark/fleurs/audio/3904131171379356002.wav	đây là những bãi biển gia đình đôi khi đông đúc có nhiều cửa hàng dọc theo bờ biển nơi đây có thể bơi lội an toàn	ĐÂY LÀ NHỮNG BÃI BIỂN GIA ĐÌNH ĐÔI KHI ĐÔNG ĐÚC CÓ NHIỀU CỬA HÀNG DỌC THEO BỜ BIỂN NƠI ĐÂY CÓ THỂ BƠI LỘI AN TOÀN	ĐÂY LÀ NHỮNG BÃI BIỂN GIA ĐÌNH ĐÔI KHI ĐÔNG ĐÚC CÓ NHIỀU CỬA HÀNG DỌC THEO BỜ BIỂN NƠI ĐÂY CÓ THỂ BƠI LỘI AN TOÀN
3991881764745878831-551	3991881764745878831.wav	SSL/download/paper_benchmark/fleurs/audio/3991881764745878831.wav	bản tin truyền hình cho thấy có khói trắng bốc ra từ nhà máy	BẢN TIN TRUYỀN HÌNH CHO THẤY CÓ KHÓI TRẮNG BỐC RA TỪ NHÀ MÁY	BẢN TIN TRUYỀN HÌNH CHO THẤY CÓ KHÓI TRẮNG BỐC RA TỪ NHÀ MÁY
407989977556310017-559	407989977556310017.wav	SSL/download/paper_benchmark/fleurs/audio/407989977556310017.wav	tuy vậy hãy làm theo khuyến cáo của chính quyền tuân thủ tất cả các biển báo và chú ý đến các cảnh báo an toàn	TUY VẬY HÃY LÀM THEO KHUYẾN CÁO CỦA CHÍNH QUYỀN TUÂN THỦ TẤT CẢ CÁC BIỂN BÁO VÀ CHÚ Ý ĐẾN CÁC CẢNH BÁO	TUY VẬY HÃY LÀM THEO KHUYẾN CÁO CỦA CHÍNH QUYỀN TUÂN THỦ TẤT CẢ CÁC BIỂN BÁO VÀ CHÚ Ý ĐẾN CÁC CẢNH BÁO AN TOÀN
4137202490528222223-567	4137202490528222223.wav	SSL/download/paper_benchmark/fleurs/audio/4137202490528222223.wav	mặc dù trí tuệ nhân tạo ai có ý nghĩa rất lớn trong ngành khoa học viễn tưởng ai cũng định hình một nhánh vô cùng quan trọng trong khoa học máy tính xử lý các hành vi có khả năng học tập và nhạy và mô phỏng trí thông minh trong máy móc	MẶC DÙ TRÍ TUỆ NHÂN TẠO A CÓ Ý NGHĨA RẤT LỚN TRONG NGÀNH KHOA HỌC VIỄN TƯỞNG A Y CŨNG ĐỊNH HÌNH MỘT NHÁNH VÔ CÙNG QUAN TRỌNG TRONG KHOA HỌC MÁY TÍNH XỬ LÝ CÁC HÀNH VI CÓ KHẢ NĂNG HỌC TẬP VÀ NHẠY VÀ MÔ PHỎNG TRÍ THÔNG MINH TRONG MÁY MÓC	MẶC DÙ TRÍ TUỆ NHÂN TẠO AI CÓ Ý NGHĨA RẤT LỚN TRONG NGÀNH KHOA HỌC VIỄN TƯỞNG AI CŨNG ĐỊNH HÌNH MỘT NHÁNH VÔ CÙNG QUAN TRỌNG TRONG KHOA HỌC MÁY TÍNH XỬ LÝ CÁC HÀNH VI CÓ KHẢ NĂNG HỌC TẬP VÀ NHẠY VÀ MÔ PHỎNG TRÍ THÔNG MINH TRONG MÁY MÓC
4298963621195461253-575	4298963621195461253.wav	SSL/download/paper_benchmark/fleurs/audio/4298963621195461253.wav	cuộc diễu hành của các tòa nhà khiến đường chân trời của hồng kông được liên tưởng với biểu đồ dạng thanh lấp lánh được làm rõ bởi sự hiện hữu của vùng nước trong vịnh victoria	CUỘC DIỄU HÀNH CỦA CÁC TÒA NHÀ KHIẾN ĐƯỜNG CHÂN TRỜI CỦA HỒNG KÔNG ĐƯỢC LIÊN TƯỞNG VỚI BIỂU ĐỒ DẠNG THANH LẤP LÁNH ĐƯỢC LÀM RÕ BỞI SỰ HIỆN HỮU CỦA VÙNG NƯỚC TRONG VỊNH VICTORIA	CUỘC DIỄU HÀNH CỦA CÁC TÒA NHÀ KHIẾN ĐƯỜNG CHÂN TRỜI CỦA HỒNG KÔNG ĐƯỢC LIÊN TƯỞNG VỚI BIỂU ĐỒ DẠNG THANH LẤP LÁNH ĐƯỢC LÀM RÕ BỞI SỰ HIỆN HỮU CỦA VÙNG NƯỚC TRONG VỊNH VICTORIA
4451333136469093497-583	4451333136469093497.wav	SSL/download/paper_benchmark/fleurs/audio/4451333136469093497.wav	nhưng ở nơi nằm trong vùng siêu nhiệt đới” chỉ cách đường xích đạo vài độ về phía bắc bạn sẽ cần phải vượt qua cả sự nóng bức luôn luôn lẫn ánh nắng gay gắt khi trời trong cũng rất thường xuyên	NHƯNG Ở NƠI NẰM TRONG VÙNG SIÊU NHIỆT ĐỚI CHỈ CÁCH ĐƯỜNG XÍCH ĐẠO VÀI ĐỘ VỀ PHÍA BẮC BẠN SẼ CẦN PHẢI VƯỢT QUA CẢ SỰ SỐNG NÓNG BỨC LUÔN LUÔN LẪN ÁNH NẮNG GAY GẮT KHI TRỜI TRONG CŨNG RẤT THƯỜNG XUYÊN	NHƯNG Ở NƠI NẰM TRONG VÙNG SIÊU NHIỆT ĐỚI” CHỈ CÁCH ĐƯỜNG XÍCH ĐẠO VÀI ĐỘ VỀ PHÍA BẮC BẠN SẼ CẦN PHẢI VƯỢT QUA CẢ SỰ NÓNG BỨC LUÔN LUÔN LẪN ÁNH NẮNG GAY GẮT KHI TRỜI TRONG CŨNG RẤT THƯỜNG XUYÊN
4594315480525990540-591	4594315480525990540.wav	SSL/download/paper_benchmark/fleurs/audio/4594315480525990540.wav	sundarbans là vành đai rừng ngập mặn ven biển lớn nhất trên thế giới trải dài 80 km 50 dặm vào nội địa băng-la-đét và ấn độ từ bờ biển	SANDAN LÀ VÀNH ĐAI RỪNG NGẬP MẶN LỚN NHẤT THẾ GIỚI TRẢI DÀI TÁM MƯƠI KILOMET NĂM MƯƠI DẶM VÀO NỘI ĐỊA BANGLADES VÀ ẤN ĐỘ TỪ BỜ BIỂN	SUNDARBANS LÀ VÀNH ĐAI RỪNG NGẬP MẶN VEN BIỂN LỚN NHẤT TRÊN THẾ GIỚI TRẢI DÀI 80 KM 50 DẶM VÀO NỘI ĐỊA BĂNG LA ĐÉT VÀ ẤN ĐỘ TỪ BỜ BIỂN
4710059284548197823-599	4710059284548197823.wav	SSL/download/paper_benchmark/fleurs/audio/4710059284548197823.wav	nếu không quen lái xe trên những đường quê thì bạn nên chuẩn bị tinh thần cho những con dốc đứng làn đường hẹp và những khúc cua gắt	NẾU KHÔNG QUEN LÁI XE TRÊN ĐƯỜNG QUÊ THÌ BẠN NÊN CHUẨN BỊ TINH THẦN CHO NHỮNG CON DỐC ĐỨNG LÀN ĐƯỜNG HẸP VÀ NHỮNG KHÚC CUA CẮT	NẾU KHÔNG QUEN LÁI XE TRÊN NHỮNG ĐƯỜNG QUÊ THÌ BẠN NÊN CHUẨN BỊ TINH THẦN CHO NHỮNG CON DỐC ĐỨNG LÀN ĐƯỜNG HẸP VÀ NHỮNG KHÚC CUA GẮT
4886724839593371916-607	4886724839593371916.wav	SSL/download/paper_benchmark/fleurs/audio/4886724839593371916.wav	tiếng ý được sử dụng như một ngôn ngữ hàng ngày bởi những người làm việc tại bang trong khi tiếng la tinh được sử dụng trong các nghi lễ tôn giáo	TIẾNG Ý ĐƯỢC SỬ DỤNG NHƯ MỘT NGÔN NGỮ HÀNG NGÀY BỞI NHỮNG NGƯỜI LÀM VIỆC TẠI BANG TRONG KHI TIẾNG LA TINH ĐƯỢC SỬ DỤNG TRONG CÁC NGHI LỄ TÔN GIÁO	TIẾNG Ý ĐƯỢC SỬ DỤNG NHƯ MỘT NGÔN NGỮ HÀNG NGÀY BỞI NHỮNG NGƯỜI LÀM VIỆC TẠI BANG TRONG KHI TIẾNG LA TINH ĐƯỢC SỬ DỤNG TRONG CÁC NGHI LỄ TÔN GIÁO
4995469789790222478-615	4995469789790222478.wav	SSL/download/paper_benchmark/fleurs/audio/4995469789790222478.wav	chia sẻ chuyến đi dã ngoại qua hình thức trực tuyến cũng là một cách tuyệt vời để chiêm nghiệm lại chuyến đi và chia sẻ kinh nghiệm với những khóa học sinh sau	CHIA SẺ CHUYẾN ĐI DÃ NGOẠI QUA HÌNH THỨC TRỰC TUYẾN CŨNG LÀ MỘT CÁCH TUYỆT VỜI ĐỂ CHIÊM NGHIỆM LẠI CHUYẾN ĐI VÀ CHIA SẺ KINH NGHIỆM VỚI NHỮNG KHÓA HỌC SINH SAU	CHIA SẺ CHUYẾN ĐI DÃ NGOẠI QUA HÌNH THỨC TRỰC TUYẾN CŨNG LÀ MỘT CÁCH TUYỆT VỜI ĐỂ CHIÊM NGHIỆM LẠI CHUYẾN ĐI VÀ CHIA SẺ KINH NGHIỆM VỚI NHỮNG KHÓA HỌC SINH SAU
5181537429069243482-623	5181537429069243482.wav	SSL/download/paper_benchmark/fleurs/audio/5181537429069243482.wav	không có cảnh báo sóng thần nào được đưa ra và theo cơ quan địa vật lý jakarta sẽ không có cảnh báo sóng thần vì cơn địa chấn chưa đạt tới tiêu chuẩn 6.5 độ richter	KHÔNG CÓ CẢNH BÁO SÓNG THẦN NÀO ĐƯỢC ĐƯA RA VÀ THEO CƠ QUAN ĐỊA LÝ SATA SẼ KHÔNG CÓ CẢNH BÁO SÓNG THẦN VÌ CƠN ĐỊA CHẤN CHƯA ĐẠT TỚI TIÊU CHUẨN SÁU CHẤM NĂM ĐỘ RICHTER	KHÔNG CÓ CẢNH BÁO SÓNG THẦN NÀO ĐƯỢC ĐƯA RA VÀ THEO CƠ QUAN ĐỊA VẬT LÝ JAKARTA SẼ KHÔNG CÓ CẢNH BÁO SÓNG THẦN VÌ CƠN ĐỊA CHẤN CHƯA ĐẠT TỚI TIÊU CHUẨN 6 5 ĐỘ RICHTER
5295180411052860650-631	5295180411052860650.wav	SSL/download/paper_benchmark/fleurs/audio/5295180411052860650.wav	các nhiếp ảnh gia về sau đã chiếm vị trí của người phụ nữ cao niên khi bà cần nhà vệ sinh mendoza đã bị bắn hạ	CÁC NHIẾP ẢNH GIA VỀ SAU ĐÃ CHIẾM VỊ TRÍ CỦA NGƯỜI PHỤ NỮ CAO NIÊN KHI BÀ CẦN NHÀ VỆ SINH ĐÃ BỊ BẮN HẠ	CÁC NHIẾP ẢNH GIA VỀ SAU ĐÃ CHIẾM VỊ TRÍ CỦA NGƯỜI PHỤ NỮ CAO NIÊN KHI BÀ CẦN NHÀ VỆ SINH MENDOZA ĐÃ BỊ BẮN HẠ
5457368427308940357-639	5457368427308940357.wav	SSL/download/paper_benchmark/fleurs/audio/5457368427308940357.wav	nằm về phía bắc và thuận tiện về giao thông là thị trấn sintra lãng mạn và hấp dẫn nổi tiếng với người nước ngoài sau một bài thơ ca ngợi của lord byron	NẰM VỀ PHÍA BẮC VÀ THUẬN TIỆN VỀ GIAO THÔNG LÀ THỊ TRẤN SINK LÃNG MẠN VÀ HẤP DẪN NỔI TIẾNG VỚI NGƯỜI NƯỚC NGOÀI SAU MỘT BÀI THƠ CA NGỢI CỦA LO BIN	NẰM VỀ PHÍA BẮC VÀ THUẬN TIỆN VỀ GIAO THÔNG LÀ THỊ TRẤN SINTRA LÃNG MẠN VÀ HẤP DẪN NỔI TIẾNG VỚI NGƯỜI NƯỚC NGOÀI SAU MỘT BÀI THƠ CA NGỢI CỦA LORD BYRON
5598957661171403332-647	5598957661171403332.wav	SSL/download/paper_benchmark/fleurs/audio/5598957661171403332.wav	cũng như những nhiếp ảnh gia người phi-líp-pin sáu con tin gồm trẻ em và người già đã được thả sớm	CŨNG NHƯ NHỮNG NHIẾP ẢNH GIA NGƯỜI PHILIPPINES SÁU CON TIN GỒM TRẺ EM VÀ NGƯỜI GIÀ ĐÃ ĐƯỢC THẢ	CŨNG NHƯ NHỮNG NHIẾP ẢNH GIA NGƯỜI PHI LÍP PIN SÁU CON TIN GỒM TRẺ EM VÀ NGƯỜI GIÀ ĐÃ ĐƯỢC THẢ SỚM
5726891372500682736-655	5726891372500682736.wav	SSL/download/paper_benchmark/fleurs/audio/5726891372500682736.wav	đội nhóm làm việc từ xa phải đáp ứng tiêu chuẩn chất lượng như đội nhóm truyền thống nhưng vẫn có những khác biệt nhỏ	ĐỘI NHÓM LÀM VIỆC TỪ XA PHẢI ĐÁP ỨNG TIÊU CHUẨN CHẤT LƯỢNG NHƯ ĐỘI NHÓM TRUYỀN THỐNG NHƯNG VẪN CÓ NHỮNG KHÁC BIỆT NHỎ	ĐỘI NHÓM LÀM VIỆC TỪ XA PHẢI ĐÁP ỨNG TIÊU CHUẨN CHẤT LƯỢNG NHƯ ĐỘI NHÓM TRUYỀN THỐNG NHƯNG VẪN CÓ NHỮNG KHÁC BIỆT NHỎ
5901299090361769409-663	5901299090361769409.wav	SSL/download/paper_benchmark/fleurs/audio/5901299090361769409.wav	quân đoàn công binh hoa kỳ ước tính 6 inch nước mưa có thể làm vỡ những đoạn đê đã bị hư tổn từ trước	QUÂN ĐOÀN CÔNG BINH HOA KỲ ƯỚC TÍNH SÁU IN NƯỚC MƯA CÓ THỂ LÀM VỠ NHỮNG ĐOẠN ĐÃ BỊ HƯ TỪ TRƯỚC	QUÂN ĐOÀN CÔNG BINH HOA KỲ ƯỚC TÍNH 6 INCH NƯỚC MƯA CÓ THỂ LÀM VỠ NHỮNG ĐOẠN ĐÊ ĐÃ BỊ HƯ TỔN TỪ TRƯỚC
6000558418138210760-671	6000558418138210760.wav	SSL/download/paper_benchmark/fleurs/audio/6000558418138210760.wav	châu âu là lục địa tương đối nhỏ nhưng có nhiều quốc gia độc lập thông thường việc đi qua nhiều quốc gia đồng nghĩa với việc phải xin thị thực và xét hộ chiếu nhiều lần	CHÂU ÂU LÀ LỤC ĐỊA TƯƠNG ĐỐI NHỎ NHƯNG CÓ NHIỀU QUỐC GIA ĐỘC LẬP THÔNG THƯỜNG VIỆC ĐI QUA NHIỀU QUỐC GIA ĐỒNG NGHĨA VỚI VIỆC PHẢI XIN THỊ THỰC VÀ XÉT HỘ CHIẾU NHIỀU LẦN	CHÂU ÂU LÀ LỤC ĐỊA TƯƠNG ĐỐI NHỎ NHƯNG CÓ NHIỀU QUỐC GIA ĐỘC LẬP THÔNG THƯỜNG VIỆC ĐI QUA NHIỀU QUỐC GIA ĐỒNG NGHĨA VỚI VIỆC PHẢI XIN THỊ THỰC VÀ XÉT HỘ CHIẾU NHIỀU LẦN
612761214947287760-679	612761214947287760.wav	SSL/download/paper_benchmark/fleurs/audio/612761214947287760.wav	cẩn thận đừng để vải quá nóng có thể gây co rút hoặc trong trường hợp nghiêm trọng có thể gây cháy	CẨN THẬN ĐỪNG ĐỂ VẨY QUÁ NÓNG CÓ THỂ GÂY CO HOẶC TRONG TRƯỜNG HỢP NGHIÊM TRỌNG CÓ THỂ GÂY CHÁY	CẨN THẬN ĐỪNG ĐỂ VẢI QUÁ NÓNG CÓ THỂ GÂY CO RÚT HOẶC TRONG TRƯỜNG HỢP NGHIÊM TRỌNG CÓ THỂ GÂY CHÁY
625990457484990087-687	625990457484990087.wav	SSL/download/paper_benchmark/fleurs/audio/625990457484990087.wav	một số màn hình truyền hình lớn được lắp đặt tại nhiều nơi ở rome để mọi người có thể xem buổi lễ	MỘT SỐ MÀN HÌNH LỚN ĐƯỢC LẮP ĐẶT TẠI NHIỀU NƠI Ở ROL ĐỂ MỌI NGƯỜI CÓ THỂ XEM BUỔI LỄ	MỘT SỐ MÀN HÌNH TRUYỀN HÌNH LỚN ĐƯỢC LẮP ĐẶT TẠI NHIỀU NƠI Ở ROME ĐỂ MỌI NGƯỜI CÓ THỂ XEM BUỔI LỄ
6410901190182462876-695	6410901190182462876.wav	SSL/download/paper_benchmark/fleurs/audio/6410901190182462876.wav	bầy gồm có một đến ba con đực trưởng thành có họ hàng với nhau cùng với khoảng ba mươi con cái và các con con	BÀY GỒM CÓ MỘT ĐẾN BA CON ĐỰC TRƯỞNG THÀNH CÓ HO HÀNG VỚI NHAU CÙNG VỚI KHOẢNG BA MƯƠI CON CÁI VÀ CÁC CON	BẦY GỒM CÓ MỘT ĐẾN BA CON ĐỰC TRƯỞNG THÀNH CÓ HỌ HÀNG VỚI NHAU CÙNG VỚI KHOẢNG BA MƯƠI CON CÁI VÀ CÁC CON CON
6703249943061143376-703	6703249943061143376.wav	SSL/download/paper_benchmark/fleurs/audio/6703249943061143376.wav	tiếng ý được sử dụng như một ngôn ngữ hàng ngày bởi những người làm việc tại bang trong khi tiếng la tinh được sử dụng trong các nghi lễ tôn giáo	TIẾNG Ý ĐƯỢC SỬ DỤNG NHƯ MỘT NGÔN NGỮ HẰNG NGÀY BỞI NHỮNG NGƯỜI LÀM VIỆC TẠI BANG TRONG KHI TIẾNG LA TINH ĐƯỢC SỬ DỤNG TRONG CÁC NGHI LỄ TÔN GIÁO	TIẾNG Ý ĐƯỢC SỬ DỤNG NHƯ MỘT NGÔN NGỮ HÀNG NGÀY BỞI NHỮNG NGƯỜI LÀM VIỆC TẠI BANG TRONG KHI TIẾNG LA TINH ĐƯỢC SỬ DỤNG TRONG CÁC NGHI LỄ TÔN GIÁO
6861972346185947746-711	6861972346185947746.wav	SSL/download/paper_benchmark/fleurs/audio/6861972346185947746.wav	kể từ năm 1988 các thùng phiếu phải trong suốt để cử tri và các quan sát viên có thể làm chứng rằng không có phong bì nào có sẵn khi bắt đầu bỏ phiếu và không có phong bì nào được bỏ thêm vào ngoại trừ những phong bì của các cử tri hợp lệ và được cho phép	KỂ TỪ NĂM MỘT CHÍN TÁM TÁM CÁC THÙNG PHIẾU PHẢI TRONG SUỐT ĐỂ CỬ TRI VÀ CÁC QUAN SÁT VIÊN CÓ THỂ LÀM CHỨNG RẰNG KHÔNG CÓ PHONG BÌ NÀO CÓ SẴN KHI BẮT ĐẦU BỎ PHIẾU VÀ KHÔNG CÓ PHONG BÌ NÀO ĐƯỢC BỎ THÊM VÀO NGOẠI TRỪ NHỮNG PHONG BÌ CỦA CÁC CỬ TRI HỢP LỆ VÀ ĐƯỢC CHO PHÉP	KỂ TỪ NĂM 1988 CÁC THÙNG PHIẾU PHẢI TRONG SUỐT ĐỂ CỬ TRI VÀ CÁC QUAN SÁT VIÊN CÓ THỂ LÀM CHỨNG RẰNG KHÔNG CÓ PHONG BÌ NÀO CÓ SẴN KHI BẮT ĐẦU BỎ PHIẾU VÀ KHÔNG CÓ PHONG BÌ NÀO ĐƯỢC BỎ THÊM VÀO NGOẠI TRỪ NHỮNG PHONG BÌ CỦA CÁC CỬ TRI HỢP LỆ VÀ ĐƯỢC CHO PHÉP
7104374949124217003-719	7104374949124217003.wav	SSL/download/paper_benchmark/fleurs/audio/7104374949124217003.wav	tuy nhiên điều đó không đúng mặc dù có thứ gì đó được viết ở mặt sau của tài liệu nhưng đó không phải là bản đồ kho báu	TUY NHIÊN ĐIỀU ĐÓ KHÔNG ĐÚNG MẶC DÙ CÓ THỨ GÌ ĐÓ ĐƯỢC VIẾT Ở MẶT SAU CỦA TÀI LIỆU NHƯNG ĐÓ KHÔNG PHẢI LÀ BẢN ĐỒ KHO	TUY NHIÊN ĐIỀU ĐÓ KHÔNG ĐÚNG MẶC DÙ CÓ THỨ GÌ ĐÓ ĐƯỢC VIẾT Ở MẶT SAU CỦA TÀI LIỆU NHƯNG ĐÓ KHÔNG PHẢI LÀ BẢN ĐỒ KHO BÁU
7341520868291118223-727	7341520868291118223.wav	SSL/download/paper_benchmark/fleurs/audio/7341520868291118223.wav	del potro có ưu thế sớm trong set thứ hai tuy nhiên thời gian nghỉ giải lao khá ít sau khi đạt tỷ số 6-6	KEO CÓ ƯU THẾ SỚM TRONG SET THỨ HAI TUY NHIÊN THỜI GIAN NGHỈ GIẢI LAO KHÁ SAU KHI ĐẠT TỶ SỐ SÁU SÁU	DEL POTRO CÓ ƯU THẾ SỚM TRONG SET THỨ HAI TUY NHIÊN THỜI GIAN NGHỈ GIẢI LAO KHÁ ÍT SAU KHI ĐẠT TỶ SỐ 6 6
7516050576665996426-735	7516050576665996426.wav	SSL/download/paper_benchmark/fleurs/audio/7516050576665996426.wav	bất kỳ ai muốn lái xe trên khu vực cao hoặc băng đèo đều cần cân khả năng có tuyết rơi băng hoặc nhiệt độ đóng băng	BẤT KỲ AI MUỐN LÁI XE TRÊN KHU VỰC CAO HOẶC BĂNG ĐÈO ĐỀU CẦN KHẢ NĂNG CÓ TUYẾT RƠI BĂNG HOẶC ĐỘ ĐÓNG BĂNG	BẤT KỲ AI MUỐN LÁI XE TRÊN KHU VỰC CAO HOẶC BĂNG ĐÈO ĐỀU CẦN CÂN KHẢ NĂNG CÓ TUYẾT RƠI BĂNG HOẶC NHIỆT ĐỘ ĐÓNG BĂNG
775272055854840118-743	775272055854840118.wav	SSL/download/paper_benchmark/fleurs/audio/775272055854840118.wav	nó liên quan nhưng thường không bao gồm kiểu dạo chơi hay kiểu leo núi sử dụng ván trượt tuyết kiểu alpes kiểu sau được thực hiện ở địa hình dốc và cần ván trượt và giày cứng hơn nhiều	NÓ LIÊN QUAN NHƯNG THƯỜNG KHÔNG BAO GỒM KIỂU DẠO CHƠI HAY KIỂU LEO NÚI SỬ DỤNG VÁN TRƯỢT TUYẾT KIỂU HONES KIỂU SAU ĐƯỢC THỰC HIỆN Ở ĐỊA HÌNH DỐC VÀ CẦN VÁN TRƯỢT VÀ DÀY CỨNG HƠN NHIỀU	NÓ LIÊN QUAN NHƯNG THƯỜNG KHÔNG BAO GỒM KIỂU DẠO CHƠI HAY KIỂU LEO NÚI SỬ DỤNG VÁN TRƯỢT TUYẾT KIỂU ALPES KIỂU SAU ĐƯỢC THỰC HIỆN Ở ĐỊA HÌNH DỐC VÀ CẦN VÁN TRƯỢT VÀ GIÀY CỨNG HƠN NHIỀU
785953390737220608-751	785953390737220608.wav	SSL/download/paper_benchmark/fleurs/audio/785953390737220608.wav	trung hoa cổ đại có một cách thức độc đáo để trình bày những niên đại khác nhau mỗi một giai đoạn của trung hoa hoặc mỗi một gia tộc từng nắm giữ quyền lực tương ứng với một triều đại khác nhau	TRUNG HOA CỔ ĐẠI CÓ MỘT CÁCH THỨC ĐỘC ĐÁO ĐỂ TRÌNH BÀY NHỮNG NIÊN ĐẠI KHÁC NHAU MỖI MỘT GIAI ĐOẠN CỦA TRUNG HOA HOẶC MỖI MỘT GIA TỘC TỪNG NẮM GIỮ QUYỀN LỰC TƯƠNG ỨNG VỚI MỘT TRIỀU ĐẠI KHÁC NHAU	TRUNG HOA CỔ ĐẠI CÓ MỘT CÁCH THỨC ĐỘC ĐÁO ĐỂ TRÌNH BÀY NHỮNG NIÊN ĐẠI KHÁC NHAU MỖI MỘT GIAI ĐOẠN CỦA TRUNG HOA HOẶC MỖI MỘT GIA TỘC TỪNG NẮM GIỮ QUYỀN LỰC TƯƠNG ỨNG VỚI MỘT TRIỀU ĐẠI KHÁC NHAU
7933565751216072063-759	7933565751216072063.wav	SSL/download/paper_benchmark/fleurs/audio/7933565751216072063.wav	vương quốc ma-rốc đã xây dựng lại thành phố này giống như daru l-badya và nó được đặt tên là casablanca bởi các thương nhân tây ban nha là những người đã lập các cơ sở giao thương ở đó	VƯƠNG QUỐC MA RỐC ĐÃ XÂY DỰNG LẠI THÀNH PHỐ NÀY GIỐNG NHƯRU BADA VÀ NÓ ĐƯỢC ĐẶT TÊN LÀ KASALANK BỞI CÁC THƯƠNG NHÂN TÂY BAN NHA LÀ NHỮNG NGƯỜI ĐÃ LẬP CÁC CƠ SỞ GIAO THƯƠNG Ở ĐÓ	VƯƠNG QUỐC MA RỐC ĐÃ XÂY DỰNG LẠI THÀNH PHỐ NÀY GIỐNG NHƯ DARU L BADYA VÀ NÓ ĐƯỢC ĐẶT TÊN LÀ CASABLANCA BỞI CÁC THƯƠNG NHÂN TÂY BAN NHA LÀ NHỮNG NGƯỜI ĐÃ LẬP CÁC CƠ SỞ GIAO THƯƠNG Ở ĐÓ
8180761900974663168-767	8180761900974663168.wav	SSL/download/paper_benchmark/fleurs/audio/8180761900974663168.wav	trang web tin tức giải trí tmz được biết người phóng viên ảnh đã ngừng xe ở phía bên kia đường sepulveda boulevard và cố gắng chụp ảnh chốt chặn của cảnh sát trước khi băng qua đường và tiếp tục chụp ảnh khiến cho viên cảnh sát tuần tra quốc lộ california đang tiến hành chặn xe phải ra lệnh cho anh trở qua bên kia đường hai lần	TRANG WEB TIN TỨC GIẢI TRÍ TMS ĐƯỢC BIẾT NGƯỜI PHÓNG VIÊN ẢNH ĐÃ NGỪNG XE Ở PHÍA BÊN KIA ĐƯỜNG SEBOO VEDA VÀ CỐ GẮNG CHỤP ẢNH CHỐT CHẶN CỦA CẢNH SÁT TRƯỚC KHI BĂNG QUA ĐƯỜNG VÀ TIẾP TỤC CHỤP ẢNH KHIẾN CHO VIÊN CẢNH SÁT TUẦN TRA QUỐC LỘI FORNI ĐANG TIẾN HÀNH CHẶN XE PHẢI RA LỆNH CHO ANH CHỞ QUA BÊN KIA ĐƯỜNG HAI LẦN	TRANG WEB TIN TỨC GIẢI TRÍ TMZ ĐƯỢC BIẾT NGƯỜI PHÓNG VIÊN ẢNH ĐÃ NGỪNG XE Ở PHÍA BÊN KIA ĐƯỜNG SEPULVEDA BOULEVARD VÀ CỐ GẮNG CHỤP ẢNH CHỐT CHẶN CỦA CẢNH SÁT TRƯỚC KHI BĂNG QUA ĐƯỜNG VÀ TIẾP TỤC CHỤP ẢNH KHIẾN CHO VIÊN CẢNH SÁT TUẦN TRA QUỐC LỘ CALIFORNIA ĐANG TIẾN HÀNH CHẶN XE PHẢI RA LỆNH CHO ANH TRỞ QUA BÊN KIA ĐƯỜNG HAI LẦN
8315353657689673671-775	8315353657689673671.wav	SSL/download/paper_benchmark/fleurs/audio/8315353657689673671.wav	chiều cao tĩnh không dưới cầu là 15 mét việc xây dựng được hoàn thành vào tháng 8 năm 2011 nhưng đến tháng 3 năm 2017 cầu mới được khai thông	CHIỀU CAO DƯỚI CẦU LÀ MƯỜI LĂM MÉT VIỆC XÂY DỰNG ĐƯỢC HOÀN THÀNH VÀO THÁNG TÁM NĂM HAI NGÀN KHÔNG TRĂM MƯỜI MỘT NHƯNG ĐẾN THÁNG BA NĂM HAI NGÀN KHÔNG TRĂM MƯỜI BẢY CẦU MỚI ĐƯỢC KHAI THÔNG	CHIỀU CAO TĨNH KHÔNG DƯỚI CẦU LÀ 15 MÉT VIỆC XÂY DỰNG ĐƯỢC HOÀN THÀNH VÀO THÁNG 8 NĂM 2011 NHƯNG ĐẾN THÁNG 3 NĂM 2017 CẦU MỚI ĐƯỢC KHAI THÔNG
8462249655846650316-783	8462249655846650316.wav	SSL/download/paper_benchmark/fleurs/audio/8462249655846650316.wav	một số màn hình truyền hình lớn được lắp đặt tại nhiều nơi ở rome để mọi người có thể xem buổi lễ	MỘT SỐ MÀN HÌNH LỚN ĐƯỢC LẮP ĐẶT TẠI NHIỀU NƠI Ở RƠM ĐỂ MỌI NGƯỜI CÓ THỂ XEM BUỔI LỄ	MỘT SỐ MÀN HÌNH TRUYỀN HÌNH LỚN ĐƯỢC LẮP ĐẶT TẠI NHIỀU NƠI Ở ROME ĐỂ MỌI NGƯỜI CÓ THỂ XEM BUỔI LỄ
8552333254670677278-791	8552333254670677278.wav	SSL/download/paper_benchmark/fleurs/audio/8552333254670677278.wav	giancarlo fisichella mất kiểm soát chiếc xe của mình và kết thúc cuộc đua rất sớm sau khi bắt đầu	GDP KIỂM SOÁT CHIẾC XE CỦA MÌNH VÀ KẾT THÚC CUỘC ĐUA RẤT SỚM SAU KHI BẮT ĐẦU	GIANCARLO FISICHELLA MẤT KIỂM SOÁT CHIẾC XE CỦA MÌNH VÀ KẾT THÚC CUỘC ĐUA RẤT SỚM SAU KHI BẮT ĐẦU
8724343396949643060-799	8724343396949643060.wav	SSL/download/paper_benchmark/fleurs/audio/8724343396949643060.wav	cuộc tranh luận được khơi mào từ cuộc thảo luận về chi tiêu cho việc giảm nhẹ và tái thiết ngay sao bão katrina việc được một số người bảo thủ về công khố gán cho cái tên hài hước là thỏa thuận new orleans của bush	CUỘC TRANH LUẬN ĐƯỢC KHƠI MÀO TỪ CUỘC THẢO LUẬN VỀ CHI TIÊU CHO VIỆC GIẢM NHẸ VÀ TÁI THIẾT NGAY SAU BÃO NA VIỆC ĐƯỢC MỘT SỐ NGƯỜI BẢO THỦ VỀ CÔNG KHỐN CHO CÁI TÊN HÀI HƯỚC LÀ THỎA THUẬN NEW ORTLAND CỦA BOS	CUỘC TRANH LUẬN ĐƯỢC KHƠI MÀO TỪ CUỘC THẢO LUẬN VỀ CHI TIÊU CHO VIỆC GIẢM NHẸ VÀ TÁI THIẾT NGAY SAO BÃO KATRINA VIỆC ĐƯỢC MỘT SỐ NGƯỜI BẢO THỦ VỀ CÔNG KHỐ GÁN CHO CÁI TÊN HÀI HƯỚC LÀ THỎA THUẬN NEW ORLEANS CỦA BUSH
8934668754883959482-807	8934668754883959482.wav	SSL/download/paper_benchmark/fleurs/audio/8934668754883959482.wav	lớp vỏ có chiều dày khoảng 70 ki lô mét ở phía bên trái và khoảng 100 ki lô mét ở bề mặt che khuất của mặt trăng	LỚP VỎ CÓ CHIỀU DÀI KHOẢNG BẢY MƯƠI KILOMET Ở PHÍA BÊN TRÁI VÀ KHOẢNG MỘT TRĂM KILOMET Ở BỀ MẶT CHE KHUẤT CỦA MẶT TRĂNG	LỚP VỎ CÓ CHIỀU DÀY KHOẢNG 70 KI LÔ MÉT Ở PHÍA BÊN TRÁI VÀ KHOẢNG 100 KI LÔ MÉT Ở BỀ MẶT CHE KHUẤT CỦA MẶT TRĂNG
9057313430064815563-815	9057313430064815563.wav	SSL/download/paper_benchmark/fleurs/audio/9057313430064815563.wav	sư tử là loại mèo có tính xã hội nhất chúng sống theo những nhóm lớn gọi là bầy	SƯ TỬ LÀ LOẠI MÈO CÓ TÍNH XÃ HỘI NHẤT CHÚNG SỐNG THEO NHỮNG NHÓM LỚN GỌI LÀ BẦY	SƯ TỬ LÀ LOẠI MÈO CÓ TÍNH XÃ HỘI NHẤT CHÚNG SỐNG THEO NHỮNG NHÓM LỚN GỌI LÀ BẦY
9140284467382835406-823	9140284467382835406.wav	SSL/download/paper_benchmark/fleurs/audio/9140284467382835406.wav	lớp vỏ có chiều dày khoảng 70 ki lô mét ở phía bên trái và khoảng 100 ki lô mét ở bề mặt che khuất của mặt trăng	LỚP VỎ CÓ CHIỀU DÀI KHOẢNG BẢY MƯƠI KILOMET Ở PHÍA BÊN TRÁI VÀ KHOẢNG MỘT TRĂM KILOMET Ở BỀ MẶT CHE KHUẤT CỦA MẶT TRĂNG	LỚP VỎ CÓ CHIỀU DÀY KHOẢNG 70 KI LÔ MÉT Ở PHÍA BÊN TRÁI VÀ KHOẢNG 100 KI LÔ MÉT Ở BỀ MẶT CHE KHUẤT CỦA MẶT TRĂNG
9306509141157154569-831	9306509141157154569.wav	SSL/download/paper_benchmark/fleurs/audio/9306509141157154569.wav	cuộc tranh luận được khơi mào từ cuộc thảo luận về chi tiêu cho việc giảm nhẹ và tái thiết ngay sao bão katrina việc được một số người bảo thủ về công khố gán cho cái tên hài hước là thỏa thuận new orleans của bush	CUỘC TRANH LUẬN ĐƯỢC KHƠI MÀO TỪ CUỘC THẢO LUẬN VỀ CHI TIÊU CHO VIỆC GIẢM NHẸ VÀ TÁI THIẾT NGAY SAU BÃO NA VIỆC ĐƯỢC MỘT SỐ NGƯỜI BẢO THỦ VỀ CÔNG KHỐN CHO CÁI TÊN HÀI HƯỚC LÀ THỎA THUẬN CỦA BE	CUỘC TRANH LUẬN ĐƯỢC KHƠI MÀO TỪ CUỘC THẢO LUẬN VỀ CHI TIÊU CHO VIỆC GIẢM NHẸ VÀ TÁI THIẾT NGAY SAO BÃO KATRINA VIỆC ĐƯỢC MỘT SỐ NGƯỜI BẢO THỦ VỀ CÔNG KHỐ GÁN CHO CÁI TÊN HÀI HƯỚC LÀ THỎA THUẬN NEW ORLEANS CỦA BUSH
9510725469380859601-839	9510725469380859601.wav	SSL/download/paper_benchmark/fleurs/audio/9510725469380859601.wav	tiếng ý được sử dụng như một ngôn ngữ hàng ngày bởi những người làm việc tại bang trong khi tiếng la tinh được sử dụng trong các nghi lễ tôn giáo	TIẾNG Ý ĐƯỢC SỬ DỤNG NHƯ MỘT NGÔN NGỮ HÀNG NGÀY BỞI NHỮNG NGƯỜI LÀM VIỆC TẠI BANG TRONG KHI TIẾNG LA TINH ĐƯỢC SỬ DỤNG TRONG CÁC NGHI LỄ TÔN GIÁO	TIẾNG Ý ĐƯỢC SỬ DỤNG NHƯ MỘT NGÔN NGỮ HÀNG NGÀY BỞI NHỮNG NGƯỜI LÀM VIỆC TẠI BANG TRONG KHI TIẾNG LA TINH ĐƯỢC SỬ DỤNG TRONG CÁC NGHI LỄ TÔN GIÁO
9780028150779480892-847	9780028150779480892.wav	SSL/download/paper_benchmark/fleurs/audio/9780028150779480892.wav	căn bệnh được truyền trên lợn sau đó di trú sang người thông qua muỗi	CĂN BỆNH ĐƯỢC TRUYỀN TRÊN LỢN SAU ĐÓ DI TRÚ SANG NGƯỜI THÔNG QUA MŨI	CĂN BỆNH ĐƯỢC TRUYỀN TRÊN LỢN SAU ĐÓ DI TRÚ SANG NGƯỜI THÔNG QUA MUỖI
9950252775141773908-855	9950252775141773908.wav	SSL/download/paper_benchmark/fleurs/audio/9950252775141773908.wav	perry tuyên bố ông sẽ quay lại texas để đánh giá kết quả của cuộc họp kín tối nay hầu xác định liệu có con đường nào ở phía trước dành cho tôi trong cuộc đua này hay không nhưng sau đó lại nói ông sẽ tiếp tục cuộc đua và tranh cử trong kỳ bầu cử sơ bộ ngày 21 tháng giêng của bang south carolina	BƠ RI TUYÊN BỐ ÔNG SẼ QUAY LẠI TEXT ĐỂ ĐÁNH GIÁ KẾT QUẢ CỦA CUỘC HỌP KÍN TỐI NAY HỌ XÁC ĐỊNH CÓ CON ĐƯỜNG NÀO Ở PHÍA TRƯỚC DÀNH CHO TÔI TRONG CUỘC ĐUA NÀY HAY KHÔNG NHƯNG SAU ĐÓ LẠI NÓI ÔNG SẼ TIẾP TỤC CUỘC ĐUA VÀO TRANH CỬ TRONG KỲ BẦU CỬ SƠ BỘ NGÀY HAI MƯƠI MỐT THÁNG RIÊNG CỦA BANG SAO CALIFOR	PERRY TUYÊN BỐ ÔNG SẼ QUAY LẠI TEXAS ĐỂ ĐÁNH GIÁ KẾT QUẢ CỦA CUỘC HỌP KÍN TỐI NAY HẦU XÁC ĐỊNH LIỆU CÓ CON ĐƯỜNG NÀO Ở PHÍA TRƯỚC DÀNH CHO TÔI TRONG CUỘC ĐUA NÀY HAY KHÔNG NHƯNG SAU ĐÓ LẠI NÓI ÔNG SẼ TIẾP TỤC CUỘC ĐUA VÀ TRANH CỬ TRONG KỲ BẦU CỬ SƠ BỘ NGÀY 21 THÁNG GIÊNG CỦA BANG SOUTH CAROLINA
